multiple	j	x	y
1.1x	1	9.328238079162496	-94.19550966309781
1.1x	2	6.897270704065297	-94.26943787027587
1.1x	3	4.7625937217989005	-95.40070548978423
1.1x	4	3.630213404750693	-94.07112059082289
1.1x	5	1.7709873679458217	-95.50798645534249
1.1x	6	-0.0688440159933778	-96.50695380447284
1.1x	7	-1.4401288860851615	-95.14073148417835
1.1x	8	-2.571800609771404	-94.82574762929075
1.1x	9	-4.401344352807949	-95.62786867717267
1.1x	10	-5.87234642156734	-94.00995406354721
1.1x	11	-7.865310427592151	-95.06540574725547
1.1x	12	-8.56211447492378	-93.74130108100302
1.1x	13	-10.148630886262424	-95.38684672768892
1.1x	14	-12.332899229377	-95.03434520065085
1.1x	15	-14.543594598903574	-94.28527736843195
1.1x	16	-16.98553984596833	-94.50928580961859
1.1x	17	-19.07608389514053	-93.2433581902801
1.1x	18	-19.81252537610367	-91.47499534650022
1.1x	19	-20.93694248336524	-92.08560714170727
1.1x	20	-22.515619110097663	-93.05688102792276
1.1x	21	-24.31727834520004	-91.62621568160102
1.1x	22	-26.12763357904934	-92.50886159620777
1.1x	23	-27.874239739061533	-91.96925804654104
1.1x	24	-27.70393931711489	-90.55194642104489
1.1x	25	-29.951187847774634	-91.17029839602164
1.1x	26	-31.71264559571038	-90.29178878951122
1.1x	27	-33.862429712849625	-89.6543263663619
1.1x	28	-35.34125987556498	-88.43340576963526
1.1x	29	-36.97708882369455	-89.18842707510338
1.1x	30	-38.66367900555833	-88.66454030069774
1.1x	31	-39.955654697618144	-87.03640026587492
1.1x	32	-40.68884346794773	-88.09545071190651
1.1x	33	-42.51171925210991	-87.06703683367596
1.1x	34	-44.331266218662385	-85.98593416324958
1.1x	35	-45.99662883947886	-84.61841932264167
1.1x	36	-47.81323022952042	-83.07782868643588
1.1x	37	-49.539014835136626	-82.55320100695116
1.1x	38	-50.703519710730404	-81.44453035655226
1.1x	39	-51.95613756241406	-81.50928492031356
1.1x	40	-52.81244601564462	-80.59547146548852
1.1x	41	-54.402915545995	-79.95599276882753
1.1x	42	-55.797000474095924	-78.5746226218298
1.1x	43	-57.669386994044295	-78.10518210329947
1.1x	44	-58.56934855381224	-76.10255369583645
1.1x	45	-60.79870097846365	-75.80821821603858
1.1x	46	-63.09989069191644	-75.48979616366397
1.1x	47	-62.885036839805224	-74.24095814826745
1.1x	48	-63.82546375058668	-72.76459444265103
1.1x	49	-66.35658911097147	-71.45169474675204
1.1x	50	-68.09013840394579	-70.069055462865
1.1x	51	-69.44542692555528	-68.17555958265258
1.1x	52	-71.71615410584421	-66.33829708027224
1.1x	53	-72.31622572310437	-64.14035094648878
1.1x	54	-73.96120052833096	-63.0521453914473
1.1x	55	-74.8451351379543	-61.855230390310986
1.1x	56	-76.22656583152873	-61.20684920993977
1.1x	57	-77.4524489424426	-59.953345893131846
1.1x	58	-78.20452341551028	-58.06034709938478
1.1x	59	-78.90924102219195	-56.67603116302302
1.1x	60	-79.59156144703336	-55.619635923062255
1.1x	61	-81.52860253077714	-54.39279776268501
1.1x	62	-82.01494897033047	-52.29854941198064
1.1x	63	-83.8341826450338	-51.310680781696576
1.1x	64	-83.46445497452574	-50.151365204679735
1.1x	65	-85.20842465992273	-49.04523079511116
1.1x	66	-86.09074490845758	-47.93031350847992
1.1x	67	-86.3383791161148	-46.31089268286543
1.1x	68	-87.99518558092127	-44.223189335177416
1.1x	69	-89.56023674255	-41.72740322252797
1.1x	70	-88.24393657325966	-40.044448817855084
1.1x	71	-89.67376809058341	-39.02614199358718
1.1x	72	-90.99744262803613	-36.831484366237135
1.1x	73	-92.23632466316437	-34.46234085454803
1.1x	74	-92.40343321480643	-32.388675645535116
1.1x	75	-93.10537566662627	-29.922478410009685
1.1x	76	-93.75792398429795	-28.13439575445835
1.1x	77	-95.22878707029062	-26.500997614026442
1.1x	78	-96.02047310572932	-23.705757399657884
1.1x	79	-96.61235601402049	-21.39897659668681
1.1x	80	-97.63976768707387	-20.138779269601176
1.1x	81	-96.43405452766208	-19.216354327002257
1.1x	82	-97.40209150280992	-17.58556398920811
1.1x	83	-98.10266675149089	-16.036452795079757
1.1x	84	-97.03980538499216	-13.727706410283838
1.1x	85	-97.83229597289956	-11.053762162473243
1.1x	86	-98.8207378073174	-8.68895981427418
1.1x	87	-97.95859321323306	-6.9503964702706895
1.1x	88	-99.43794365461179	-5.120894116349084
1.1x	89	-99.03804900428693	-3.3839481707518506
1.1x	90	-97.9165292757488	-2.4848315070255147
1.1x	91	-99.51973889304712	-0.8720427839637236
1.1x	92	-98.90809429862945	1.9145453890716169
1.1x	93	-98.03348357357227	3.9077212430627974
1.1x	94	-96.87309691682806	5.207318093104395
1.1x	95	-98.72382125892436	6.666564560188843
1.1x	96	-98.64186267486151	9.282074701299257
1.1x	97	-98.39676453979747	12.082876664563877
1.1x	98	-96.78593094005218	13.405448012726595
1.1x	99	-97.40808630895141	14.602388591702445
1.1x	100	-97.88383412434057	16.342743401863064
1.1x	101	-97.3699753280412	18.227365270358433
1.1x	102	-97.07045882706234	20.275553401020353
1.1x	103	-95.75320009090422	21.920032084359367
1.1x	104	-96.84472276685717	22.972108760504646
1.1x	105	-96.22005960705424	25.204147301414697
1.1x	106	-96.23662125815449	27.358057168829767
1.1x	107	-94.72431662468941	27.52336139225645
1.1x	108	-94.8785754940034	29.36932795109321
1.1x	109	-94.32084107682935	31.26123548218375
1.1x	110	-93.96593979371869	33.33300544654853
1.1x	111	-93.18390610940745	36.15027964819396
1.1x	112	-92.32477948302181	38.20182349514245
1.1x	113	-91.06951874071407	40.003930501425856
1.1x	114	-89.93834470798417	42.61790281096583
1.1x	115	-88.85617441404074	44.90662533217719
1.1x	116	-88.20168958317241	46.94774199789026
1.1x	117	-87.1718349262236	49.224552189054705
1.1x	118	-84.97580763754605	49.42605123999172
1.1x	119	-84.87362478923967	51.83195165085102
1.1x	120	-84.1398638388638	53.835152850824954
1.1x	121	-83.04621191805707	55.938240012571804
1.1x	122	-82.83556743155582	58.06668126020204
1.1x	123	-81.10477138803509	59.01063359593042
1.1x	124	-79.74559341485792	61.19654418258851
1.1x	125	-78.19467332199706	60.61593180893967
1.1x	126	-77.47674668350093	62.5529085934166
1.1x	127	-75.41207441034342	63.341194355367136
1.1x	128	-75.50360146600357	66.17894428437624
1.1x	129	-73.80054285827802	66.86553796513225
1.1x	130	-73.07987294165473	68.4863308941914
1.1x	131	-71.58512580967032	69.85833744270231
1.1x	132	-70.23861651855444	71.40998319304545
1.1x	133	-68.87154996013206	73.00102623112211
1.1x	134	-67.57601261090038	74.35733731816103
1.1x	135	-65.86696856905375	74.48297219778541
1.1x	136	-64.65791515867204	75.68707956704843
1.1x	137	-63.09183367246228	76.76131319678333
1.1x	138	-62.08500464881883	78.4156878580398
1.1x	139	-60.255688222562085	79.23295311841427
1.1x	140	-58.20103207825602	79.05535747785
1.1x	141	-57.29332761178222	81.00747722148839
1.1x	142	-55.85185567256974	82.51820280085255
1.1x	143	-54.43786892107406	83.77558174077555
1.1x	144	-52.57822172813837	84.2091606855766
1.1x	145	-51.112789075804656	85.85465696219035
1.1x	146	-49.02591577562866	86.67867241157519
1.1x	147	-46.73190646670394	87.94923072921968
1.1x	148	-44.957590990156014	88.73868387076746
1.1x	149	-43.755855078823856	90.14366984601027
1.1x	150	-41.58771006601832	89.75617778728362
1.1x	151	-39.885230379426126	90.52310030201146
1.1x	152	-38.49345487075008	92.60559115747469
1.1x	153	-36.50201003337656	92.91948739507137
1.1x	154	-34.72339799383574	93.82045776335981
1.1x	155	-32.666240417864834	93.26049752891008
1.1x	156	-30.536206630662825	94.85283073938443
1.1x	157	-28.496964664554966	94.69744224980965
1.1x	158	-26.83345567992485	95.93284178391944
1.1x	159	-25.33583112926691	94.50503655963246
1.1x	160	-23.571131937427992	95.45487602159956
1.1x	161	-22.79119894789493	97.05537223696251
1.1x	162	-21.111152067076663	95.80045619772105
1.1x	163	-19.254618672535898	96.88350376659433
1.1x	164	-17.115713609775852	96.77180267159517
1.1x	165	-15.81682441292162	96.47009577744866
1.1x	166	-13.459698610384672	97.1788449221006
1.1x	167	-11.572267201213108	96.05055501367909
1.1x	168	-10.515611298452013	97.70042229936756
1.1x	169	-7.72041508586347	97.58303873138483
1.1x	170	-5.2639193767251005	97.91093280839064
1.1x	171	-4.485345442938195	96.48619896515238
1.1x	172	-2.89719593602699	98.5571261376426
1.1x	173	-0.8468338765645148	97.63994596789
1.1x	174	0.9801559279005974	98.8157856623444
1.1x	175	2.8929237279131677	98.07612341664102
1.1x	176	4.655928688835867	96.96384821503447
1.1x	177	6.144626608352217	98.29031438509155
1.1x	178	8.084903492354895	97.89616180437976
1.1x	179	10.004629835808974	98.01911247566989
1.1x	180	11.807457014635293	97.07923739421209
1.1x	181	13.841425428773812	96.92955634259506
1.1x	182	15.631245968729631	96.68329110859622
1.1x	183	17.100218089532692	96.98144794547343
1.1x	184	19.030878889504027	96.16818632748202
1.1x	185	21.3032070490202	95.59026925305318
1.1x	186	22.869296787956955	94.55149300630171
1.1x	187	25.032861035981593	94.77143735000706
1.1x	188	25.518750392493384	93.18921676253163
1.1x	189	26.617258991237936	92.1303389127266
1.1x	190	28.047379944353292	94.02840111145576
1.1x	191	29.264885106316928	92.01304684954691
1.1x	192	31.199024974157194	92.96404507006478
1.1x	193	32.29507525443941	91.53640446116208
1.1x	194	34.030777023214036	91.66563696586996
1.1x	195	35.02088437793885	90.59406599451206
1.1x	196	36.981882062714995	90.57815208027965
1.1x	197	38.04378094996777	89.05594509168556
1.1x	198	40.28957339277436	89.15539638232188
1.1x	199	42.48287313307648	88.81073499456012
1.1x	200	41.75993555961235	87.41497485970521
1.1x	201	43.55087582294603	86.40705752406579
1.1x	202	45.55059645531659	85.9073116768757
1.1x	203	47.25753882005081	84.86455878277226
1.1x	204	49.19954274595182	84.18650317474585
1.1x	205	51.20846243387397	83.34213477008515
1.1x	206	53.27863975567728	82.04603588299858
1.1x	207	54.31129823825485	80.35577738442088
1.1x	208	56.00795025148996	79.79433340908686
1.1x	209	57.716809691131914	78.38294361481263
1.1x	210	58.46412042448875	75.95083672131932
1.1x	211	59.497445314003045	76.93891461097037
1.1x	212	59.99416883623408	75.00095653303809
1.1x	213	61.08530830725767	75.74602685009945
1.1x	214	62.552753863276216	74.17298740801621
1.1x	215	64.9622726300672	73.12823206559045
1.1x	216	65.6772416928674	70.94354833461595
1.1x	217	67.50236005932436	69.38802814773997
1.1x	218	68.78514937101548	67.81882600717222
1.1x	219	69.51163974790403	65.98344221417813
1.1x	220	71.0561974029104	64.7314371313861
1.1x	221	72.91319903587834	63.11755959422824
1.1x	222	74.31735062901811	61.38732644571319
1.1x	223	75.34234362566615	59.895700982577715
1.1x	224	76.74337360226882	58.47079072381901
1.1x	225	76.66294702661222	56.15986711661908
1.1x	226	78.66818704321327	55.031508774412586
1.1x	227	79.66639092423588	52.48514057120597
1.1x	228	79.87621659939146	50.77426233092553
1.1x	229	81.98725335722614	51.0736904720951
1.1x	230	82.65729609530754	49.15203149107318
1.1x	231	83.16435586720188	46.94954546134256
1.1x	232	84.32875968537446	44.304119149770756
1.1x	233	85.45047115823401	42.11013820395876
1.1x	234	85.77394309919704	39.812242686495814
1.1x	235	86.62599485582241	38.34481621165792
1.1x	236	88.17064956014543	37.9038004099559
1.1x	237	88.00122005639724	35.90048717777065
1.1x	238	89.20738221934592	34.68162085592524
1.1x	239	88.74603468682209	32.994064353074776
1.1x	240	89.85870703884225	31.826345874455484
1.1x	241	90.92065395213888	30.053307139209593
1.1x	242	90.929080038728	27.310854428593228
1.1x	243	89.74193413600209	26.67238160375875
1.1x	244	88.94352661148999	25.525831263325696
1.1x	245	91.31473933565242	24.765199235161806
1.1x	246	92.27284314035884	22.01838803655265
1.1x	247	91.34619782201806	19.980159096041277
1.1x	248	93.11052831589792	18.083073463267485
1.1x	249	92.27661565782905	16.418415198833053
1.1x	250	93.190654723993	14.9877089066975
1.1x	251	93.62256605746786	13.803166365634722
1.1x	252	93.68940947812469	12.650117359304456
1.1x	253	93.60665095731149	11.285795398398145
1.1x	254	93.41817944430565	9.81248560738244
1.1x	255	95.02359221810985	8.885102009183095
1.1x	256	94.31316772496825	6.3714398286794145
1.1x	257	95.15952497322843	4.373406700211448
1.1x	258	94.86936947199214	2.231550236700713
1.1x	259	94.66595007678299	0.2851289662392877
1.1x	260	94.73885118243687	-3.0397045543691927
1.1x	261	94.09459345983343	-5.275313141609777
1.1x	262	93.83145174702042	-7.488551970460113
1.1x	263	94.59787233159705	-8.980565482109805
1.1x	264	93.5223009264826	-10.402507339718651
1.1x	265	94.02227164720632	-11.432257333621122
1.1x	266	93.24808183330613	-12.830614728638313
1.1x	267	92.47667884620796	-14.977103940920227
1.1x	268	93.3755360246057	-17.417433714084524
1.1x	269	92.66288551803771	-19.304618612193895
1.1x	270	91.60229849283992	-20.91912238447648
1.1x	271	91.58941201248939	-22.322917356852738
1.1x	272	91.0532720759711	-23.44836813268453
1.1x	273	90.54950489999817	-24.911653080017818
1.1x	274	90.41077642206156	-27.119789755911565
1.1x	275	89.12825989318806	-29.821043254750684
1.1x	276	86.99856874654485	-29.731396479651025
1.1x	277	86.4518187432556	-31.646181967216382
1.1x	278	87.96027182995317	-32.4474077907145
1.1x	279	87.39587354798678	-34.77946731050513
1.1x	280	85.88699461459498	-35.57371871147833
1.1x	281	86.21408693466955	-37.80433103397851
1.1x	282	84.77774914555563	-39.83097435616572
1.1x	283	83.69631808992912	-42.038794721640436
1.1x	284	82.35049128020967	-44.12570216851715
1.1x	285	81.28995494628333	-46.50998631012329
1.1x	286	80.16568574606922	-48.71678470787472
1.1x	287	79.15574001531182	-50.04560083819404
1.1x	288	78.38682365366526	-51.78466140089952
1.1x	289	77.66086702731758	-53.52076218587124
1.1x	290	75.92673452637095	-55.844785695384886
1.1x	291	74.67623989110601	-57.385234283462715
1.1x	292	73.61683473352609	-59.10203817721942
1.1x	293	72.2804167477525	-60.16803083498198
1.1x	294	71.75641207510344	-61.470880721534236
1.1x	295	70.03090336821556	-63.04621755431134
1.1x	296	67.98515281820397	-64.93912352244983
1.1x	297	66.0020608287807	-66.37964154356689
1.1x	298	64.17782223404268	-67.87265741807667
1.1x	299	62.578938963960866	-69.34040805347833
1.1x	300	62.182285698524744	-71.24707203045563
1.1x	301	61.06982019759327	-72.1658280266265
1.1x	302	59.76175134335674	-73.02554819230845
1.1x	303	57.97198896593669	-74.57219117027226
1.1x	304	55.73860575547719	-75.4190250468368
1.1x	305	56.26186844034867	-76.53571665206654
1.1x	306	53.91444090196953	-77.48301325418751
1.1x	307	51.67962513086883	-78.50446427609964
1.1x	308	50.34008143994601	-80.36620078868162
1.1x	309	47.99926483335958	-80.82542872772937
1.1x	310	45.93738126207849	-82.0692884643959
1.1x	311	44.21641120770011	-83.31981229194372
1.1x	312	42.28226148707109	-84.3415307185419
1.1x	313	40.64155934367626	-85.33702023332394
1.1x	314	38.905296591571165	-86.09055238708471
1.1x	315	37.1741191581137	-85.89311067290899
1.1x	316	35.71534368681203	-87.16697094362311
1.1x	317	34.39286810353321	-88.21596168664838
1.1x	318	32.48989851327877	-88.8200115950589
1.1x	319	30.691735047260742	-89.64088345199632
1.1x	320	28.668198593116713	-89.3213372499851
1.1x	321	27.284103850168297	-90.48019872767682
1.1x	322	25.523477621753266	-91.34541783614816
1.1x	323	22.469627681533805	-92.111528167972
1.1x	324	20.48104479865951	-92.30776858511425
1.1x	325	19.405480559434984	-93.67687633675153
1.1x	326	17.338531187447593	-93.21906004252726
1.1x	327	14.711979796488114	-93.96642403873135
1.1x	328	12.67321765909025	-93.56358656865301
1.1x	329	11.432153107913239	-94.86816749239988
2x	1	-0.18922585994763322	-101.86003466194151
2x	2	-2.1932997403021255	-101.94770521458607
2x	3	-3.8970697234410094	-103.46034479178435
2x	4	-6.69771074981404	-102.34813908145838
2x	5	-9.162248558000197	-101.1528951658385
2x	6	-10.951832259478207	-101.71310880771303
2x	7	-12.446801954806604	-100.8806474837883
2x	8	-13.541014825246226	-102.22343432479549
2x	9	-14.977103940920227	-100.79537927410428
2x	10	-14.85449712313936	-98.10180180039544
2x	11	-16.303528069579123	-98.63060046449105
2x	12	-17.315016850912606	-99.82165059818992
2x	13	-18.022657294596886	-101.35551428470451
2x	14	-20.930346093168854	-100.88753953139839
2x	15	-21.56383942075741	-99.0779006842557
2x	16	-23.59122841546946	-99.11786650569736
2x	17	-26.150460315580013	-98.43383217294891
2x	18	-28.463019836830377	-97.91708531573875
2x	19	-30.711893246672094	-98.12310318691898
2x	20	-32.339980864658884	-97.4541264201181
2x	21	-33.81441542477219	-96.13711000033454
2x	22	-35.08512249297289	-94.6917197501166
2x	23	-36.51410740906626	-94.37988779150531
2x	24	-38.41889874770974	-94.91926414569043
2x	25	-39.75094672185662	-94.17611313478221
2x	26	-41.564910049931264	-93.38694299965255
2x	27	-42.79795319337365	-91.5900174782562
2x	28	-45.142808583432675	-92.38491834686882
2x	29	-47.07761228291348	-90.76735978839599
2x	30	-48.70940971987391	-89.42454935827277
2x	31	-50.33031061206312	-87.6818570465924
2x	32	-51.60356050641662	-86.31376571985959
2x	33	-52.576528060385236	-87.32466251745748
2x	34	-53.16558570492352	-84.72799351664565
2x	35	-55.63376278854562	-84.80799556162954
2x	36	-56.74313091050325	-82.90806349633237
2x	37	-58.19555310934973	-83.29839085133143
2x	38	-59.23162612953054	-81.92287858562767
2x	39	-58.94534279500689	-80.29785786074518
2x	40	-60.217159002385465	-79.66492617702256
2x	41	-62.07702901339954	-79.71837497652227
2x	42	-62.405690947734925	-77.28832867382764
2x	43	-64.27390679565669	-76.37432497192803
2x	44	-66.52225890913958	-74.77585471758603
2x	45	-68.6132521355813	-74.23037822373166
2x	46	-70.46439014062186	-73.72300689764216
2x	47	-71.10400385258609	-72.17240278931406
2x	48	-72.7235528177319	-70.93758017205731
2x	49	-73.01146035776617	-69.01031409297781
2x	50	-73.23692957013229	-66.58713398387563
2x	51	-75.85442794152581	-65.88254648488478
2x	52	-74.59440180055381	-64.2632857724544
2x	53	-77.15725815281688	-63.08944640743883
2x	54	-77.92975378023853	-60.765946489212574
2x	55	-79.43444601624324	-59.91898588291129
2x	56	-80.28005555467297	-57.980124012654535
2x	57	-81.53345597867606	-55.86200154891943
2x	58	-82.06074314073237	-54.200614296656575
2x	59	-83.3020061805737	-52.81755000986898
2x	60	-85.00820294732509	-50.5606777474456
2x	61	-86.08668147863041	-48.81791896135077
2x	62	-86.66145045312803	-46.74861732186816
2x	63	-85.81024126820124	-45.54230246470199
2x	64	-88.12819859742991	-44.96163393898606
2x	65	-89.13275247143763	-42.93706785720865
2x	66	-89.84943086512858	-41.43192682357188
2x	67	-89.50983892538812	-39.0616239463331
2x	68	-89.57412491957326	-36.72683371065478
2x	69	-90.87236918633971	-35.080972126557455
2x	70	-92.99846677276382	-34.225707084527976
2x	71	-93.27463108800416	-31.828567233467517
2x	72	-93.02022702431026	-29.43043480952951
2x	73	-93.5188435081728	-27.728494844883624
2x	74	-93.2993429378444	-25.565409604504076
2x	75	-93.8987593580985	-22.921723000236817
2x	76	-92.47156327830058	-20.976386204335533
2x	77	-93.81538361705486	-20.25066419562468
2x	78	-95.94392180745223	-19.971288318527424
2x	79	-95.82839893914314	-17.82839360331299
2x	80	-95.80426103723929	-16.163110467157683
2x	81	-96.82499976695334	-14.944690644265522
2x	82	-98.285759002859	-13.708663598499205
2x	83	-97.8211684174748	-11.432015381084964
2x	84	-97.16625034375993	-9.920841514397411
2x	85	-97.11152162891372	-7.611342882561979
2x	86	-96.28658727027337	-4.745105617557293
2x	87	-97.29972074658251	-2.680252526681139
2x	88	-97.1367605993525	-0.43497373000950046
2x	89	-96.52385495406205	1.2826470213803396
2x	90	-94.8184366301564	2.39174114537707
2x	91	-95.87341593672836	3.1639787507332047
2x	92	-97.48792741554371	4.171076301850932
2x	93	-96.86284163199088	6.83209048024425
2x	94	-95.66964581508319	7.86802763981398
2x	95	-96.20717832286518	9.422137170085183
2x	96	-95.18281426922798	11.215882636996861
2x	97	-96.30121784114218	11.74920566765766
2x	98	-95.1981609729502	13.777503266632522
2x	99	-96.90817727283036	14.979996204314018
2x	100	-95.85227158937772	17.19905086150386
2x	101	-94.60655098655174	19.370369986084675
2x	102	-93.71764506098835	21.76877003330404
2x	103	-93.75473373013023	24.061352683480667
2x	104	-92.13133466018739	24.142229102696042
2x	105	-91.81606499057862	26.336883975174686
2x	106	-90.59495229830571	27.99068240004616
2x	107	-91.67470700239004	30.45814460788605
2x	108	-91.18292526258993	33.41378707811997
2x	109	-90.19385666752618	35.40612437916288
2x	110	-87.90395597046087	36.14791146741123
2x	111	-86.62090550608285	38.29367565844988
2x	112	-87.83852131375683	39.805257001140276
2x	113	-87.14989482386515	41.662947066894596
2x	114	-85.47351753664249	42.84078384171842
2x	115	-85.64591785908655	45.14994551115906
2x	116	-84.01019154344812	46.5306496458133
2x	117	-82.94660836051675	48.00193145918366
2x	118	-83.19917014879395	49.38579915246953
2x	119	-80.63266130982456	50.00723407888846
2x	120	-79.79869818468944	51.93397073774662
2x	121	-78.41807512306326	53.34821147921806
2x	122	-78.1657644489468	55.53734406884871
2x	123	-76.98618318257994	57.31187582267729
2x	124	-75.27766490117357	59.12670952339651
2x	125	-73.64855314298975	61.0854412143772
2x	126	-70.8994358287477	61.65760636402125
2x	127	-71.96354895423185	62.84641727627165
2x	128	-70.46582709789924	64.36824258713955
2x	129	-68.75019229089347	65.6145422039494
2x	130	-69.59985916426955	67.2671601984905
2x	131	-67.56355924199707	67.84152198136209
2x	132	-65.85990093349405	69.61984334544056
2x	133	-63.9721275343327	70.65080490334951
2x	134	-63.06855783848356	71.84623292161105
2x	135	-61.88686165187181	73.98581919888538
2x	136	-59.778567902607676	75.37386057342
2x	137	-57.53607114661943	76.49393951415603
2x	138	-56.2104504244588	78.76184128644121
2x	139	-53.2881319761277	80.31236991917724
2x	140	-51.21437348482918	81.15868678137505
2x	141	-50.698085286286755	83.36373131397805
2x	142	-48.51996796927406	81.71775283848703
2x	143	-46.99564735473033	83.207343936646
2x	144	-46.78295469549325	85.64599416436126
2x	145	-45.31983920532848	84.78133004309083
2x	146	-43.68369456788752	84.1391557517806
2x	147	-42.67799422236177	86.07090707234715
2x	148	-41.73536077260616	88.557891492316
2x	149	-40.76851843810562	87.76183042487827
2x	150	-38.699895069303004	88.11715444452831
2x	151	-36.60906020311569	88.87717468657328
2x	152	-34.2990302245342	89.39927720687747
2x	153	-32.15919105901585	90.68258848790063
2x	154	-30.285592636791677	91.1244348278356
2x	155	-28.17808270438763	91.47402753635555
2x	156	-26.939291095964823	90.98364351278688
2x	157	-25.451229231342634	91.73364260765666
2x	158	-24.78523654582107	93.43646789768465
2x	159	-22.251230210061372	93.0057175342326
2x	160	-20.302214537290734	93.20676066132317
2x	161	-18.3119765581025	93.79772803328548
2x	162	-16.852703120833063	94.82050119801825
2x	163	-15.380376195691747	96.17637792315075
2x	164	-13.19426458058894	96.22005960705422
2x	165	-10.766483500144528	95.4699167584973
2x	166	-8.275260641788567	95.94627821476091
2x	167	-5.783858607948055	97.3080541642273
2x	168	-3.541507662300072	97.7692454032146
2x	169	-2.239897317202323	97.26681793366214
2x	170	-1.007534351945849	95.87853150463576
2x	171	0.9472723130873093	96.82580381772304
2x	172	3.551056722393908	97.08410034148211
2x	173	6.215509740242427	96.41235048904791
2x	174	8.453958567741337	97.11765718001942
2x	175	10.445891290625722	97.15594783689963
2x	176	12.227986626678174	96.79399574406622
2x	177	13.204999935289711	95.11421534220727
2x	178	14.842439336804405	93.82522962009759
2x	179	16.558786382212375	95.31203351456917
2x	180	18.738503694886877	95.00412629255521
2x	181	18.76182116720902	96.50227388925322
2x	182	20.635707331063116	94.58563902614189
2x	183	22.27318266886404	95.07282955921865
2x	184	23.68241505302413	95.16309801791814
2x	185	24.49333914068005	93.63450238258515
2x	186	26.21933175264027	93.46590179030343
2x	187	27.508852742811538	94.21858655832456
2x	188	29.05822160495109	93.13190690583797
2x	189	31.442185091674613	92.91857683991195
2x	190	32.27950560043433	91.4305996300778
2x	191	34.05881168154872	91.2726020500013
2x	192	36.14208209933069	90.11328647298447
2x	193	38.38722157720617	90.60267580279337
2x	194	39.55180903114982	89.05214717005734
2x	195	42.23351348034929	89.05986800820281
2x	196	43.66859782941531	87.0176005538152
2x	197	46.247291666941955	87.20174132322079
2x	198	47.765510837826405	85.17693783669411
2x	199	49.737289495466655	83.93027006222798
2x	200	49.99417872329141	82.30879489707606
2x	201	51.824539577995935	81.88841244685149
2x	202	53.87971898479799	82.97706924214725
2x	203	56.0206099902507	81.71228383134239
2x	204	56.59171859541915	79.13914561209997
2x	205	57.98332524876432	78.16168285954387
2x	206	59.664589195148615	78.94283938003794
2x	207	59.85828319818828	77.28436296342302
2x	208	61.807668725612864	76.31236964554495
2x	209	63.330560174808106	74.16396885126095
2x	210	65.24196370359022	72.70614567693585
2x	211	67.06275063085688	71.32401869772958
2x	212	68.80694613862096	69.82887920443207
2x	213	70.07248773093465	67.95713801624606
2x	214	71.05406466246664	66.15286914195283
2x	215	72.87771045662171	65.33777260653164
2x	216	73.86577774742169	63.88939721439032
2x	217	74.15981038960717	62.01479210413695
2x	218	75.62399205413705	62.00956005270984
2x	219	76.80309033469385	62.821117818802136
2x	220	77.90322163300412	61.30377216989218
2x	221	77.83080792729257	59.013607763318454
2x	222	79.49500236941871	57.24286208813257
2x	223	81.09837692815081	55.35619977207424
2x	224	82.42970347605431	54.01272375039065
2x	225	81.8056041913503	52.424339915139775
2x	226	83.21205884027697	51.553877056852265
2x	227	83.83962155544104	49.65725201790224
2x	228	84.79978543807984	47.594260047485434
2x	229	87.02961148096448	46.654618761569495
2x	230	86.48079973601922	44.44591812720715
2x	231	87.15090760296603	43.57203567201761
2x	232	88.33859365454573	42.2507235458703
2x	233	87.47237454078396	40.04338668723023
2x	234	89.15562592703567	39.781476168791215
2x	235	89.85602725532495	38.39099094303268
2x	236	89.94856518636585	36.83669294447016
2x	237	91.97860855267743	37.321090720139104
2x	238	91.35900476704352	35.453598399515755
2x	239	91.39873687023112	33.53418723817242
2x	240	92.17278646078941	32.12887727685815
2x	241	93.11427754622324	30.6539749418416
2x	242	92.84477404872209	28.42074117265443
2x	243	94.14006350771425	27.09584305899511
2x	244	95.98537139830856	26.749011071656547
2x	245	95.60726625299763	23.807818002950732
2x	246	96.80856087382126	21.370763023664757
2x	247	96.20738273699561	18.76636700470301
2x	248	98.24508349333152	16.801781876129553
2x	249	98.66869642016766	14.11313903150849
2x	250	97.91566432465333	12.161125906999448
2x	251	98.50452303043964	9.775850271060902
2x	252	96.82491156750666	10.402507339718651
2x	253	95.88479807532237	8.817064956014532
2x	254	97.05732426081359	7.794258999899905
2x	255	98.42972205970463	7.684208233007703
2x	256	99.28871183175005	6.607588719288936
2x	257	99.44894836411017	4.5455563955808485
2x	258	98.55036937009474	3.224435462366244
2x	259	99.44072879713919	1.3257278430270631
2x	260	99.21166964279374	-1.832548508885643
2x	261	99.08367352513059	-3.704796589904612
2x	262	99.10046589666145	-6.16263731909281
2x	263	99.34324880868131	-8.851182951974804
2x	264	99.9607546947491	-10.850119531617057
2x	265	99.19981396852184	-12.424900606750494
2x	266	97.73431594655557	-13.661124096738952
2x	267	98.70590038645072	-15.906308347026728
2x	268	98.9334847143423	-18.32188604488097
2x	269	99.20503611076063	-20.85723610182546
2x	270	98.30996093102785	-22.925622199775137
2x	271	97.9663307511006	-25.302667311449255
2x	272	97.24225664928619	-27.599767752454916
2x	273	96.8589721842066	-29.88123009662967
2x	274	96.63678655771167	-31.740180527515044
2x	275	95.46314739055406	-32.81176411491979
2x	276	95.00121160851492	-34.736590774228546
2x	277	94.24630844208532	-36.34902466618978
2x	278	94.64749850753923	-38.17594862263012
2x	279	94.13899188272318	-39.74515832323046
2x	280	92.9934515101095	-42.3349855755571
2x	281	90.99204696006774	-43.472713473298676
2x	282	91.46300939009349	-45.95806532756145
2x	283	89.78443524062462	-47.99733214124855
2x	284	90.7741248362963	-49.61984607280912
2x	285	88.46418892388513	-50.24470412595877
2x	286	88.24248585825985	-52.32433680104736
2x	287	87.01206265413869	-52.33898131110334
2x	288	86.2386791506027	-54.68982902596509
2x	289	84.83408277751163	-56.97382656411291
2x	290	83.42058897971968	-58.20390853693183
2x	291	82.13041266189494	-59.632686653471495
2x	292	81.78814731586623	-61.96071766353504
2x	293	80.65148503173366	-63.63234340156662
2x	294	79.61023854862403	-65.95600079329888
2x	295	77.45811188119612	-67.4513879532613
2x	296	76.40598764487072	-69.4665851582607
2x	297	74.87228047075624	-70.78753552181533
2x	298	73.3286115116932	-72.81755137803056
2x	299	70.99084602289321	-74.28706220403299
2x	300	69.46145463255239	-75.56787962380625
2x	301	68.53957245599364	-76.55242750723075
2x	302	67.43011698487437	-77.91072940851268
2x	303	65.13133888357793	-78.4750348203052
2x	304	63.96079814100102	-80.8276212867403
2x	305	61.193480525808404	-80.71175935760179
2x	306	60.73296453823058	-83.05514896283928
2x	307	59.17326284433017	-82.43626972739818
2x	308	57.258292102313774	-84.00655874884721
2x	309	58.30453694737717	-86.39693759624893
2x	310	54.964787777603114	-87.46430646917689
2x	311	52.564591735267946	-87.75287818104027
2x	312	50.84962554823168	-88.92982918922425
2x	313	49.193607196303304	-89.82974983208358
2x	314	47.00736604699135	-90.83697431356342
2x	315	45.25760567575144	-91.513540888468
2x	316	43.801168212733096	-92.95269125993717
2x	317	41.69578243142778	-94.01395187578744
2x	318	39.434136759368535	-94.82714020055442
2x	319	37.86148071181278	-94.61002568080735
2x	320	36.47144139588106	-94.80673182858665
2x	321	35.6024769273423	-96.5748171364777
2x	322	33.69235352618147	-97.41792821677328
2x	323	31.555845688487803	-97.98475032760493
2x	324	29.32322904029541	-97.63317129687746
2x	325	26.997021107212483	-98.68976270884218
2x	326	24.69320318915562	-99.16046573397821
2x	327	21.978572462559985	-100.71455171124708
2x	328	19.765102679016064	-99.78751667885761
2x	329	19.54831320661554	-100.96630943503544
2x	330	17.648941806379174	-100.86574516273278
2x	331	14.706260631585097	-100.78557499141341
2x	332	12.745065400010175	-100.55909011926492
2x	333	11.606671903021766	-101.54547738826233
2x	334	9.036535751857944	-101.62124504617803
2x	335	7.229222609068767	-102.77975913734323
2x	336	5.826681999166768	-101.77156542871923
2x	337	3.722681721377662	-103.05290810689044
5x	1	16.95700154432809	-100.2346449656837
5x	2	14.597423481674653	-100.28724829354557
5x	3	13.046595874571342	-98.72476748099098
5x	4	11.11816787609881	-99.59851317597222
5x	5	10.006004321731556	-100.88267304199002
5x	6	8.278469696478687	-101.88124658335738
5x	7	5.723467893740794	-101.80361949872731
5x	8	3.2555598932707532	-102.01977077748171
5x	9	0.7290404770581836	-103.15834488814158
5x	10	-1.9558296932318275	-102.60355130986288
5x	11	-3.4162917613922494	-101.72463551288807
5x	12	-3.9916156312684454	-100.70948781574278
5x	13	-5.872008828533747	-101.09603183923808
5x	14	-7.192405968658964	-101.90252526141028
5x	15	-9.328238079162496	-101.40743729896472
5x	16	-11.447578512680202	-100.40588780373854
5x	17	-12.774978044721514	-101.96504861092286
5x	18	-15.291979776653182	-102.16057520525419
5x	19	-16.677575071294914	-100.09306582401534
5x	20	-17.97920907116996	-101.37306068262693
5x	21	-19.939922238314644	-100.98349396638427
5x	22	-21.540935031861025	-98.9121944421379
5x	23	-23.16381615838495	-97.61710316691189
5x	24	-25.38352788731799	-96.86159978109261
5x	25	-26.82568195932631	-98.2963172581406
5x	26	-28.509415195768415	-96.98910708742366
5x	27	-30.650493513682413	-96.94484321511372
5x	28	-33.296378914681796	-95.80637099369942
5x	29	-34.42815955989398	-94.95943447060439
5x	30	-35.77605419711246	-96.03216356017766
5x	31	-36.8126213554836	-94.43025739040452
5x	32	-38.51717350388635	-93.65490964810826
5x	33	-39.60104052111888	-92.09278556633276
5x	34	-41.93879727025735	-92.92506949409228
5x	35	-43.89491743998057	-92.40781543206975
5x	36	-45.85906997074912	-90.75522786038997
5x	37	-47.688602924854784	-89.39504106352288
5x	38	-49.32273174235461	-88.04049770742421
5x	39	-49.95902968899171	-86.4256506458831
5x	40	-52.101232776003286	-85.80188584061915
5x	41	-53.82287934138232	-84.20480553992569
5x	42	-55.4766147895997	-83.23855023780796
5x	43	-57.58142918206512	-82.25500683201628
5x	44	-57.937779279689096	-80.73209682388675
5x	45	-59.9234555333287	-81.76621431846323
5x	46	-62.218770314920995	-80.37054261309794
5x	47	-63.50070706375274	-78.13681189848128
5x	48	-64.58596316901911	-76.07169201313187
5x	49	-66.59540195201615	-76.1681836033601
5x	50	-68.16757428886001	-74.44141056463933
5x	51	-68.25548791820215	-72.70057539188112
5x	52	-69.29209999822696	-72.51028726694676
5x	53	-70.66519323288075	-73.45924821633609
5x	54	-73.19476242906727	-72.02905860037964
5x	55	-73.97278006112137	-69.97852239741589
5x	56	-75.23394103477484	-69.12779455777373
5x	57	-75.27404708716895	-66.39556973842593
5x	58	-76.95348803117172	-65.2542826032305
5x	59	-77.6152378956743	-63.442761630910624
5x	60	-79.23224100810899	-61.38390831624779
5x	61	-80.25767984773076	-62.72837257264079
5x	62	-80.38023229441727	-59.911472627430456
5x	63	-82.06422456889159	-58.643496865834706
5x	64	-83.0650790125973	-56.59185007342989
5x	65	-84.76581282043834	-55.589455458741305
5x	66	-85.93009371302651	-54.067150038454734
5x	67	-86.0574797400979	-52.14403195234439
5x	68	-87.22183780126223	-50.11314794964751
5x	69	-89.03350813929727	-49.467344912044865
5x	70	-88.2493833969768	-48.23973978267429
5x	71	-90.32062486113296	-47.6708089587077
5x	72	-91.98945975732948	-46.00802260436353
5x	73	-93.29670438176584	-44.49981366977064
5x	74	-93.87322888493097	-42.47997681889361
5x	75	-94.03274159331657	-40.67194271670209
5x	76	-93.2074057494821	-38.748295412004225
5x	77	-94.96121222115379	-36.83143588213127
5x	78	-95.48187823919966	-34.215475948713156
5x	79	-97.75558802656874	-33.900690072364135
5x	80	-97.11350445945396	-32.48529106646786
5x	81	-96.96807926134204	-30.458875707799493
5x	82	-97.89911844308831	-28.544993693297904
5x	83	-97.34018877127124	-26.412374683400806
5x	84	-99.15385911682027	-25.328086143882583
5x	85	-100.80544863554937	-23.888167457233422
5x	86	-101.71625735386677	-21.153828614039558
5x	87	-103.22417509480442	-19.123739617184793
5x	88	-103.32083021526638	-16.991358804463008
5x	89	-103.49076579127832	-15.085944379160797
5x	90	-103.20169360317799	-13.134414864348123
5x	91	-102.22388193698738	-11.29415082598024
5x	92	-103.41535300606006	-9.29484862917224
5x	93	-103.43852238092288	-6.462087691998712
5x	94	-104.37649285137498	-4.740476413493325
5x	95	-103.03477870558933	-3.5498799016076923
5x	96	-104.87049075163024	-1.8845287119271208
5x	97	-105.37637391251032	-0.16634896731641213
5x	98	-105.36973076823857	2.32606606840758
5x	99	-104.0983804505012	4.083912292724292
5x	100	-102.42825834816232	4.739384200737498
5x	101	-102.61957111462557	6.523201676599245
5x	102	-104.01003362753873	7.710388572764955
5x	103	-104.90721373229704	8.990118715743883
5x	104	-103.28575887798355	11.233356037489596
5x	105	-104.41474015624279	12.991170721519405
5x	106	-102.63528727603	14.374120583745102
5x	107	-104.08180235287554	16.44480075961863
5x	108	-102.77175925987102	18.957629641034256
5x	109	-103.12226236606942	21.367943910604424
5x	110	-102.47514158070635	23.850568033113962
5x	111	-101.93024833910205	26.114689969112007
5x	112	-102.55748297187836	27.702285383502602
5x	113	-101.65652210378519	29.423142569418637
5x	114	-101.13234350928573	31.298488367832082
5x	115	-101.27852498769798	33.932585043433384
5x	116	-100.54165585045725	35.954200640798476
5x	117	-98.74772565470447	37.04438500151101
5x	118	-98.57885378230642	38.4425627209318
5x	119	-99.07216160268416	39.488679133862824
5x	120	-98.0602264844072	40.635229474295876
5x	121	-96.82333754661207	42.14991852571821
5x	122	-97.40985350513762	43.75433591017257
5x	123	-97.19978229612352	45.8888672501022
5x	124	-95.2046183291612	47.229396843395726
5x	125	-95.70566058914397	49.93808571269175
5x	126	-94.12157076028794	51.51121104366706
5x	127	-92.55155215830736	53.45726608597149
5x	128	-91.89766592272179	55.51756776057729
5x	129	-90.54124739792147	54.806510165681956
5x	130	-89.69855343118189	56.378627402405066
5x	131	-89.06640054652092	57.994039855899004
5x	132	-87.2619968105917	58.399216656663484
5x	133	-87.65486258825021	60.583277222235424
5x	134	-86.60095002475151	62.50063622329932
5x	135	-85.17836205730468	64.80574075524123
5x	136	-83.91690137809663	66.83172305821174
5x	137	-83.03775847959423	68.80694613862096
5x	138	-80.93568481680217	69.58901416030584
5x	139	-79.70284676530812	71.25646136395656
5x	140	-77.64789180995463	72.00797819203488
5x	141	-77.3729304957933	74.18449933046267
5x	142	-76.33562614944249	75.84309568144482
5x	143	-74.11195778214329	76.98019800458991
5x	144	-73.96574884576476	79.08007911577802
5x	145	-71.80215450068003	80.0612822394642
5x	146	-69.99429637397249	80.97508725424198
5x	147	-68.0688833688685	81.6789465192724
5x	148	-67.09339861317649	82.95912282358681
5x	149	-66.55893824153125	84.86926097145485
5x	150	-64.67679401226742	86.0294105609318
5x	151	-62.76989804104582	87.1657332247437
5x	152	-60.36909339253201	86.94612777463311
5x	153	-59.857957662048726	89.41989449571643
5x	154	-57.62984956977453	90.03110193939001
5x	155	-57.47698633728884	92.1394776616445
5x	156	-54.78574290084374	92.23397356882305
5x	157	-53.10970022207928	93.90199347168902
5x	158	-51.53399857343643	93.24657181627322
5x	159	-49.74728744300081	93.74789747119942
5x	160	-48.96717040672814	95.5717501337108
5x	161	-48.39102002718608	98.02600110111071
5x	162	-46.72829330883062	99.59443855500092
5x	163	-45.00717031001926	98.63142501326561
5x	164	-43.997753471760284	97.80027984851955
5x	165	-42.979722666083674	99.50419025901276
5x	166	-41.54186666017849	101.16883644214647
5x	167	-39.01696562649772	100.4509672193937
5x	168	-38.62247821759928	102.22088397626024
5x	169	-37.287428898048184	103.08375448128784
5x	170	-36.095447154686404	102.10332505330273
5x	171	-34.25612397478826	103.11388014600307
5x	172	-32.14136392539104	102.48177677319799
5x	173	-30.75058457325969	104.59689797233672
5x	174	-28.5167332998582	104.46245445327007
5x	175	-26.61930243820094	104.52094986021136
5x	176	-26.798135008782324	106.05316354666067
5x	177	-24.690288505115355	105.49530728903737
5x	178	-23.340975838133144	106.48103578116009
5x	179	-21.717515323272274	106.32281598226496
5x	180	-20.564298789571943	107.47666074360299
5x	181	-18.327630401343665	107.42991013689361
5x	182	-16.19639955165146	106.7859453968158
5x	183	-14.475778285994027	108.2679103738046
5x	184	-13.105488162529072	109.68169787027045
5x	185	-11.343520249375196	109.61567629494961
5x	186	-10.466401785934735	108.00373141348805
5x	187	-8.998795505925285	108.7124682707465
5x	188	-7.763453420390176	110.08591138575186
5x	189	-4.748380881066466	109.81486788101203
5x	190	-2.1807665989289817	110.05490696893779
5x	191	-1.2346477565469842	108.9769975524948
5x	192	0.8813628449508965	109.68924470808655
5x	193	2.511641531180258	110.17132592658173
5x	194	4.901597653392062	109.0725112411026
5x	195	7.950711558595205	109.15582814682185
5x	196	10.055435732462058	109.60714174723016
5x	197	11.312522387247745	110.6785367087614
5x	198	13.318111806526293	109.38266151470046
5x	199	15.92916968017014	108.84655778326895
5x	200	17.646663053402236	107.69728381952096
5x	201	19.394025537749854	107.02898437791367
5x	202	21.787089190020342	106.92266085793531
5x	203	24.08869771920392	107.63233935967824
5x	204	26.277819745714996	106.71969879241485
5x	205	28.18414268483179	107.89877816928934
5x	206	30.074090103670642	106.32644877686583
5x	207	32.11522528830264	107.05581485651307
5x	208	33.571983317016844	105.62445188585032
5x	209	34.880112233653186	104.3099175193037
5x	210	36.906803148843274	103.39313921637167
5x	211	38.4377520202027	101.56579254552076
5x	212	39.77262353869696	101.33163037378586
5x	213	41.29043425385916	100.96072033145015
5x	214	43.39191511062316	101.66920609849345
5x	215	44.46042379688359	99.51314250285071
5x	216	46.02897243011925	98.61156491374959
5x	217	47.53641477960932	100.5008734063065
5x	218	48.90350904828482	98.4781476023579
5x	219	50.97262469817202	97.61284728383993
5x	220	51.824539577995935	95.56520297030688
5x	221	53.99635393308694	95.63861136977825
5x	222	54.72805066277685	94.11344742791641
5x	223	53.86526194505966	93.2084274729636
5x	224	55.39847425686466	92.34537926991779
5x	225	57.71127934744821	92.11858909268926
5x	226	58.68402426030347	90.07472296106705
5x	227	60.70113695553297	89.59629439134181
5x	228	62.26750199429883	91.16353199058305
5x	229	64.67589252757325	88.63209703797521
5x	230	66.78617050487522	89.46032528045716
5x	231	66.6345349672741	87.19724224683037
5x	232	66.73509586560739	84.92256951489905
5x	233	69.3953074975274	84.93640280023959
5x	234	70.90694360425626	83.45122554752074
5x	235	72.69626291312906	84.73885982823798
5x	236	72.83621775879908	82.23074053701721
5x	237	74.50256260708805	80.27128906689858
5x	238	76.13223745172026	78.43767582536113
5x	239	77.23245150044517	76.03169569792033
5x	240	79.73337988000428	74.84750935781369
5x	241	79.58133849285453	72.89562668494528
5x	242	81.6866561167032	71.88682940127627
5x	243	83.09472730401767	70.28880579509399
5x	244	84.22629092513681	69.53028744072876
5x	245	85.39311261429471	68.05110130503992
5x	246	87.0082006977853	66.36298357085573
5x	247	86.50228863967547	64.3785695201062
5x	248	88.59165719641268	62.879299838472434
5x	249	90.52437351002398	61.38732644571319
5x	250	91.68744902945272	59.74799155410453
5x	251	91.90607060853577	58.050241325313145
5x	252	93.09566256300462	57.092295630651606
5x	253	91.67116942216374	55.106740203191535
5x	254	92.77866787167545	53.31180568761032
5x	255	94.30666669075259	51.54254389709995
5x	256	96.31596271334588	51.073779834956945
5x	257	97.29175123878119	49.428116511990964
5x	258	97.8531407168961	47.561992619146366
5x	259	99.71274438397874	45.787743149926264
5x	260	100.03658546608247	44.02081596418148
5x	261	100.80549429362358	42.39283704136184
5x	262	101.75771418513393	40.84664711160063
5x	263	100.84456172408586	39.48302812003919
5x	264	102.07449294404057	37.89421772641104
5x	265	100.64112522643467	35.92068926793397
5x	266	99.89564746683659	33.70112884820445
5x	267	101.04804540088773	31.36703472754156
5x	268	102.02290406282502	29.123887265868937
5x	269	104.27573622464962	27.93362094338792
5x	270	104.48236369053137	25.23903685712916
5x	271	104.94526982958395	22.8334046648295
5x	272	103.418631072679	21.116321739351154
5x	273	104.93581500363581	19.580108995900957
5x	274	106.92162162564904	17.967650729681377
5x	275	105.55053574717621	15.63061774109189
5x	276	104.43631709849316	13.762955870395837
5x	277	105.80777246115917	12.1870770218067
5x	278	106.93520768675809	10.585919164691656
5x	279	106.70535363060222	8.243182982656993
5x	280	105.82606864382208	6.549854018984439
5x	281	108.34482945713394	4.022302838024535
5x	282	106.48404042997596	3.461618342641816
5x	283	106.62017090503977	1.349155806639625
5x	284	107.27904824999455	-0.6080894518086453
5x	285	105.32592703626224	-1.8756494330859546
5x	286	106.51521069632653	-3.2256348060383093
5x	287	105.15305612077047	-4.778661851764478
5x	288	106.26515176374056	-6.052977713880074
5x	289	106.40915540061336	-8.628371549785376
5x	290	104.82199200902676	-9.759297065473724
5x	291	103.70692442386797	-11.111111871200881
5x	292	104.64261545393653	-12.790640459548907
5x	293	106.722019744521	-13.675049809375787
5x	294	106.29106535745294	-15.811811156372361
5x	295	104.4303658909418	-16.343541886733686
5x	296	104.33143907519695	-18.84148919764301
5x	297	103.21148133855627	-20.4035293032464
5x	298	103.83909775100422	-22.628384601789847
5x	299	102.07348424050954	-24.048114213805125
5x	300	102.87886064978709	-26.6181135236043
5x	301	102.77984515753111	-29.109231576360003
5x	302	101.28690064633959	-30.285592636791677
5x	303	99.66796366098966	-31.53436668633822
5x	304	100.30851493614709	-33.579178002076056
5x	305	99.76617007396915	-35.02421827882994
5x	306	98.11521519584497	-35.502533158956375
5x	307	96.90242542698505	-37.38912225574597
5x	308	97.47203090779405	-40.106052394096004
5x	309	97.63317129687746	-41.88662282366148
5x	310	95.71799463760883	-43.904016695601506
5x	311	93.93589459179674	-44.68587113753641
5x	312	92.34418563740608	-44.71407070562599
5x	313	92.42919303106743	-46.585141564827
5x	314	93.83145174702042	-47.78469034204897
5x	315	92.14517454408684	-48.620992684584955
5x	316	91.40346279080927	-50.07358600380516
5x	317	91.04371290034747	-51.85534136611639
5x	318	92.44202499909326	-53.132433524517104
5x	319	90.1702552974079	-54.46219614880082
5x	320	88.12365027999611	-55.98397587121175
5x	321	87.72697635553575	-57.51709238968293
5x	322	86.33438636820462	-58.84151893922662
5x	323	84.95570890184979	-60.8844816221357
5x	324	84.25296243781266	-63.54302676189586
5x	325	82.99831852422415	-63.98650714894596
5x	326	82.0663669862203	-65.26553029420639
5x	327	79.9228784488115	-66.89162504672343
5x	328	77.58014509982947	-67.37004795865643
5x	329	76.3825338130613	-69.04716468160643
5x	330	76.90207001528185	-71.84382270211621
5x	331	74.29874081303979	-72.72260333732484
5x	332	72.28141144151226	-75.36595679057208
5x	333	70.68370371860108	-76.0825953870371
5x	334	69.50807549659746	-77.16963930992613
5x	335	67.89236555193128	-78.53876104810051
5x	336	66.20223240976526	-80.38102973713454
5x	337	63.7177311567944	-80.48555514542448
5x	338	64.15401740383717	-82.12732545427727
5x	339	62.29345386081116	-83.15832831994113
5x	340	60.924992786170144	-84.7769533905478
5x	341	59.336989487515034	-84.49673972881126
5x	342	57.235531532059085	-85.07445208418542
5x	343	56.82455689341304	-87.25008150013132
5x	344	55.11089361510438	-88.12031153331883
5x	345	53.59515298179167	-86.30910944442682
5x	346	51.946121761402175	-87.26815626041184
5x	347	50.78465212348417	-89.70641347768203
5x	348	49.00084153280526	-89.6942680151357
5x	349	48.1420077451189	-91.48455958792967
5x	350	46.07258727204342	-91.07795856655459
5x	351	45.67076716377684	-92.41938448564498
5x	352	43.46381191123231	-93.85826394000779
5x	353	41.5287333067244	-94.77426012959562
5x	354	39.80785006487265	-93.44969514197608
5x	355	38.867929943293404	-94.74295293779537
5x	356	36.63128435832129	-94.43267925347179
5x	357	34.24013130879149	-93.8609012048918
5x	358	32.74730795928642	-94.99046891590936
5x	359	31.87023333012003	-96.99106241008843
5x	360	29.061436167588315	-97.3928096815019
5x	361	27.70492677673823	-99.18728082714868
5x	362	25.067953831826422	-99.75210773169887
5x	363	23.475537879717262	-98.4661431542933
5x	364	21.10359834156248	-99.55369090141093
5x	365	19.219154524354078	-100.570939634745
10x	1	7.8000373957635265	-115.78656645834727
10x	2	5.790311314397616	-114.79939726430877
10x	3	2.855669523625313	-116.85065473571512
10x	4	0.48111091077594	-116.12292394630613
10x	5	-0.48342116725026846	-114.22807358851617
10x	6	-1.9952761066062854	-113.7758573855011
10x	7	-3.5474239277930075	-114.53111538303123
10x	8	-4.828677558130079	-117.64517994034061
10x	9	-4.807926360808183	-115.55823008631319
10x	10	-6.632010703457927	-115.5621598506855
10x	11	-8.783283097945516	-114.51401619465106
10x	12	-10.875348582433134	-113.49614045758204
10x	13	-13.315871523063358	-113.89787815811522
10x	14	-14.97160694908989	-113.25782087541072
10x	15	-17.383584216728355	-112.35434146302812
10x	16	-19.889858884831444	-113.31142173159778
10x	17	-22.374163979356307	-112.78323258874723
10x	18	-24.280872553592292	-111.75802162442317
10x	19	-25.820395489948986	-110.78659695494116
10x	20	-25.050616319593562	-108.29156360629803
10x	21	-26.91951658402052	-107.11156834601549
10x	22	-27.809250258263365	-105.32135830492426
10x	23	-29.716399558349835	-105.52905036196512
10x	24	-29.947523539774778	-108.2612751813129
10x	25	-31.48294166908454	-106.96030416075133
10x	26	-33.3467995983669	-106.28103884435441
10x	27	-34.92962853261745	-107.30970233441525
10x	28	-35.77927017913636	-104.77706187957581
10x	29	-38.021458471826335	-103.60303904482517
10x	30	-39.152141078472546	-102.25650789230798
10x	31	-41.058571138455775	-103.11642064763278
10x	32	-43.29870524915233	-102.68600618731784
10x	33	-44.83782691579698	-101.17532469479865
10x	34	-45.66705364040701	-99.45743965230336
10x	35	-47.285751952146235	-99.05120672081158
10x	36	-48.73568991775746	-98.02055930295681
10x	37	-50.727889707844874	-98.13897307372265
10x	38	-51.87246041265799	-96.83694819787704
10x	39	-52.719763961792715	-95.10267037201189
10x	40	-54.30923485522392	-93.8105631780652
10x	41	-56.565485146513936	-92.93894016438668
10x	42	-58.45264318879906	-91.70403133957723
10x	43	-59.39091831343451	-90.4650230211988
10x	44	-61.40026388196936	-89.64026145986861
10x	45	-63.67240112445746	-89.57153132975776
10x	46	-64.48892422402076	-87.62084666028534
10x	47	-65.91649040943709	-85.73843681241755
10x	48	-65.95173986954909	-83.86238221312341
10x	49	-67.85442739426118	-83.08470079091913
10x	50	-69.25685377765728	-81.5007688114318
10x	51	-69.24560608668139	-79.02563407153333
10x	52	-71.22305728111252	-79.25123061625014
10x	53	-73.0147394689682	-78.32210706912024
10x	54	-74.76018829086959	-76.53461725370047
10x	55	-76.75462885471765	-75.45786649397522
10x	56	-78.69917557957545	-74.04848490575114
10x	57	-79.59567885534908	-72.27530117984507
10x	58	-79.63365210943101	-70.28200046946151
10x	59	-81.50880287641458	-70.12774642179191
10x	60	-82.55433731234397	-68.86228728234657
10x	61	-81.32942100847966	-66.97764082330514
10x	62	-82.56864482662597	-65.45858590016326
10x	63	-84.47953669508429	-65.30999423417673
10x	64	-83.9477895071582	-63.27214919028251
10x	65	-83.83807224063237	-60.93267593796979
10x	66	-85.61368325868783	-60.70766035288702
10x	67	-86.0937289897369	-58.92366894150444
10x	68	-86.82232612532377	-57.00962145253506
10x	69	-88.41067104115963	-55.98057655220724
10x	70	-86.95705312436458	-53.693036781303626
10x	71	-88.80846627523134	-52.97054942273304
10x	72	-91.34461264297865	-53.35820029865832
10x	73	-91.8466836527293	-51.472974341172694
10x	74	-90.79398552737968	-49.204653099213026
10x	75	-92.46593615360243	-47.60445183277788
10x	76	-93.72749468291754	-46.352220292391635
10x	77	-93.83741990957908	-44.13157803990223
10x	78	-93.01048240901146	-42.60976598468674
10x	79	-95.75658742641046	-41.35597919590524
10x	80	-96.03370373116053	-39.44836088013329
10x	81	-97.16665992354336	-37.421871283345304
10x	82	-97.64791616908118	-35.07559349392966
10x	83	-96.92415358491041	-32.65420462337157
10x	84	-98.33213495038035	-31.71848855206151
10x	85	-99.9643355922843	-31.27436543981278
10x	86	-99.02281083158518	-29.80468970405546
10x	87	-97.77699423066777	-28.384483290186296
10x	88	-97.7515398542906	-26.298708314670236
10x	89	-99.33639307322929	-26.232828981811362
10x	90	-100.50952724201655	-24.934684761891884
10x	91	-100.4752454141429	-23.04992147245243
10x	92	-100.8175175865013	-20.809656583649573
10x	93	-100.48296891863056	-18.74599859670471
10x	94	-100.73553070690778	-16.144964841600572
10x	95	-100.08227039799235	-14.051500631312633
10x	96	-99.99656367010098	-11.779163503246155
10x	97	-102.05964895457812	-10.487960576353807
10x	98	-102.81175864723215	-9.170526208995769
10x	99	-102.44923975520182	-6.78627828218434
10x	100	-103.17958370137845	-4.999330836625165
10x	101	-101.71669663154907	-3.2882405457204866
10x	102	-100.48216831145807	-2.1306340334363503
10x	103	-99.63508658107601	-0.3827689122071532
10x	104	-100.89178805389777	0.7651812627821024
10x	105	-102.21490702924096	2.0862127728732647
10x	106	-101.35687330003412	4.292978424563802
10x	107	-102.57480989543572	6.445615563336846
10x	108	-102.09710292637992	7.949211581569154
10x	109	-100.49300628293375	8.02690736126154
10x	110	-99.60647440669335	9.447855294699607
10x	111	-101.2613219129413	10.430933021183549
10x	112	-100.7445236427632	12.978067891901999
10x	113	-100.9018145669963	15.001334680908334
10x	114	-99.67843465719233	16.658179642493394
10x	115	-100.17859262813967	18.972788773933203
10x	116	-99.12282467151532	20.722654036128002
10x	117	-98.69480209554472	22.979883329484778
10x	118	-97.58094987448932	23.447418652277474
10x	119	-98.27881797367635	25.176422473528653
10x	120	-96.21274860791989	26.346629149332312
10x	121	-97.38250846941436	27.106678161859634
10x	122	-97.9724522956659	28.80470360236322
10x	123	-95.91362430048059	28.219621115795814
10x	124	-94.43239980773326	27.866957799311177
10x	125	-93.56742023542597	30.097085693494435
10x	126	-93.61870970627612	32.43384169812927
10x	127	-93.09658504246333	34.8482968573905
10x	128	-93.94285744811516	36.43662711428895
10x	129	-94.50327328909496	37.72475553319656
10x	130	-93.55252791450025	39.78166520561436
10x	131	-92.89767625912863	42.311207808670034
10x	132	-91.78876958286939	44.50584465509306
10x	133	-90.98477700102478	46.6699208527809
10x	134	-88.5969818281667	47.040372416128484
10x	135	-88.5000462244399	49.38057701023071
10x	136	-87.94902693830306	51.97279746984912
10x	137	-85.06812738204535	51.98519166287001
10x	138	-85.46209845228027	53.67433840658938
10x	139	-85.07364436293688	55.73290076936138
10x	140	-84.80978875508099	57.88772156685118
10x	141	-82.74111367241794	58.40443879890231
10x	142	-82.59757936288251	60.16325630493506
10x	143	-81.2338744492916	61.37628028721481
10x	144	-80.06290072422588	63.31623658466734
10x	145	-77.36366356702042	63.7595082947049
10x	146	-75.92642151085212	65.59715980253503
10x	147	-74.1045366414232	66.94755173191707
10x	148	-74.73807098256403	68.77745639421353
10x	149	-73.04893244953496	71.84703632810931
10x	150	-71.79044515818175	71.05679785828977
10x	151	-70.25741081439058	72.47394615386766
10x	152	-68.87250410888055	74.34852280115135
10x	153	-68.3543604779237	75.6583967559457
10x	154	-66.81596710905691	74.93744271886136
10x	155	-65.61795794478485	76.26068382748898
10x	156	-64.07220384209573	77.58014509982947
10x	157	-63.94408728583683	80.18921818220626
10x	158	-61.273326365277924	80.58809902938667
10x	159	-60.069556152764335	82.19502679830188
10x	160	-58.511540188818365	84.5394566913959
10x	161	-56.69722170374822	84.59531693329
10x	162	-55.001208872191754	84.46373197708539
10x	163	-54.62714280659298	86.13353204310879
10x	164	-52.71021490169889	87.38941708121881
10x	165	-52.06414375130625	90.26073519502157
10x	166	-49.475656013751184	89.97066796770373
10x	167	-47.567793778629	92.90417156226432
10x	168	-45.54999325599916	92.10947408078152
10x	169	-43.48736200876931	92.58825207467277
10x	170	-42.47926335733536	94.23709427963547
10x	171	-41.01122371549053	94.1331755208186
10x	172	-39.6182239683409	95.12654302224647
10x	173	-38.57568986853183	97.51773446844054
10x	174	-37.44021935067089	95.6007699931226
10x	175	-35.715766695440834	96.34668119710359
10x	176	-33.89982646227815	97.15505516301266
10x	177	-32.56206537525464	98.80453797136849
10x	178	-31.64504259072791	100.6365677204808
10x	179	-28.892077256996817	100.82806021640717
10x	180	-26.51048626761662	101.42782086954963
10x	181	-24.288541233701896	101.17335451762345
10x	182	-22.07115801658359	102.76485122919287
10x	183	-19.916796399513697	102.21775808323156
10x	184	-18.36201619947	101.22729060757916
10x	185	-16.7423486989392	100.05495984529017
10x	186	-15.0079057290407	100.74733828891904
10x	187	-13.167755991890944	101.40902880898035
10x	188	-11.468819050196615	102.37189236844179
10x	189	-9.70864357094398	102.01068879097943
10x	190	-9.469004396062957	104.24116204155125
10x	191	-7.529831761490741	104.8705630929946
10x	192	-5.039226121476639	105.92085216885563
10x	193	-2.872001209577207	103.84238692971338
10x	194	-1.329219078026171	105.28368322803999
10x	195	0.9901181684792566	105.560383215398
10x	196	2.6036590465521976	105.6867253663371
10x	197	4.717984235555473	104.45629843087303
10x	198	6.487660933272477	105.40935182076086
10x	199	8.309671669153712	106.34270985746043
10x	200	10.378795991174847	105.6747057887342
10x	201	11.335301796015761	107.25287095410891
10x	202	12.135661746749228	104.73051021161838
10x	203	13.303929567604046	103.8308097059026
10x	204	15.294475424079149	105.69481126399718
10x	205	17.48373221555123	104.7248404571877
10x	206	18.794698803183245	106.51415527389511
10x	207	20.25548463461434	104.63630506107731
10x	208	22.391903194838303	105.59653650782056
10x	209	24.943361552073284	104.32635083404121
10x	210	27.017093447001077	105.20209884788281
10x	211	27.91309628678379	103.74115937832524
10x	212	29.69252690811523	104.66825768523742
10x	213	31.32740424098614	102.87892670059799
10x	214	33.21282463886075	103.86305961846034
10x	215	35.08973898108446	103.47178105851796
10x	216	36.49531404611563	102.30425319277717
10x	217	38.73316920689867	100.82263968770103
10x	218	40.669108446830286	99.08477095442497
10x	219	42.195400785361976	100.57624778873834
10x	220	44.29874289496464	99.86548930749227
10x	221	44.23287403532942	97.71064889809332
10x	222	45.79238505413856	96.50983047750579
10x	223	47.95926544599845	96.07586181561733
10x	224	49.30142032787395	94.239328540831
10x	225	50.97855253530797	92.85491114836212
10x	226	52.576528060385236	94.51381166622558
10x	227	54.32221560878895	93.92694234795879
10x	228	56.18060961166557	95.58609153926213
10x	229	57.89387819770115	94.57772335790621
10x	230	59.09674565570517	92.74524616134701
10x	231	61.125343361525964	92.01077712388792
10x	232	63.065803301918024	90.61461212791066
10x	233	63.86157743846356	89.30907656820703
10x	234	64.51377553007114	87.88466606153979
10x	235	66.51043229289286	87.05003927266334
10x	236	68.54359152242554	87.87635870891505
10x	237	69.12133680357469	86.05169896358235
10x	238	70.95596211273795	84.6755742025516
10x	239	73.39465881800376	85.19912918109158
10x	240	75.10932580055032	83.61808925146812
10x	241	73.40546964608039	82.31539378590514
10x	242	74.58637963220414	81.0799657096916
10x	243	76.27953608940773	81.08942468431286
10x	244	77.92251383977907	80.55141666439206
10x	245	79.8819635032406	80.23961656193796
10x	246	80.15761286917828	78.18500540088172
10x	247	78.88473117912606	77.27821033038526
10x	248	81.49266488501439	75.9317645496645
10x	249	83.71283904901188	74.7801273794178
10x	250	83.65464946406513	72.63199577847996
10x	251	85.85496738055251	72.14518520554132
10x	252	87.27886834705555	73.64184644526499
10x	253	87.99752226829592	71.10539681078261
10x	254	88.22012248661844	68.21766861440946
10x	255	89.9695731185723	66.86848693957299
10x	256	91.934193449498	68.88761923251712
10x	257	92.32283287802956	66.44885879878291
10x	258	94.17649996013324	64.69731360934941
10x	259	95.73685251520013	63.27601635872864
10x	260	97.63317129687746	63.90623208332199
10x	261	97.40084965191166	62.381418537066864
10x	262	97.180050031848	60.358323402717254
10x	263	98.23961362138499	57.907156092806154
10x	264	99.60161173607297	56.32909803622989
10x	265	101.56911101321295	55.959142918225034
10x	266	101.01711946762931	54.76982780068736
10x	267	102.80796611272679	54.2740724308159
10x	268	103.87059514305228	52.8636244383517
10x	269	102.73126757235777	51.15257038283524
10x	270	104.16830929859402	49.53276515547617
10x	271	106.27936775883799	48.148986984628685
10x	272	106.30161564362378	46.09015974524868
10x	273	106.1513098371586	44.457471126986135
10x	274	107.23162941311834	43.158354362358224
10x	275	109.66824237650188	42.39945449731358
10x	276	111.1431604535284	40.63318157537871
10x	277	112.1906048978784	38.636256723971464
10x	278	113.00715804794758	36.42966425797055
10x	279	111.26296254018354	35.19574664897065
10x	280	111.7802743448204	33.20259350304594
10x	281	111.24578000765581	31.450098948958964
10x	282	112.97562813254343	30.46972199869853
10x	283	114.70234575931663	28.450230917061855
10x	284	113.4010567768182	27.411770631857593
10x	285	112.76592876775459	26.048719312012143
10x	286	112.89440033591727	23.853123333782285
10x	287	115.05423780556292	23.029647273172316
10x	288	115.42094823833303	21.167083207995116
10x	289	116.62727493709157	20.070930684723933
10x	290	114.89014409892472	18.43147027711919
10x	291	116.4365695746609	16.24884916849038
10x	292	117.40211295613393	14.371335441217745
10x	293	116.07234093354661	12.527990767111229
10x	294	117.15509011692446	10.809524208074587
10x	295	116.72068141777127	8.791766578057606
10x	296	118.4103345510411	7.8773114482385465
10x	297	119.39365369511528	5.513107716967831
10x	298	118.08099144717987	3.67221042233441
10x	299	118.36059986305237	1.1279827235839501
10x	300	117.6751388397727	-1.4118215135054
10x	301	116.56112945438181	-3.2615314410605687
10x	302	117.05058818142977	-5.619025048964483
10x	303	117.84422405906527	-7.1983825017120795
10x	304	117.553771849228	-8.93636627342506
10x	305	115.92089119838748	-11.058497292441242
10x	306	117.17897389011779	-12.393065087219753
10x	307	118.92811786635629	-14.008633925721885
10x	308	118.11379878783312	-16.35452075261697
10x	309	118.1825098923024	-18.27332012205999
10x	310	117.25131258844729	-20.356539620662957
10x	311	117.6960920792201	-22.236431352055533
10x	312	116.38546065952237	-23.572467788050172
10x	313	115.64702151915807	-25.557446394717434
10x	314	114.3666086977925	-27.10207138557114
10x	315	115.10144054579946	-29.003642354318043
10x	316	113.3361530089929	-30.601753519453474
10x	317	114.4798021592933	-32.33028260050108
10x	318	112.8378506995734	-33.48327663691305
10x	319	112.24681413797619	-35.14919498101321
10x	320	113.63117099395281	-37.32496418812881
10x	321	111.8964975522778	-38.58679111056967
10x	322	112.28367631848549	-41.18980050106883
10x	323	111.3613331265426	-42.842940707908234
10x	324	110.29164408376401	-44.0101259318338
10x	325	108.93360095689201	-45.1828330845644
10x	326	109.82834031839684	-47.309088138330594
10x	327	109.95035700329504	-50.489277977855956
10x	328	106.65703308554907	-49.30247192631104
10x	329	105.4227085563747	-50.554134793353406
10x	330	106.52075038323906	-52.521163212571786
10x	331	105.26855761969955	-54.877956863514584
10x	332	104.40106763838116	-57.11409492571158
10x	333	103.75041093730673	-58.983096602726704
10x	334	101.45095897670008	-59.41673098673406
10x	335	101.26296185610275	-61.29188175371764
10x	336	101.38778045717582	-63.53769351024771
10x	337	98.93882162893799	-65.05802187293658
10x	338	98.6731553682669	-67.70029642162962
10x	339	97.45941638238601	-69.92923197976258
10x	340	95.82680742912751	-71.65972784165339
10x	341	94.58883082784979	-73.34313472593706
10x	342	93.17495386556949	-74.63784095841736
10x	343	92.47208795193208	-76.15329515888567
10x	344	90.7564345171332	-76.87433134881495
10x	345	89.04552793521957	-78.89531110366184
10x	346	90.48413010813537	-80.45761700961135
10x	347	88.12447482877064	-81.14219580588404
10x	348	85.77368627252955	-82.00591064722482
10x	349	84.1667929353214	-83.87756659594089
10x	350	82.70799037021743	-85.23610403005958
10x	351	84.46108546156164	-86.94313894918643
10x	352	80.25910406834134	-85.58568915193221
10x	353	80.34833458572632	-87.70837644717906
10x	354	78.85074632869414	-88.79082396947224
10x	355	78.10801152472234	-90.4347246870254
10x	356	76.58689364600693	-92.2533203624507
10x	357	74.67853297586265	-93.15921961882395
10x	358	75.38982944080668	-94.45214065311956
10x	359	73.10628957169058	-94.50781832154641
10x	360	70.47653961440199	-94.99673548659592
10x	361	68.25920144157196	-95.91566673833401
10x	362	66.86089109631654	-97.23666827889039
10x	363	65.41867619498181	-98.3549073690557
10x	364	63.23959281286158	-98.91287099497856
10x	365	61.60639888944122	-100.55871552973447
10x	366	59.741307212038855	-101.40830539533688
10x	367	59.054233974710506	-103.11690269153173
10x	368	57.93096456924978	-104.91980043410342
10x	369	55.78047898801198	-105.96904362293758
10x	370	53.64184507710341	-105.8708633085057
10x	371	53.19651856448279	-107.68101740199407
10x	372	52.03181845455196	-104.73712109937566
10x	373	50.351281096975065	-105.35948433162243
10x	374	49.55344792572251	-107.02006200808184
10x	375	47.301667052302605	-107.02308038914597
10x	376	45.15200409476625	-106.41181944998735
10x	377	44.718248419417044	-108.27559877145366
10x	378	43.012835182448235	-109.50794524368361
10x	379	42.59728909160208	-111.74944631716784
10x	380	40.678720546069385	-113.13570308767225
10x	381	38.489277156959	-112.29381341812554
10x	382	36.24926298062967	-112.83245365304907
10x	383	33.252402980039136	-113.0819171368401
10x	384	31.63432629294448	-112.94392778516412
10x	385	30.28955409696	-111.73126167392371
10x	386	28.28490011596917	-111.42496005899612
10x	387	27.2125832064628	-113.61814868988891
10x	388	25.76496936308933	-112.33584265945449
10x	389	24.507988266960368	-110.67048676617983
10x	390	22.647530520387342	-112.71903985546128
10x	391	21.774040488044655	-114.56208274188536
10x	392	19.758708607498644	-114.63881345667744
10x	393	17.83883788779061	-114.72837612986089
10x	394	16.57841274827759	-115.36623302697976
10x	395	14.693265150998778	-115.00263075284992
10x	396	12.88456082734346	-115.06652519906602
10x	397	11.679923671982518	-116.07135043238435
10x	398	9.769882108502257	-116.55224660778288
20x	1	4.870834488203409	-118.50085168318054
20x	2	3.161769755500469	-119.23005263580046
20x	3	2.61502301083125	-117.39827397589353
20x	4	0.17000399684377637	-116.13506613586173
20x	5	-1.5971721185789953	-118.0975416210444
20x	6	-3.3044697132635372	-118.15695451135618
20x	7	-4.871857005564873	-119.70756824359584
20x	8	-5.539648486934516	-117.92119389467213
20x	9	-7.87753788259034	-117.50889939645155
20x	10	-10.167349429418223	-116.68096203121263
20x	11	-12.468576705475114	-118.45337766282769
20x	12	-15.038222346381922	-117.07037153509637
20x	13	-17.36572536495982	-116.09758113286063
20x	14	-19.70011932154075	-115.3510753644008
20x	15	-21.86058369730969	-114.66710299425878
20x	16	-23.47875150571036	-115.59137243584098
20x	17	-24.460514246607524	-114.46239501849728
20x	18	-25.1124574776848	-113.26001967214285
20x	19	-27.502269678655956	-114.03563522487195
20x	20	-29.743123395555735	-114.28905654278081
20x	21	-31.730964982387732	-112.91623133602472
20x	22	-32.423700922773214	-111.2989372978287
20x	23	-33.889614273011134	-110.90576801104861
20x	24	-35.42321502648992	-110.14922202270544
20x	25	-37.13683726514673	-110.71321338449742
20x	26	-38.915403963646284	-109.66783545632744
20x	27	-41.41681009603846	-109.74854129092729
20x	28	-43.55028656132633	-109.63643049045857
20x	29	-45.99151327157145	-108.90788296480956
20x	30	-46.36039562567532	-106.37274475684092
20x	31	-47.10670707538688	-104.29364071232555
20x	32	-48.515385960600014	-105.13284137662022
20x	33	-49.694642788169766	-106.36213564147484
20x	34	-50.661595986371076	-103.6147779269706
20x	35	-51.77778897128654	-101.42892268417584
20x	36	-54.6053303201647	-102.66209427285591
20x	37	-55.96346031241641	-100.85597907854589
20x	38	-57.74948108843421	-101.84592397778957
20x	39	-58.27194559010039	-99.69815554216872
20x	40	-59.410223394098	-97.42010789353382
20x	41	-61.53772414219106	-97.64138975023691
20x	42	-63.03737933408237	-95.81802668421363
20x	43	-63.61633381521054	-94.05058465907939
20x	44	-65.65651018082157	-92.1871915507318
20x	45	-66.59199824503794	-90.58270958623355
20x	46	-66.36444091287586	-89.12812326737367
20x	47	-68.6434703815798	-89.33132743513762
20x	48	-71.81972050716784	-92.48012201691489
20x	49	-70.48866583560067	-88.02594874610993
20x	50	-72.22570859096491	-87.00437112681018
20x	51	-73.93198475958948	-86.44480211970692
20x	52	-74.99359534397834	-84.69678972302096
20x	53	-77.50372350609071	-84.22271002760161
20x	54	-78.76184128644122	-81.0953928468715
20x	55	-78.94935710360639	-78.79842034728453
20x	56	-80.5503648403062	-77.4696378318081
20x	57	-82.55018392021852	-77.54124914384381
20x	58	-84.35943520621785	-78.51443382037375
20x	59	-83.60818180543401	-75.94275082365921
20x	60	-84.77224007242457	-74.74572697390056
20x	61	-84.66595527128636	-73.12323775298557
20x	62	-85.89649084324232	-72.15855071873241
20x	63	-87.80773936763704	-71.33836524234171
20x	64	-89.91484506790951	-72.55644426608983
20x	65	-89.49537345644752	-70.39253425652709
20x	66	-90.7148772588959	-68.33647129322868
20x	67	-91.09315025306749	-65.96989868233406
20x	68	-93.05243099892435	-65.4746050205821
20x	69	-93.77682010513747	-64.1471884486018
20x	70	-95.87351824808651	-64.3150682704822
20x	71	-96.49830223187969	-61.75533253086781
20x	72	-95.7580205298939	-59.39744923077536
20x	73	-97.31502232355892	-58.04772631366637
20x	74	-99.20311216362003	-58.349468880599
20x	75	-98.48712431925176	-56.46923680043719
20x	76	-99.25352743154966	-54.863826360986025
20x	77	-99.77969241092767	-53.06814494382518
20x	78	-101.92968882386216	-53.841592017738066
20x	79	-103.48026541504733	-52.01253669859326
20x	80	-104.12708733859593	-49.97225787040523
20x	81	-103.04822561369062	-48.30788755741068
20x	82	-105.03028249099262	-46.14498030879375
20x	83	-103.7318451839278	-43.97240827053155
20x	84	-105.12667055998487	-41.83210782881997
20x	85	-105.3451528670506	-39.34352201709377
20x	86	-107.6163004444944	-38.006751214092546
20x	87	-106.7405873613701	-35.4070325778131
20x	88	-107.84350380220775	-33.53450860077172
20x	89	-108.97268015830342	-31.5138876971664
20x	90	-107.56145166571999	-29.469818904445557
20x	91	-108.29542345056151	-27.135159271530796
20x	92	-109.01521055944949	-25.28165808835353
20x	93	-110.56662494672726	-23.36214964318401
20x	94	-109.9106365860201	-21.712414114853726
20x	95	-108.98610852406037	-20.523018998541318
20x	96	-110.09469471932873	-18.875806132355233
20x	97	-110.83973519157513	-16.901034672605277
20x	98	-111.96946784823477	-15.472365172601359
20x	99	-110.29373294065954	-12.813048197155466
20x	100	-112.4263873438801	-11.2859910758591
20x	101	-111.90576077576125	-8.997276337273995
20x	102	-112.22253117656571	-7.163473616093906
20x	103	-113.03222433069391	-4.8600737102567795
20x	104	-113.61020195169941	-2.174227568647322
20x	105	-111.97578495578172	-0.1331646270897719
20x	106	-111.37640907847502	2.1738517623093085
20x	107	-112.53925410334982	2.832489950333019
20x	108	-111.17564832195055	3.985538956663285
20x	109	-110.72040944652984	6.147835663042338
20x	110	-112.80662778597711	8.86510866461164
20x	111	-110.73925627566241	8.731421823297994
20x	112	-109.78803967586089	10.552905036196517
20x	113	-111.08540970406384	11.857744310268313
20x	114	-111.61368835119036	13.895615128881838
20x	115	-110.20212164538435	15.88923811863318
20x	116	-108.46484378058597	17.656537649635652
20x	117	-108.80475776631245	19.745394545161467
20x	118	-109.31947879346794	21.560390497332868
20x	119	-107.66636873746714	21.52859470804745
20x	120	-105.79403677956897	22.907001532592147
20x	121	-106.75904702695847	24.818534602887173
20x	122	-104.92188929099895	27.06322993843271
20x	123	-105.14215773696772	29.826151872158224
20x	124	-105.9087308212107	32.08852813332773
20x	125	-105.48162766487751	35.587346828747705
20x	126	-102.33608339308991	37.879927759721326
20x	127	-101.33374619705639	39.20894332738597
20x	128	-100.75440554269203	41.63654177331783
20x	129	-98.95766129878125	43.13102663909823
20x	130	-100.01785549328316	45.83403673517847
20x	131	-97.7083701451164	48.059583909500176
20x	132	-97.48125443174831	50.34904702542905
20x	133	-97.43773926190623	52.18672612106763
20x	134	-95.66367765252454	52.80033415633442
20x	135	-94.00003478588289	54.0207882927388
20x	136	-92.08085490360881	55.94767355984194
20x	137	-89.94503334222156	56.78543163247968
20x	138	-90.59428811487311	58.668650968390445
20x	139	-90.38782195068214	61.09011195029265
20x	140	-88.2879469088942	62.723552133651125
20x	141	-85.91315568110277	62.90414223823992
20x	142	-85.53868987178289	64.86348272799611
20x	143	-83.72530097935453	65.53657956156333
20x	144	-84.12832464195192	67.34629361315697
20x	145	-86.31219046249925	68.21957205038655
20x	146	-84.23703361774237	69.37272794918053
20x	147	-81.89823007426047	69.10105718951098
20x	148	-80.7662015646894	70.7198992955762
20x	149	-81.4117054624797	72.21391436495615
20x	150	-80.96891370957098	74.33598965977818
20x	151	-77.76355692480247	73.80491836913522
20x	152	-76.16436431508417	75.44486916218084
20x	153	-75.79644295078045	77.6128402512377
20x	154	-74.1859657932628	79.48057857743235
20x	155	-71.94440919570076	81.03093669123814
20x	156	-70.0199751786656	82.08312375032732
20x	157	-68.63519568276662	83.86992530746836
20x	158	-66.8836786260859	85.26182138508503
20x	159	-64.6061828921704	86.199921123539
20x	160	-63.11380959158234	87.77834506647889
20x	161	-62.671973436461585	90.25115102808915
20x	162	-61.92288897463437	91.95351845021355
20x	163	-60.47754365882253	91.07073628935993
20x	164	-58.317670897088156	92.21224333591724
20x	165	-55.94480980442064	92.23347622194316
20x	166	-54.05066421237061	92.18423888083437
20x	167	-53.446475520404235	94.85376288647782
20x	168	-50.57933512039248	96.87528486560669
20x	169	-48.94650235779461	98.1497812705514
20x	170	-47.112982875190816	99.35680125479382
20x	171	-45.00605766588974	100.90688822422688
20x	172	-42.63416605393813	101.78701243769457
20x	173	-40.871966589122145	103.18604921081699
20x	174	-38.819198864373476	104.39047625130529
20x	175	-36.722104223344154	104.58608067769916
20x	176	-36.9406307908761	106.38708850212727
20x	177	-34.86600566760548	105.19781733996028
20x	178	-32.23173572276863	106.47914333702685
20x	179	-30.378717508995717	105.4967067713247
20x	180	-28.515057510371264	107.32690788307977
20x	181	-25.84333751144562	108.17294637544495
20x	182	-24.489758243144884	106.0415165870008
20x	183	-22.5032553354998	106.76043150187758
20x	184	-20.410153343702408	108.82944425689595
20x	185	-17.939799304407703	109.41084275948396
20x	186	-15.227766768383328	110.47634300926313
20x	187	-13.492310355794425	112.16649972182987
20x	188	-10.59437271382622	110.06728538017047
20x	189	-8.265905143723657	109.47997397578828
20x	190	-6.135409904765415	109.85152679368348
20x	191	-6.524906865901714	111.66517406690366
20x	192	-4.756809195011289	112.07906286113548
20x	193	-4.378766267246029	110.10756356984581
20x	194	-2.8617339468703826	110.1384612447588
20x	195	-2.4314294263920817	111.36949424185534
20x	196	-2.4969873966516483	112.76934972445699
20x	197	-0.8113559941568674	111.80221743873904
20x	198	1.2998658052729395	112.54760953093192
20x	199	3.5011411809943382	112.53621576604725
20x	200	5.956090593469795	113.27681048355187
20x	201	8.307078759577685	113.29255692266217
20x	202	10.225903984006003	113.52747331101497
20x	203	12.85966268787668	113.35896552508879
20x	204	15.063566751659096	111.34664902213721
20x	205	16.589156545076037	112.79282316649365
20x	206	17.67172933614855	111.13478268523079
20x	207	19.95362542064023	109.82345202097376
20x	208	22.446856199320596	109.54383331516577
20x	209	24.210571714625633	111.18192929854673
20x	210	24.862091117196808	109.04255460084399
20x	211	27.38806972730814	107.65427440631954
20x	212	29.716737834770157	108.58317902289711
20x	213	29.35704055759013	110.00411907579162
20x	214	31.275008165011393	109.6939096490443
20x	215	33.65148458692118	108.40614355071435
20x	216	35.133813398418866	105.84351827278246
20x	217	36.351894508937114	104.00386346563197
20x	218	38.39980790022591	104.89991148313449
20x	219	38.05546195262267	107.39848951636431
20x	220	40.77756491608926	106.06863508003043
20x	221	43.078197348301345	104.21307051778385
20x	222	45.464322385652714	102.93652078129342
20x	223	47.065782532127606	101.64377653628706
20x	224	48.53906608946172	100.67181863387913
20x	225	50.63257186950692	100.34032983347893
20x	226	52.7213074521096	101.91172645529934
20x	227	54.53208573752649	100.12171050148538
20x	228	55.4515369856571	97.61208750765158
20x	229	57.68054184028042	95.83315288931918
20x	230	60.32728654115215	95.69053438403844
20x	231	62.13504832678397	96.73185176833992
20x	232	63.66835817562741	95.623048238183
20x	233	64.63264272617424	94.10342944076443
20x	234	65.50655224369015	92.47891690716747
20x	235	66.94909224095329	91.0028937626084
20x	236	69.93705312345459	92.6156662251161
20x	237	68.93911381128332	91.08859274711364
20x	238	69.24560608668139	89.32996513716228
20x	239	70.41050148691231	87.66846547087863
20x	240	71.6682859615488	86.24929534020424
20x	241	73.27668626001744	87.70593060526954
20x	242	75.04218397176558	85.80725718692194
20x	243	77.49659082400842	85.80522801165198
20x	244	79.0383019778675	83.87097347938725
20x	245	81.42364178759698	83.207343936646
20x	246	83.66623855063352	82.8390512200053
20x	247	84.26609397850868	81.22921741501345
20x	248	85.31694967825781	78.8093570421966
20x	249	87.29100871191842	77.41767845239967
20x	250	87.58541558585658	75.7532804250984
20x	251	89.25251978245079	74.61475655606787
20x	252	89.59361963556098	72.02276680314758
20x	253	92.03345832109805	71.8621949412844
20x	254	93.83145174702042	72.01682290141233
20x	255	92.77573218090335	70.65643132503787
20x	256	94.19592126051565	69.07489605763324
20x	257	95.56061767468258	66.8108141101648
20x	258	96.86751029662655	64.56846560151764
20x	259	97.88831024625954	63.09093844807848
20x	260	99.4079793625932	61.70771387575799
20x	261	98.44649217322049	58.75643340768027
20x	262	100.83045565994404	58.22577486868926
20x	263	102.6890938593247	57.2924558302628
20x	264	105.55646660871889	60.17474501786045
20x	265	103.93471819193819	58.284936753251294
20x	266	105.10133204526223	56.52446759292906
20x	267	103.56992247363512	55.26125887031896
20x	268	104.1225533856444	52.43866350528054
20x	269	105.38700809306938	50.70908999578513
20x	270	107.22102444734104	49.36408603473973
20x	271	106.95006146131581	46.76626963366133
20x	272	109.52826183649005	44.53366942828512
20x	273	110.33799953815789	42.43240945719533
20x	274	109.88616009816197	40.15765944680901
20x	275	110.56442421953267	38.4423393137772
20x	276	111.18724147772073	35.680286846700646
20x	277	113.39258583641234	35.12109648664436
20x	278	112.00703868584738	33.19003710909138
20x	279	113.8102767588244	31.47689102777303
20x	280	115.28995284973692	29.972605153580854
20x	281	114.20117560242235	28.401715531101242
20x	282	115.62991260422817	26.55114135984143
20x	283	114.45578030499476	24.17642970881601
20x	284	115.2332826823223	22.219469205836216
20x	285	114.59334163893723	20.26325953621061
20x	286	115.67234955055713	18.173054991074753
20x	287	116.83099490611016	15.885142320798812
20x	288	117.00000800374525	13.394794842559408
20x	289	118.42115063852603	11.37108797399355
20x	290	119.58044696222254	8.381339984098465
20x	291	117.94550386716315	6.599347198899193
20x	292	117.94894045765186	4.43189999159155
20x	293	117.69997017675314	1.8166168649661032
20x	294	119.69425465019582	0.11431326746942509
20x	295	118.71249624033098	-2.7336436655409697
20x	296	119.5771626835594	-5.540967764973777
20x	297	117.90311724846082	-7.076404436842914
20x	298	118.04584415941602	-9.11922264694562
20x	299	120.0914939872416	-10.130511505662934
20x	300	119.06789990872207	-11.84534702950625
20x	301	117.727974631836	-12.945690610021364
20x	302	116.0031756523875	-14.071299632587658
20x	303	116.98548095351727	-15.956967721003247
20x	304	119.67515253792618	-16.353024896016596
20x	305	118.01707242617674	-17.56477986309764
20x	306	116.83856135368843	-19.848538100959697
20x	307	117.3700205183754	-22.357415144975835
20x	308	116.49951524745458	-25.026620906521526
20x	309	115.60866999173128	-27.222407914742607
20x	310	116.43706107040101	-29.85812046464627
20x	311	115.04144888579437	-31.504224957785738
20x	312	113.8806800224402	-33.79105820675858
20x	313	112.38050097928983	-36.03974430413906
20x	314	111.31487219288577	-37.69108440711943
20x	315	112.34935802193839	-39.46116530162275
20x	316	111.2624314748711	-41.3954789726562
20x	317	109.95210989020039	-43.253010255246366
20x	318	110.86296000869616	-46.719319069307524
20x	319	108.21998953914252	-48.24890806859583
20x	320	107.79046500103438	-50.14346387642275
20x	321	106.23926170644388	-50.937471683029294
20x	322	106.57936291365907	-53.099919105052905
20x	323	106.26204923621329	-55.67373314820581
20x	324	104.78235757311379	-56.690399323784916
20x	325	104.86541025318984	-58.87905448041031
20x	326	102.2325427124213	-59.64900888409701
20x	327	100.35257150644806	-61.54646819431186
20x	328	98.21021801426646	-63.0521453914473
20x	329	98.62618172875054	-65.57243157654904
20x	330	97.81221617363684	-67.23135122313862
20x	331	96.5071779608131	-68.16238458228727
20x	332	95.20783907439667	-69.92476685568614
20x	333	93.92495296043921	-71.27776543790009
20x	334	93.21434373845655	-73.11834677098628
20x	335	92.19834544688206	-75.48369236104718
20x	336	91.06524193009149	-77.65337244268385
20x	337	89.0025908409497	-77.25169036039506
20x	338	86.9042513741437	-77.93548031678264
20x	339	86.51723898668692	-80.28441137303714
20x	340	86.32249325150404	-82.29646260732748
20x	341	84.82044446232133	-81.39311234066238
20x	342	82.81720774504065	-82.64711511211927
20x	343	82.46807023535992	-84.66435405694136
20x	344	80.9954261240142	-85.23162790814058
20x	345	81.6754814358463	-87.3807086074008
20x	346	80.49302002586619	-89.43476812967918
20x	347	78.66763613590014	-90.74572806842983
20x	348	77.56495341331656	-92.53256255016619
20x	349	76.01270919138932	-91.29679577227226
20x	350	73.4545298572309	-90.91245854642564
20x	351	71.85932132874125	-92.9054799940924
20x	352	72.48890455980116	-94.94829390049493
20x	353	73.76303397284752	-95.96648337392106
20x	354	71.35939449999252	-97.29895419359333
20x	355	70.02703990121245	-99.47841211109377
20x	356	67.88670452546876	-99.6522088660323
20x	357	65.38215964204646	-100.28343782095362
20x	358	64.2856153882553	-102.97542280718478
20x	359	62.50361157068221	-102.71661343782912
20x	360	61.14012103655993	-104.13311771936888
20x	361	62.401851257919105	-105.97100850512373
20x	362	60.09023457515063	-106.58289337601774
20x	363	58.1152124595218	-106.9028754740225
20x	364	56.14601587303379	-107.11412412386413
20x	365	54.94282045626049	-108.78237142544747
20x	366	52.60270487464563	-109.35403819116469
20x	367	50.876720761651086	-110.4287253175329
20x	368	49.00724939486013	-108.98233080414293
20x	369	47.074478997570175	-109.9908486908083
20x	370	44.72938898952652	-110.68504546575473
20x	371	42.39663318410406	-111.66790236978761
20x	372	42.299352134398134	-113.83948718016482
20x	373	40.04338668723023	-112.98144904000267
20x	374	38.16275584223735	-113.49880899725243
20x	375	35.762535586961974	-114.81924140481627
20x	376	34.85605873000774	-113.38116290162272
20x	377	32.79893950514262	-113.45407626745545
20x	378	33.08039899416328	-114.9147179298995
20x	379	31.795283131828043	-116.74837277738249
20x	380	29.75154431921071	-117.09420656098071
20x	381	27.897043987488104	-118.18752314885167
20x	382	27.2570758583375	-116.64845338822823
20x	383	25.170725591086285	-117.38540210096976
20x	384	23.282310070003465	-116.51288213133223
20x	385	22.00726787041773	-117.89044127926576
20x	386	18.81883041097968	-115.8593328191944
20x	387	17.794696006224804	-117.6530910827511
20x	388	16.60983044889578	-116.52859098164133
20x	389	14.507111139426915	-116.99165257616312
20x	390	12.187840539404807	-117.36391671575863
20x	391	9.736605080902526	-116.87091031773235
20x	392	6.991702437452889	-117.85927420812618
20x	393	5.965097826520528	-119.60342939046755
