key	fig	curve	x	seed	C_N	C_N100
F5_CI_0.05_s310101	F5	CI	0.05	310101	0.38033953112368635	0.37768847452178106
F5_CI_0.05_s310102	F5	CI	0.05	310102	0.4144048628781453	0.41091873778274224
F5_CI_0.05_s310103	F5	CI	0.05	310103	0.3808597549114958	0.3806372071896697
F5_CI_0.05_s310104	F5	CI	0.05	310104	0.3016136869293916	0.29916153709755045
F5_CI_0.05_s310105	F5	CI	0.05	310105	0.36279671192389396	0.3620076082954964
F5_CI_0.05_s310106	F5	CI	0.05	310106	0.36417079207920794	0.3636700763311598
F5_CI_0.05_s310107	F5	CI	0.05	310107	0.28897134208856123	0.2858803865998111
F5_CI_0.05_s310108	F5	CI	0.05	310108	0.35319995178980357	0.3442714289903522
F5_CI_0.05_s310109	F5	CI	0.05	310109	0.3189027702335687	0.32744712111551577
F5_CI_0.05_s310110	F5	CI	0.05	310110	0.3765157574788034	0.3787027825026477
F5_CI_0.1_s310201	F5	CI	0.1	310201	0.34208583158578726	0.33779332458825245
F5_CI_0.1_s310202	F5	CI	0.1	310202	0.3770302368877191	0.3768264876842545
F5_CI_0.1_s310203	F5	CI	0.1	310203	0.40250447227191416	0.4009734695276616
F5_CI_0.1_s310204	F5	CI	0.1	310204	0.3461076088550066	0.3458990443806062
F5_CI_0.1_s310205	F5	CI	0.1	310205	0.3234850355251968	0.3289415165666
F5_CI_0.1_s310206	F5	CI	0.1	310206	0.3556863697050613	0.35489240640416453
F5_CI_0.1_s310207	F5	CI	0.1	310207	0.3928893641193571	0.39619962131457936
F5_CI_0.1_s310208	F5	CI	0.1	310208	0.35056446821152704	0.3545056132556883
F5_CI_0.1_s310209	F5	CI	0.1	310209	0.34382948864134727	0.3442666120490388
F5_CI_0.1_s310210	F5	CI	0.1	310210	0.3838106446972669	0.3882275567247616
F5_CI_0.15_s310301	F5	CI	0.15	310301	0.37145412726808075	0.37697823138040176
F5_CI_0.15_s310302	F5	CI	0.15	310302	0.41341097582495145	0.4100321813348258
F5_CI_0.15_s310303	F5	CI	0.15	310303	0.33190554021304175	0.32190465741401064
F5_CI_0.15_s310304	F5	CI	0.15	310304	0.32021510633097044	0.32098968169253084
F5_CI_0.15_s310305	F5	CI	0.15	310305	0.341771043181221	0.3437757625721352
F5_CI_0.15_s310306	F5	CI	0.15	310306	0.3008845032977146	0.3040144572092423
F5_CI_0.15_s310307	F5	CI	0.15	310307	0.33233074172861926	0.32919359370609724
F5_CI_0.15_s310308	F5	CI	0.15	310308	0.3875747508305648	0.3832593279872755
F5_CI_0.15_s310309	F5	CI	0.15	310309	0.3394248313012251	0.3377124747911265
F5_CI_0.15_s310310	F5	CI	0.15	310310	0.37488422599086585	0.37263640415101545
F5_CI_0.2_s310401	F5	CI	0.2	310401	0.3450008868917401	0.34606714912801045
F5_CI_0.2_s310402	F5	CI	0.2	310402	0.30693587195313315	0.3086410034375082
F5_CI_0.2_s310403	F5	CI	0.2	310403	0.37342563215075475	0.36550877082480393
F5_CI_0.2_s310404	F5	CI	0.2	310404	0.3549386465800024	0.348722250516792
F5_CI_0.2_s310405	F5	CI	0.2	310405	0.36250428068864604	0.36123619764357534
F5_CI_0.2_s310406	F5	CI	0.2	310406	0.4189625757740753	0.411827573922337
F5_CI_0.2_s310407	F5	CI	0.2	310407	0.36442055256907113	0.3621462811195299
F5_CI_0.2_s310408	F5	CI	0.2	310408	0.38645923749749617	0.3977443609022556
F5_CI_0.2_s310409	F5	CI	0.2	310409	0.35769867042460635	0.3507281916325249
F5_CI_0.2_s310410	F5	CI	0.2	310410	0.3820202551624359	0.37925075804505887
F5_CI_0.25_s310501	F5	CI	0.25	310501	0.3948832790445168	0.39608669067192065
F5_CI_0.25_s310502	F5	CI	0.25	310502	0.38935856146001074	0.38109645805242215
F5_CI_0.25_s310503	F5	CI	0.25	310503	0.36869023793640204	0.3693421846710923
F5_CI_0.25_s310504	F5	CI	0.25	310504	0.3297024143739472	0.32081368571115254
F5_CI_0.25_s310505	F5	CI	0.25	310505	0.38941093260584014	0.38679213912812155
F5_CI_0.25_s310506	F5	CI	0.25	310506	0.3457386533070913	0.35075905606493313
F5_CI_0.25_s310507	F5	CI	0.25	310507	0.3786527822974292	0.3782801907295079
F5_CI_0.25_s310508	F5	CI	0.25	310508	0.36002610235853455	0.35387491189899795
F5_CI_0.25_s310509	F5	CI	0.25	310509	0.33915562187307996	0.33685429026190133
F5_CI_0.25_s310510	F5	CI	0.25	310510	0.4036818339701285	0.4046081340548089
F5_CI_0.3_s310601	F5	CI	0.3	310601	0.3676059913683676	0.3688038277511962
F5_CI_0.3_s310602	F5	CI	0.3	310602	0.47273779504774505	0.4766740188938366
F5_CI_0.3_s310603	F5	CI	0.3	310603	0.3271782709356824	0.3213500041769931
F5_CI_0.3_s310604	F5	CI	0.3	310604	0.3787273084736877	0.3784174078571663
F5_CI_0.3_s310605	F5	CI	0.3	310605	0.44049882138240437	0.4458007062797482
F5_CI_0.3_s310606	F5	CI	0.3	310606	0.453379494846172	0.44132147987111303
F5_CI_0.3_s310607	F5	CI	0.3	310607	0.44651234926912486	0.44404890883764125
F5_CI_0.3_s310608	F5	CI	0.3	310608	0.41076961430250364	0.401456786664799
F5_CI_0.3_s310609	F5	CI	0.3	310609	0.5619982158786797	0.5567663958787399
F5_CI_0.3_s310610	F5	CI	0.3	310610	0.3715453170747402	0.3682750263099149
F5_CI_0.35_s310701	F5	CI	0.35	310701	0.41699096849988987	0.4191885722700832
F5_CI_0.35_s310702	F5	CI	0.35	310702	0.35298078100134656	0.35528462793633203
F5_CI_0.35_s310703	F5	CI	0.35	310703	0.5062274368231047	0.499031007751938
F5_CI_0.35_s310704	F5	CI	0.35	310704	0.40551517742625054	0.40741137410303097
F5_CI_0.35_s310705	F5	CI	0.35	310705	0.40956608907346415	0.40682554949948346
F5_CI_0.35_s310706	F5	CI	0.35	310706	0.41903086283996777	0.41177745664739884
F5_CI_0.35_s310707	F5	CI	0.35	310707	0.4593173730184406	0.4601884952876178
F5_CI_0.35_s310708	F5	CI	0.35	310708	0.40916917778734396	0.41222922553068175
F5_CI_0.35_s310709	F5	CI	0.35	310709	0.40934920124370106	0.40763109279522525
F5_CI_0.35_s310710	F5	CI	0.35	310710	0.4132607048807763	0.410840534171249
F5_CI_0.4_s310801	F5	CI	0.4	310801	0.4066214226722683	0.415936663856614
F5_CI_0.4_s310802	F5	CI	0.4	310802	0.4195089679506028	0.410842586544742
F5_CI_0.4_s310803	F5	CI	0.4	310803	0.39056893900563816	0.3862489415749365
F5_CI_0.4_s310804	F5	CI	0.4	310804	0.45617021276595743	0.4592274678111588
F5_CI_0.4_s310805	F5	CI	0.4	310805	0.45674320827943077	0.46420484953274876
F5_CI_0.4_s310806	F5	CI	0.4	310806	0.44268992065362556	0.4421226285400055
F5_CI_0.4_s310807	F5	CI	0.4	310807	0.45597433841218926	0.45291853497877066
F5_CI_0.4_s310808	F5	CI	0.4	310808	0.4090267983074753	0.40710558295803845
F5_CI_0.4_s310809	F5	CI	0.4	310809	0.43352006402195037	0.4246338715734134
F5_CI_0.4_s310810	F5	CI	0.4	310810	0.44338105510884485	0.43741106795369766
F5_CI_0.45_s310901	F5	CI	0.45	310901	0.4458578470345047	0.44044679600235154
F5_CI_0.45_s310902	F5	CI	0.45	310902	0.5032445432681399	0.5025766205587199
F5_CI_0.45_s310903	F5	CI	0.45	310903	0.5078057043446413	0.5129394304795474
F5_CI_0.45_s310904	F5	CI	0.45	310904	0.44424066026075515	0.4375365653886657
F5_CI_0.45_s310905	F5	CI	0.45	310905	0.5149622448028339	0.5131907803387947
F5_CI_0.45_s310906	F5	CI	0.45	310906	0.45912027321729826	0.4504264176872398
F5_CI_0.45_s310907	F5	CI	0.45	310907	0.494283280276196	0.4974264870429217
F5_CI_0.45_s310908	F5	CI	0.45	310908	0.43903582451068485	0.4409935427643307
F5_CI_0.45_s310909	F5	CI	0.45	310909	0.515326112007375	0.5179301374953549
F5_CI_0.45_s310910	F5	CI	0.45	310910	0.44729810568295114	0.44357976653696496
F5_CI_0.5_s311001	F5	CI	0.5	311001	0.5086791051703332	0.5058282635954117
F5_CI_0.5_s311002	F5	CI	0.5	311002	0.705552963135791	0.7140846014614198
F5_CI_0.5_s311003	F5	CI	0.5	311003	0.5470901598150568	0.5494616590001516
F5_CI_0.5_s311004	F5	CI	0.5	311004	0.5839463087248322	0.5894932082265015
F5_CI_0.5_s311005	F5	CI	0.5	311005	0.6542463704903733	0.6401607403799318
F5_CI_0.5_s311006	F5	CI	0.5	311006	0.5436785660339358	0.5416624685138539
F5_CI_0.5_s311007	F5	CI	0.5	311007	0.5814410480349345	0.585033265519327
F5_CI_0.5_s311008	F5	CI	0.5	311008	0.5211021314806938	0.5256177845625417
F5_CI_0.5_s311009	F5	CI	0.5	311009	0.6445786808225029	0.6258751544390186
F5_CI_0.5_s311010	F5	CI	0.5	311010	0.5377219660551359	0.5226390685640362
F5_CI_0.52_s311101	F5	CI	0.52	311101	0.5625967592114769	0.5500406008932196
F5_CI_0.52_s311102	F5	CI	0.52	311102	0.576781817214031	0.56733554537315
F5_CI_0.52_s311103	F5	CI	0.52	311103	0.5446817123772898	0.5475007604177228
F5_CI_0.52_s311104	F5	CI	0.52	311104	0.6107502155791894	0.6200878477306003
F5_CI_0.52_s311105	F5	CI	0.52	311105	0.5876260561460889	0.5850317773394696
F5_CI_0.52_s311106	F5	CI	0.52	311106	0.5635221431909039	0.5735193471966307
F5_CI_0.52_s311107	F5	CI	0.52	311107	0.6335056754026267	0.6543187236383642
F5_CI_0.52_s311108	F5	CI	0.52	311108	0.6749512036434613	0.6682066089188322
F5_CI_0.52_s311109	F5	CI	0.52	311109	0.5914825629441904	0.5904510160251115
F5_CI_0.52_s311110	F5	CI	0.52	311110	0.6230156422631854	0.614951768488746
F5_CI_0.54_s311201	F5	CI	0.54	311201	0.6406490074365435	0.6697288676236045
F5_CI_0.54_s311202	F5	CI	0.54	311202	0.5668033217702092	0.5661113454238718
F5_CI_0.54_s311203	F5	CI	0.54	311203	0.5730204650166077	0.5726995015810065
F5_CI_0.54_s311204	F5	CI	0.54	311204	0.6042543379258661	0.613290263036456
F5_CI_0.54_s311205	F5	CI	0.54	311205	0.6513039707613207	0.6271448999046711
F5_CI_0.54_s311206	F5	CI	0.54	311206	0.6359435797665369	0.6224634261444077
F5_CI_0.54_s311207	F5	CI	0.54	311207	0.6073896407972131	0.60949218526364
F5_CI_0.54_s311208	F5	CI	0.54	311208	0.5945855428411946	0.5676743937613503
F5_CI_0.54_s311209	F5	CI	0.54	311209	0.7345088874725586	0.7155433287482806
F5_CI_0.54_s311210	F5	CI	0.54	311210	0.5920184696569921	0.5935633709356337
F5_CI_0.55_s311301	F5	CI	0.55	311301	0.8151757188498403	0.8316301703163017
F5_CI_0.55_s311302	F5	CI	0.55	311302	0.6977671451355661	0.6900283772190325
F5_CI_0.55_s311303	F5	CI	0.55	311303	0.6883003687562856	0.6804428044280443
F5_CI_0.55_s311304	F5	CI	0.55	311304	0.7140952781870483	0.7276598764993967
F5_CI_0.55_s311305	F5	CI	0.55	311305	0.5693881901513537	0.5774252724722132
F5_CI_0.55_s311306	F5	CI	0.55	311306	0.6209483617607409	0.6143261837312829
F5_CI_0.55_s311307	F5	CI	0.55	311307	0.7063000348068221	0.7015329125338142
F5_CI_0.55_s311308	F5	CI	0.55	311308	0.600626245374324	0.5827953429343927
F5_CI_0.55_s311309	F5	CI	0.55	311309	0.7027173913043478	0.7015188500135612
F5_CI_0.55_s311310	F5	CI	0.55	311310	0.5937063327930244	0.5836306746445628
F5_CI_0.56_s311401	F5	CI	0.56	311401	0.7254150702426565	0.7264097478039104
F5_CI_0.56_s311402	F5	CI	0.56	311402	0.5545602179265545	0.5357955982797875
F5_CI_0.56_s311403	F5	CI	0.56	311403	0.6846311340070008	0.6673188547577121
F5_CI_0.56_s311404	F5	CI	0.56	311404	0.7215109287684799	0.719310538116592
F5_CI_0.56_s311405	F5	CI	0.56	311405	0.6866466866466866	0.6813521201296554
F5_CI_0.56_s311406	F5	CI	0.56	311406	0.7157954065097929	0.7210615471485037
F5_CI_0.56_s311407	F5	CI	0.56	311407	0.7464449792168015	0.7318575829214127
F5_CI_0.56_s311408	F5	CI	0.56	311408	0.7588926923649353	0.7726265943634003
F5_CI_0.56_s311409	F5	CI	0.56	311409	0.8321350944658084	0.828983120625772
F5_CI_0.56_s311410	F5	CI	0.56	311410	0.8328485885372113	0.8256573438285044
F5_CI_0.58_s311501	F5	CI	0.58	311501	0.8181660599757323	0.8292124945006599
F5_CI_0.58_s311502	F5	CI	0.58	311502	0.7204394333622435	0.7429621462697538
F5_CI_0.58_s311503	F5	CI	0.58	311503	0.8693619600034629	0.8528759173920464
F5_CI_0.58_s311504	F5	CI	0.58	311504	0.793487022408512	0.8212351029252438
F5_CI_0.58_s311505	F5	CI	0.58	311505	0.8220522201895892	0.8192711346169738
F5_CI_0.58_s311506	F5	CI	0.58	311506	0.8758194072569476	0.8749074759437454
F5_CI_0.58_s311507	F5	CI	0.58	311507	0.8780103336544356	0.8808518127419922
F5_CI_0.58_s311508	F5	CI	0.58	311508	0.7789993626513703	0.8052096052096052
F5_CI_0.58_s311509	F5	CI	0.58	311509	0.8797595190380761	0.9018945788782592
F5_CI_0.58_s311510	F5	CI	0.58	311510	0.6918170715158095	0.7041084520680592
F5_CI_0.6_s311601	F5	CI	0.6	311601	0.7687485666233468	0.7789243277048155
F5_CI_0.6_s311602	F5	CI	0.6	311602	0.8269662921348314	0.8496179775280899
F5_CI_0.6_s311603	F5	CI	0.6	311603	0.880007594456047	0.8878341728012399
F5_CI_0.6_s311604	F5	CI	0.6	311604	0.8023480083857443	0.8201634877384196
F5_CI_0.6_s311605	F5	CI	0.6	311605	0.8800452659373821	0.8457998736804114
F5_CI_0.6_s311606	F5	CI	0.6	311606	0.8123803977036359	0.806430553288722
F5_CI_0.6_s311607	F5	CI	0.6	311607	0.8629193109700816	0.8514922048997773
F5_CI_0.6_s311608	F5	CI	0.6	311608	0.8273492527057207	0.8472173608680434
F5_CI_0.6_s311609	F5	CI	0.6	311609	0.834665978849626	0.7925419312815503
F5_CI_0.6_s311610	F5	CI	0.6	311610	0.8582334664891256	0.8690708829276959
F5_CI_0.65_s311701	F5	CI	0.65	311701	0.8964979026436445	0.9025661193589618
F5_CI_0.65_s311702	F5	CI	0.65	311702	0.8836194066871713	0.9112585527679867
F5_CI_0.65_s311703	F5	CI	0.65	311703	0.8942020322773461	0.87962430515622
F5_CI_0.65_s311704	F5	CI	0.65	311704	0.9226688430932463	0.8939409113670506
F5_CI_0.65_s311705	F5	CI	0.65	311705	0.8847144083150568	0.8971511347175277
F5_CI_0.65_s311706	F5	CI	0.65	311706	0.8988065389629927	0.892724063541871
F5_CI_0.65_s311707	F5	CI	0.65	311707	0.8995928096136657	0.8954871694032052
F5_CI_0.65_s311708	F5	CI	0.65	311708	0.8632668144863267	0.8646748681898067
F5_CI_0.65_s311709	F5	CI	0.65	311709	0.9048054454942599	0.9036692610937026
F5_CI_0.65_s311710	F5	CI	0.65	311710	0.8970080552359033	0.8886981402002861
F5_CI_0.7_s311801	F5	CI	0.7	311801	0.8628443492650638	0.9014542865859859
F5_CI_0.7_s311802	F5	CI	0.7	311802	0.8907228795863578	0.9193034614567849
F5_CI_0.7_s311803	F5	CI	0.7	311803	0.9031469599755576	0.9258306538049303
F5_CI_0.7_s311804	F5	CI	0.7	311804	0.8974462910417511	0.9152153509229325
F5_CI_0.7_s311805	F5	CI	0.7	311805	0.9142857142857143	0.9045236606212216
F5_CI_0.7_s311806	F5	CI	0.7	311806	0.8632896538235869	0.8886193652718819
F5_CI_0.7_s311807	F5	CI	0.7	311807	0.9056915607891747	0.9012637419089695
F5_CI_0.7_s311808	F5	CI	0.7	311808	0.9350761585826942	0.9047077082255561
F5_CI_0.7_s311809	F5	CI	0.7	311809	0.9143828340769067	0.9095338983050848
F5_CI_0.7_s311810	F5	CI	0.7	311810	0.9052176597715345	0.910754678182192
F5_CI_0.75_s311901	F5	CI	0.75	311901	0.9064092831580088	0.9195303242486266
F5_CI_0.75_s311902	F5	CI	0.75	311902	0.9075327972915785	0.8925914282720319
F5_CI_0.75_s311903	F5	CI	0.75	311903	0.9198213526159081	0.9216619779268557
F5_CI_0.75_s311904	F5	CI	0.75	311904	0.8825555903538992	0.9106665240184016
F5_CI_0.75_s311905	F5	CI	0.75	311905	0.9211157114839834	0.9094777151366876
F5_CI_0.75_s311906	F5	CI	0.75	311906	0.9110564058653537	0.8949858088930936
F5_CI_0.75_s311907	F5	CI	0.75	311907	0.9306952102930046	0.8988245172124265
F5_CI_0.75_s311908	F5	CI	0.75	311908	0.9035254380409542	0.9145206665223977
F5_CI_0.75_s311909	F5	CI	0.75	311909	0.9147417051658967	0.9064290260980268
F5_CI_0.75_s311910	F5	CI	0.75	311910	0.9268187223002918	0.9293125810635539
F5_CI_0.8_s312001	F5	CI	0.8	312001	0.9099751431968011	0.9176420057983464
F5_CI_0.8_s312002	F5	CI	0.8	312002	0.9017819261773441	0.9038317856761661
F5_CI_0.8_s312003	F5	CI	0.8	312003	0.9048135299219427	0.9142979727555508
F5_CI_0.8_s312004	F5	CI	0.8	312004	0.9213161659513591	0.919084638125479
F5_CI_0.8_s312005	F5	CI	0.8	312005	0.9037502709733363	0.9207605231344104
F5_CI_0.8_s312006	F5	CI	0.8	312006	0.9003194888178914	0.9218784287908712
F5_CI_0.8_s312007	F5	CI	0.8	312007	0.917575888516798	0.9138214952245033
F5_CI_0.8_s312008	F5	CI	0.8	312008	0.9163879598662207	0.9279475982532751
F5_CI_0.8_s312009	F5	CI	0.8	312009	0.9167857535451248	0.9247217017524524
F5_CI_0.8_s312010	F5	CI	0.8	312010	0.9134615384615384	0.9190186712983066
F5_CI_0.85_s312101	F5	CI	0.85	312101	0.9169297768100163	0.9166208942106998
F5_CI_0.85_s312102	F5	CI	0.85	312102	0.9157509157509157	0.9340993578911795
F5_CI_0.85_s312103	F5	CI	0.85	312103	0.9123001776198935	0.9145706371191136
F5_CI_0.85_s312104	F5	CI	0.85	312104	0.9099911971830986	0.9298868426891502
F5_CI_0.85_s312105	F5	CI	0.85	312105	0.9257232212666145	0.9070349026856583
F5_CI_0.85_s312106	F5	CI	0.85	312106	0.9180216802168022	0.917150049250301
F5_CI_0.85_s312107	F5	CI	0.85	312107	0.9011155637387631	0.8989909949007269
F5_CI_0.85_s312108	F5	CI	0.85	312108	0.9109811565951916	0.9111791730474732
F5_CI_0.85_s312109	F5	CI	0.85	312109	0.9019180470793374	0.9151226006878953
F5_CI_0.85_s312110	F5	CI	0.85	312110	0.9053652087694172	0.8889601367959816
F5_CI_0.9_s312201	F5	CI	0.9	312201	0.9089297584755152	0.9257622624834291
F5_CI_0.9_s312202	F5	CI	0.9	312202	0.9341606342640468	0.9189621671048119
F5_CI_0.9_s312203	F5	CI	0.9	312203	0.9014647137150466	0.9133699428443348
F5_CI_0.9_s312204	F5	CI	0.9	312204	0.9203945859142005	0.9387424872861766
F5_CI_0.9_s312205	F5	CI	0.9	312205	0.9240306582506763	0.9207317073170732
F5_CI_0.9_s312206	F5	CI	0.9	312206	0.9174695298897272	0.9220720720720721
F5_CI_0.9_s312207	F5	CI	0.9	312207	0.9140170174652933	0.9129427341939755
F5_CI_0.9_s312208	F5	CI	0.9	312208	0.9007716552548636	0.9359357060849598
F5_CI_0.9_s312209	F5	CI	0.9	312209	0.9192950948479066	0.9348693966008897
F5_CI_0.9_s312210	F5	CI	0.9	312210	0.9099099099099099	0.9215377697841727
F5_CI_0.95_s312301	F5	CI	0.95	312301	0.9092967953799117	0.907240077776507
F5_CI_0.95_s312302	F5	CI	0.95	312302	0.8970231532524807	0.9216404680297837
F5_CI_0.95_s312303	F5	CI	0.95	312303	0.9127654715688513	0.9290202466837328
F5_CI_0.95_s312304	F5	CI	0.95	312304	0.9150986691142726	0.9040444091990484
F5_CI_0.95_s312305	F5	CI	0.95	312305	0.937014461575236	0.916867885477751
F5_CI_0.95_s312306	F5	CI	0.95	312306	0.9108688321906261	0.9089453214367421
F5_CI_0.95_s312307	F5	CI	0.95	312307	0.9360018617640214	0.8954626334519573
F5_CI_0.95_s312308	F5	CI	0.95	312308	0.9308529308529309	0.9100983829017302
F5_CI_0.95_s312309	F5	CI	0.95	312309	0.9286376274328082	0.9266781411359725
F5_CI_0.95_s312310	F5	CI	0.95	312310	0.9140552995391705	0.8997277676950998
F7_CI_2.0_s320101	F7	CI	2.0	320101	0.22728649303452453	0.22793670115642117
F7_CI_2.0_s320102	F7	CI	2.0	320102	0.31394164206786657	0.3219402264312926
F7_CI_2.0_s320103	F7	CI	2.0	320103	0.2852326685660019	0.287867514700588
F7_CI_2.0_s320104	F7	CI	2.0	320104	0.21573936275125066	0.219210478442787
F7_CI_2.0_s320105	F7	CI	2.0	320105	0.27362308237499716	0.264006037467815
F7_CI_2.0_s320106	F7	CI	2.0	320106	0.33469158353238726	0.3362010414308354
F7_CI_2.0_s320107	F7	CI	2.0	320107	0.34130176174021415	0.33302871701143694
F7_CI_2.0_s320108	F7	CI	2.0	320108	0.24529935675408213	0.24349533627884143
F7_CI_2.0_s320109	F7	CI	2.0	320109	0.22212754922481337	0.2197252064605715
F7_CI_2.0_s320110	F7	CI	2.0	320110	0.29265188231262546	0.2993303067546214
F7_CI_10.0_s320201	F7	CI	10.0	320201	0.27357134709706854	0.2751138678446362
F7_CI_10.0_s320202	F7	CI	10.0	320202	0.2819818759562198	0.28097931973427853
F7_CI_10.0_s320203	F7	CI	10.0	320203	0.21444614781275625	0.21310806254104034
F7_CI_10.0_s320204	F7	CI	10.0	320204	0.23613209583423267	0.23267355524106778
F7_CI_10.0_s320205	F7	CI	10.0	320205	0.2432300956705043	0.24456755044052414
F7_CI_10.0_s320206	F7	CI	10.0	320206	0.24851010627214004	0.24509001636661212
F7_CI_10.0_s320207	F7	CI	10.0	320207	0.24520229800757853	0.2460682659467861
F7_CI_10.0_s320208	F7	CI	10.0	320208	0.25262672231193506	0.2523833416959358
F7_CI_10.0_s320209	F7	CI	10.0	320209	0.3236006421943454	0.32511082705539995
F7_CI_10.0_s320210	F7	CI	10.0	320210	0.258518933356309	0.25555391151789303
F7_CI_20.0_s320301	F7	CI	20.0	320301	0.3124657212254172	0.30768834513844173
F7_CI_20.0_s320302	F7	CI	20.0	320302	0.2951790871615117	0.29561235042103706
F7_CI_20.0_s320303	F7	CI	20.0	320303	0.3037974683544304	0.3037160793843661
F7_CI_20.0_s320304	F7	CI	20.0	320304	0.27632183908045976	0.2755832755832756
F7_CI_20.0_s320305	F7	CI	20.0	320305	0.3141333753578652	0.3146197294102194
F7_CI_20.0_s320306	F7	CI	20.0	320306	0.3418576459042891	0.34469520707305723
F7_CI_20.0_s320307	F7	CI	20.0	320307	0.30542830087272543	0.29826890798406697
F7_CI_20.0_s320308	F7	CI	20.0	320308	0.2857415856484246	0.28294344442604724
F7_CI_20.0_s320309	F7	CI	20.0	320309	0.3323730946720738	0.32919836806704156
F7_CI_20.0_s320310	F7	CI	20.0	320310	0.28426177860518403	0.28356187171748376
F7_CI_30.0_s320401	F7	CI	30.0	320401	0.31220484835764506	0.3085927383850417
F7_CI_30.0_s320402	F7	CI	30.0	320402	0.295561850802644	0.29431355618601207
F7_CI_30.0_s320403	F7	CI	30.0	320403	0.3352061495457722	0.3300528217959411
F7_CI_30.0_s320404	F7	CI	30.0	320404	0.2798602808448789	0.2743383305570979
F7_CI_30.0_s320405	F7	CI	30.0	320405	0.33863220494053065	0.33554357947010527
F7_CI_30.0_s320406	F7	CI	30.0	320406	0.2735579141670512	0.2704498395867938
F7_CI_30.0_s320407	F7	CI	30.0	320407	0.331909666973732	0.3292452830188679
F7_CI_30.0_s320408	F7	CI	30.0	320408	0.337078012570746	0.33672916131609737
F7_CI_30.0_s320409	F7	CI	30.0	320409	0.3199247615208921	0.3174975353707602
F7_CI_30.0_s320410	F7	CI	30.0	320410	0.3431973182291065	0.3419994794528471
F7_CI_40.0_s320501	F7	CI	40.0	320501	0.40467860327913835	0.4004479587334985
F7_CI_40.0_s320502	F7	CI	40.0	320502	0.40025770574073444	0.3847592793147583
F7_CI_40.0_s320503	F7	CI	40.0	320503	0.40307062436028657	0.40444963263063927
F7_CI_40.0_s320504	F7	CI	40.0	320504	0.3580209347614411	0.3520415783028167
F7_CI_40.0_s320505	F7	CI	40.0	320505	0.359606061530018	0.35218891268141805
F7_CI_40.0_s320506	F7	CI	40.0	320506	0.4161453363022656	0.4100842686807231
F7_CI_40.0_s320507	F7	CI	40.0	320507	0.40416923815401495	0.4050894085281981
F7_CI_40.0_s320508	F7	CI	40.0	320508	0.4974337040205304	0.4909228441754917
F7_CI_40.0_s320509	F7	CI	40.0	320509	0.3850907307503678	0.37733904473574026
F7_CI_40.0_s320510	F7	CI	40.0	320510	0.42120818915801617	0.41893195213430967
F7_CI_50.0_s320601	F7	CI	50.0	320601	0.48496507883400947	0.47904987334413024
F7_CI_50.0_s320602	F7	CI	50.0	320602	0.5014964216005205	0.5039198606271778
F7_CI_50.0_s320603	F7	CI	50.0	320603	0.4526613283089967	0.4498830865159782
F7_CI_50.0_s320604	F7	CI	50.0	320604	0.5429663536406966	0.5526416539050536
F7_CI_50.0_s320605	F7	CI	50.0	320605	0.5503923900118906	0.5463317723854122
F7_CI_50.0_s320606	F7	CI	50.0	320606	0.49094736842105263	0.4822406639004149
F7_CI_50.0_s320607	F7	CI	50.0	320607	0.519245486877054	0.5070126227208976
F7_CI_50.0_s320608	F7	CI	50.0	320608	0.5471760327853408	0.52606093828514
F7_CI_50.0_s320609	F7	CI	50.0	320609	0.5058420451550558	0.5192480661989567
F7_CI_50.0_s320610	F7	CI	50.0	320610	0.4922231614539307	0.5067247007616975
F7_CI_60.0_s320701	F7	CI	60.0	320701	0.5688442211055277	0.5733657154422181
F7_CI_60.0_s320702	F7	CI	60.0	320702	0.5514073494917905	0.549813170281943
F7_CI_60.0_s320703	F7	CI	60.0	320703	0.545569312940034	0.5501097293343087
F7_CI_60.0_s320704	F7	CI	60.0	320704	0.5018936862273314	0.5097950708675634
F7_CI_60.0_s320705	F7	CI	60.0	320705	0.5188326955880319	0.5131453045974392
F7_CI_60.0_s320706	F7	CI	60.0	320706	0.6670616113744076	0.6739896125604442
F7_CI_60.0_s320707	F7	CI	60.0	320707	0.5829332507356357	0.5786677564364529
F7_CI_60.0_s320708	F7	CI	60.0	320708	0.5567583672658655	0.5564296670130127
F7_CI_60.0_s320709	F7	CI	60.0	320709	0.6179645969200417	0.6223206867903628
F7_CI_60.0_s320710	F7	CI	60.0	320710	0.5353420504074284	0.5166324435318275
F7_CI_70.0_s320801	F7	CI	70.0	320801	0.7379446371488811	0.7244052746670201
F7_CI_70.0_s320802	F7	CI	70.0	320802	0.7413035901010805	0.757027122226136
F7_CI_70.0_s320803	F7	CI	70.0	320803	0.7263492923410306	0.7232190680235672
F7_CI_70.0_s320804	F7	CI	70.0	320804	0.7140125288493241	0.7179351772394218
F7_CI_70.0_s320805	F7	CI	70.0	320805	0.8138859152775654	0.8192994664810949
F7_CI_70.0_s320806	F7	CI	70.0	320806	0.7412413793103448	0.7551106132735929
F7_CI_70.0_s320807	F7	CI	70.0	320807	0.7168706758914316	0.709656343917418
F7_CI_70.0_s320808	F7	CI	70.0	320808	0.7992193950311491	0.8079759217456735
F7_CI_70.0_s320809	F7	CI	70.0	320809	0.6948837804956137	0.6971333076230878
F7_CI_70.0_s320810	F7	CI	70.0	320810	0.763178487586256	0.7873415866969453
F7_CI_80.0_s320901	F7	CI	80.0	320901	0.8448982873683364	0.8578874501180878
F7_CI_80.0_s320902	F7	CI	80.0	320902	0.8552145267555841	0.8514198375030166
F7_CI_80.0_s320903	F7	CI	80.0	320903	0.8780406531156282	0.8661080992278627
F7_CI_80.0_s320904	F7	CI	80.0	320904	0.8447635952880426	0.8504711183941008
F7_CI_80.0_s320905	F7	CI	80.0	320905	0.8414244650271478	0.8535463568143307
F7_CI_80.0_s320906	F7	CI	80.0	320906	0.8577029897075641	0.8649719379333113
F7_CI_80.0_s320907	F7	CI	80.0	320907	0.8524216524216525	0.8639696794924611
F7_CI_80.0_s320908	F7	CI	80.0	320908	0.8675518672199171	0.8746671105193076
F7_CI_80.0_s320909	F7	CI	80.0	320909	0.8588987217305801	0.866903209835795
F7_CI_80.0_s320910	F7	CI	80.0	320910	0.8617458490876212	0.856791943011545
F7_noCI_2.0_s325101	F7	noCI	2.0	325101	0.3382378497364305	0.34123774331519685
F7_noCI_2.0_s325102	F7	noCI	2.0	325102	0.34302991164470015	0.34861891665670214
F7_noCI_2.0_s325103	F7	noCI	2.0	325103	0.398979418268413	0.3893793605131766
F7_noCI_2.0_s325104	F7	noCI	2.0	325104	0.31157727031332977	0.31393335641797404
F7_noCI_2.0_s325105	F7	noCI	2.0	325105	0.37422647527910685	0.36904348923018704
F7_noCI_2.0_s325106	F7	noCI	2.0	325106	0.4659215606584028	0.4516255693419193
F7_noCI_2.0_s325107	F7	noCI	2.0	325107	0.3087671376792562	0.308475559893429
F7_noCI_2.0_s325108	F7	noCI	2.0	325108	0.3098762500329824	0.31768718531752477
F7_noCI_2.0_s325109	F7	noCI	2.0	325109	0.3395635012769909	0.335800768921788
F7_noCI_2.0_s325110	F7	noCI	2.0	325110	0.37971652320238175	0.37337662337662336
F7_noCI_4.0_s325201	F7	noCI	4.0	325201	0.4694525803390949	0.4693320089396573
F7_noCI_4.0_s325202	F7	noCI	4.0	325202	0.4201263373133238	0.4110928688700121
F7_noCI_4.0_s325203	F7	noCI	4.0	325203	0.41013874448786436	0.4070865861048729
F7_noCI_4.0_s325204	F7	noCI	4.0	325204	0.44780090781029896	0.4341669521525637
F7_noCI_4.0_s325205	F7	noCI	4.0	325205	0.40583777715408365	0.41052706654304255
F7_noCI_4.0_s325206	F7	noCI	4.0	325206	0.38260006615944425	0.39980685659101883
F7_noCI_4.0_s325207	F7	noCI	4.0	325207	0.4268657819835138	0.416440340394713
F7_noCI_4.0_s325208	F7	noCI	4.0	325208	0.36000995706017797	0.3617437777708728
F7_noCI_4.0_s325209	F7	noCI	4.0	325209	0.42578777418995656	0.4263091058489579
F7_noCI_4.0_s325210	F7	noCI	4.0	325210	0.38500681810622944	0.38694358048225813
F7_noCI_6.0_s325301	F7	noCI	6.0	325301	0.45761543762922124	0.45458202590715263
F7_noCI_6.0_s325302	F7	noCI	6.0	325302	0.4562676340185409	0.4472276168205779
F7_noCI_6.0_s325303	F7	noCI	6.0	325303	0.48960252698078444	0.49497196760701256
F7_noCI_6.0_s325304	F7	noCI	6.0	325304	0.520259471655542	0.5230219883480549
F7_noCI_6.0_s325305	F7	noCI	6.0	325305	0.47192997222456023	0.4929303640862496
F7_noCI_6.0_s325306	F7	noCI	6.0	325306	0.46114607758443377	0.4589613368283093
F7_noCI_6.0_s325307	F7	noCI	6.0	325307	0.4531660934655068	0.44373908903348674
F7_noCI_6.0_s325308	F7	noCI	6.0	325308	0.5666649722970569	0.5693617894520829
F7_noCI_6.0_s325309	F7	noCI	6.0	325309	0.4642084235059098	0.46829672606713635
F7_noCI_6.0_s325310	F7	noCI	6.0	325310	0.4260435060299808	0.4222088925545475
F7_noCI_8.0_s325401	F7	noCI	8.0	325401	0.5863174482421344	0.5886334336055007
F7_noCI_8.0_s325402	F7	noCI	8.0	325402	0.6356223953614786	0.6335813730196832
F7_noCI_8.0_s325403	F7	noCI	8.0	325403	0.7141977420458433	0.7394863900356868
F7_noCI_8.0_s325404	F7	noCI	8.0	325404	0.6231108497500735	0.6054363376251788
F7_noCI_8.0_s325405	F7	noCI	8.0	325405	0.5530233971437253	0.558546571136131
F7_noCI_8.0_s325406	F7	noCI	8.0	325406	0.6431799888551792	0.6701268742791234
F7_noCI_8.0_s325407	F7	noCI	8.0	325407	0.5325676139989202	0.5460018059596669
F7_noCI_8.0_s325408	F7	noCI	8.0	325408	0.640505075513741	0.6676088911730695
F7_noCI_8.0_s325409	F7	noCI	8.0	325409	0.5651742333211431	0.5548021455318287
F7_noCI_8.0_s325410	F7	noCI	8.0	325410	0.6041573535985695	0.5543729754743174
F7_noCI_10.0_s325501	F7	noCI	10.0	325501	0.7711458172259162	0.746410760163216
F7_noCI_10.0_s325502	F7	noCI	10.0	325502	0.7959582790091264	0.800688411735781
F7_noCI_10.0_s325503	F7	noCI	10.0	325503	0.7757643490061468	0.7690584753219742
F7_noCI_10.0_s325504	F7	noCI	10.0	325504	0.8453048670164647	0.8572483159545999
F7_noCI_10.0_s325505	F7	noCI	10.0	325505	0.8626744709590275	0.8730553254165516
F7_noCI_10.0_s325506	F7	noCI	10.0	325506	0.8663817134361643	0.8921662516759241
F7_noCI_10.0_s325507	F7	noCI	10.0	325507	0.8353491657102499	0.8046769851951547
F7_noCI_10.0_s325508	F7	noCI	10.0	325508	0.8041867954911434	0.7586831772878284
F7_noCI_10.0_s325509	F7	noCI	10.0	325509	0.7588968643747639	0.73683440608543
F7_noCI_10.0_s325510	F7	noCI	10.0	325510	0.8637983009043574	0.8837641807699461
F7_noCI_15.0_s325601	F7	noCI	15.0	325601	0.9237250554323725	0.9198285101822079
F7_noCI_15.0_s325602	F7	noCI	15.0	325602	0.923493128449302	0.9287490539517785
F7_noCI_15.0_s325603	F7	noCI	15.0	325603	0.9151912568306011	0.9285085789705235
F7_noCI_15.0_s325604	F7	noCI	15.0	325604	0.917523609653725	0.9495219034912163
F7_noCI_15.0_s325605	F7	noCI	15.0	325605	0.9095132509766656	0.8996206295498821
F7_noCI_15.0_s325606	F7	noCI	15.0	325606	0.9230769230769231	0.9055848261327714
F7_noCI_15.0_s325607	F7	noCI	15.0	325607	0.9242607453006486	0.9129135538954108
F7_noCI_15.0_s325608	F7	noCI	15.0	325608	0.9242932957868515	0.9035841542653532
F7_noCI_15.0_s325609	F7	noCI	15.0	325609	0.9261051952242659	0.9289844005672521
F7_noCI_15.0_s325610	F7	noCI	15.0	325610	0.8966301426504032	0.9266143762759214
F7_noCI_20.0_s325701	F7	noCI	20.0	325701	0.9073149073149073	0.9207172662681854
F7_noCI_20.0_s325702	F7	noCI	20.0	325702	0.9309007981755987	0.9148603351955307
F7_noCI_20.0_s325703	F7	noCI	20.0	325703	0.9266116439884007	0.8915715062533985
F7_noCI_20.0_s325704	F7	noCI	20.0	325704	0.9230426053981708	0.922077922077922
F7_noCI_20.0_s325705	F7	noCI	20.0	325705	0.9075357297531399	0.8858168003376953
F7_noCI_20.0_s325706	F7	noCI	20.0	325706	0.9272522522522523	0.9283629014147765
F7_noCI_20.0_s325707	F7	noCI	20.0	325707	0.940634135372161	0.9082518404570926
F7_noCI_20.0_s325708	F7	noCI	20.0	325708	0.9220214955408187	0.9297869942522259
F7_noCI_20.0_s325709	F7	noCI	20.0	325709	0.9242700729927007	0.9129003949100483
F7_noCI_20.0_s325710	F7	noCI	20.0	325710	0.9033513513513514	0.9204984011467637
F7_noCI_40.0_s325801	F7	noCI	40.0	325801	0.9158791272896978	0.9234510712217718
F7_noCI_40.0_s325802	F7	noCI	40.0	325802	0.9175677246831764	0.9069239500567536
F7_noCI_40.0_s325803	F7	noCI	40.0	325803	0.9215119639348053	0.9172254335260116
F7_noCI_40.0_s325804	F7	noCI	40.0	325804	0.9269753513015434	0.9315100514258999
F7_noCI_40.0_s325805	F7	noCI	40.0	325805	0.9234161058250174	0.8998640688717716
F7_noCI_40.0_s325806	F7	noCI	40.0	325806	0.9186658864833236	0.8947249774571686
F7_noCI_40.0_s325807	F7	noCI	40.0	325807	0.9352193034589326	0.908204895738894
F7_noCI_40.0_s325808	F7	noCI	40.0	325808	0.9177712609970674	0.9255427986813687
F7_noCI_40.0_s325809	F7	noCI	40.0	325809	0.9333333333333333	0.9226816164447559
F7_noCI_40.0_s325810	F7	noCI	40.0	325810	0.9146438746438746	0.9198135198135198
F7_noCI_60.0_s325901	F7	noCI	60.0	325901	0.8996571428571428	0.8973506136024774
F7_noCI_60.0_s325902	F7	noCI	60.0	325902	0.9027379997708787	0.9248732161811535
F7_noCI_60.0_s325903	F7	noCI	60.0	325903	0.9137453874538746	0.9166957940114179
F7_noCI_60.0_s325904	F7	noCI	60.0	325904	0.9132451867316168	0.9031194820482636
F7_noCI_60.0_s325905	F7	noCI	60.0	325905	0.8954219030520646	0.9033575317604355
F7_noCI_60.0_s325906	F7	noCI	60.0	325906	0.891626739676021	0.9107121905432359
F7_noCI_60.0_s325907	F7	noCI	60.0	325907	0.9094938185211103	0.9069740365583886
F7_noCI_60.0_s325908	F7	noCI	60.0	325908	0.9174503657262278	0.9025664319781966
F7_noCI_60.0_s325909	F7	noCI	60.0	325909	0.9017908064332155	0.9254911356013417
F7_noCI_60.0_s325910	F7	noCI	60.0	325910	0.9029816513761468	0.9230587958053493
F7_noCI_80.0_s326001	F7	noCI	80.0	326001	0.8929353463178518	0.8738036946361006
F7_noCI_80.0_s326002	F7	noCI	80.0	326002	0.9027938120526438	0.8890649762282092
F7_noCI_80.0_s326003	F7	noCI	80.0	326003	0.8830350106945851	0.8974241030358786
F7_noCI_80.0_s326004	F7	noCI	80.0	326004	0.8982992809040063	0.8959204429879082
F7_noCI_80.0_s326005	F7	noCI	80.0	326005	0.9042540993005389	0.9142268984446478
F7_noCI_80.0_s326006	F7	noCI	80.0	326006	0.8922833220185562	0.8993410588502613
F7_noCI_80.0_s326007	F7	noCI	80.0	326007	0.889216799091941	0.893979509612064
F7_noCI_80.0_s326008	F7	noCI	80.0	326008	0.8746375195181798	0.8885597082953509
F7_noCI_80.0_s326009	F7	noCI	80.0	326009	0.905075731298416	0.9029757154258351
F7_noCI_80.0_s326010	F7	noCI	80.0	326010	0.8992373468916108	0.9080433279557502
F8_CI_0.0_s330101	F8	CI	0.0	330101	0.9173352962826647	0.9183778611908442
F8_CI_0.0_s330102	F8	CI	0.0	330102	0.8384326355340848	0.8589982728842832
F8_CI_0.0_s330103	F8	CI	0.0	330103	0.91158357771261	0.9159084238332844
F8_CI_0.0_s330104	F8	CI	0.0	330104	0.9025804581037982	0.9118398948214155
F8_CI_0.0_s330105	F8	CI	0.0	330105	0.9102293410993811	0.8898075552387741
F8_CI_0.0_s330106	F8	CI	0.0	330106	0.8140795402599099	0.8104532779975359
F8_CI_0.0_s330107	F8	CI	0.0	330107	0.9191784869976359	0.9213831830944288
F8_CI_0.0_s330108	F8	CI	0.0	330108	0.9138966173671108	0.9188514357053683
F8_CI_0.0_s330109	F8	CI	0.0	330109	0.922077922077922	0.929678188319428
F8_CI_0.0_s330110	F8	CI	0.0	330110	0.914569923932124	0.9179049580697366
F8_CI_200.0_s330201	F8	CI	200.0	330201	0.5500955500955501	0.5577534928759165
F8_CI_200.0_s330202	F8	CI	200.0	330202	0.5104765123352484	0.5126114649681529
F8_CI_200.0_s330203	F8	CI	200.0	330203	0.6254862299673254	0.6176380211000717
F8_CI_200.0_s330204	F8	CI	200.0	330204	0.536144308670158	0.5323473409201612
F8_CI_200.0_s330205	F8	CI	200.0	330205	0.5993152384260408	0.5993131936495297
F8_CI_200.0_s330206	F8	CI	200.0	330206	0.4848218213814342	0.47689274447949526
F8_CI_200.0_s330207	F8	CI	200.0	330207	0.559751056616042	0.5596818202839569
F8_CI_200.0_s330208	F8	CI	200.0	330208	0.5640712945590994	0.5506781524926686
F8_CI_200.0_s330209	F8	CI	200.0	330209	0.5672720446759585	0.5735580346546404
F8_CI_200.0_s330210	F8	CI	200.0	330210	0.4931640228812528	0.50598304803058
F8_CI_500.0_s330301	F8	CI	500.0	330301	0.44834861329548503	0.4511376783648284
F8_CI_500.0_s330302	F8	CI	500.0	330302	0.3938167096061833	0.3984411744943896
F8_CI_500.0_s330303	F8	CI	500.0	330303	0.37336798073266575	0.37541135499536726
F8_CI_500.0_s330304	F8	CI	500.0	330304	0.4052005077012795	0.4052902782548952
F8_CI_500.0_s330305	F8	CI	500.0	330305	0.41381007629293676	0.4155999858951303
F8_CI_500.0_s330306	F8	CI	500.0	330306	0.39305666400638467	0.3932384937238494
F8_CI_500.0_s330307	F8	CI	500.0	330307	0.4204113810650039	0.42009819732645237
F8_CI_500.0_s330308	F8	CI	500.0	330308	0.3694447054401954	0.37390117736663386
F8_CI_500.0_s330309	F8	CI	500.0	330309	0.39846743295019155	0.3963034889171633
F8_CI_500.0_s330310	F8	CI	500.0	330310	0.3978658021814743	0.3849651607838006
F8_CI_1000.0_s330401	F8	CI	1000.0	330401	0.32335600907029477	0.31538247566063976
F8_CI_1000.0_s330402	F8	CI	1000.0	330402	0.3068424900490103	0.30092912131669763
F8_CI_1000.0_s330403	F8	CI	1000.0	330403	0.3155498806417587	0.31221096674741244
F8_CI_1000.0_s330404	F8	CI	1000.0	330404	0.2894984365864199	0.2886146800661493
F8_CI_1000.0_s330405	F8	CI	1000.0	330405	0.3074307916464303	0.3110575738494812
F8_CI_1000.0_s330406	F8	CI	1000.0	330406	0.26993339676498573	0.2669266550768219
F8_CI_1000.0_s330407	F8	CI	1000.0	330407	0.33741674595623217	0.33517441001860765
F8_CI_1000.0_s330408	F8	CI	1000.0	330408	0.27296638133040024	0.2677420871937168
F8_CI_1000.0_s330409	F8	CI	1000.0	330409	0.30836265223274695	0.30635372468983296
F8_CI_1000.0_s330410	F8	CI	1000.0	330410	0.2654218695297001	0.2661430654188026
F8_CI_2000.0_s330501	F8	CI	2000.0	330501	0.29349000914558104	0.2938510971356384
F8_CI_2000.0_s330502	F8	CI	2000.0	330502	0.24277404108343936	0.24674845493958122
F8_CI_2000.0_s330503	F8	CI	2000.0	330503	0.20359053439183658	0.20057274200233619
F8_CI_2000.0_s330504	F8	CI	2000.0	330504	0.19981301421091996	0.19805446037068425
F8_CI_2000.0_s330505	F8	CI	2000.0	330505	0.2078919024772349	0.20741688971643585
F8_CI_2000.0_s330506	F8	CI	2000.0	330506	0.28286003516436675	0.2818235012500665
F8_CI_2000.0_s330507	F8	CI	2000.0	330507	0.27315661182205975	0.27072017702675516
F8_CI_2000.0_s330508	F8	CI	2000.0	330508	0.1851042974325463	0.1830510796417747
F8_CI_2000.0_s330509	F8	CI	2000.0	330509	0.21938985280815723	0.2178483016111359
F8_CI_2000.0_s330510	F8	CI	2000.0	330510	0.22103714600956234	0.21999107541276217
F8_CI_3000.0_s330601	F8	CI	3000.0	330601	0.2231278877168512	0.22533423776284983
F8_CI_3000.0_s330602	F8	CI	3000.0	330602	0.20915887086890805	0.20340813632545302
F8_CI_3000.0_s330603	F8	CI	3000.0	330603	0.22092748263926215	0.22857142857142856
F8_CI_3000.0_s330604	F8	CI	3000.0	330604	0.21219982980843072	0.21724116014491218
F8_CI_3000.0_s330605	F8	CI	3000.0	330605	0.22224637051204033	0.22346441621715676
F8_CI_3000.0_s330606	F8	CI	3000.0	330606	0.20249258160237388	0.2012457508891203
F8_CI_3000.0_s330607	F8	CI	3000.0	330607	0.22546936271825094	0.22704305059624066
F8_CI_3000.0_s330608	F8	CI	3000.0	330608	0.20180187299956534	0.20417836729003605
F8_CI_3000.0_s330609	F8	CI	3000.0	330609	0.1998827437951925	0.19996113486202877
F8_CI_3000.0_s330610	F8	CI	3000.0	330610	0.20655400084802228	0.21100711649436185
F8_CI_4000.0_s330701	F8	CI	4000.0	330701	0.20175132785103458	0.1925085219995665
F8_CI_4000.0_s330702	F8	CI	4000.0	330702	0.20281412807154284	0.19914138755011948
F8_CI_4000.0_s330703	F8	CI	4000.0	330703	0.18533035764520545	0.18145891651572535
F8_CI_4000.0_s330704	F8	CI	4000.0	330704	0.20420766602165588	0.1945124458980435
F8_CI_4000.0_s330705	F8	CI	4000.0	330705	0.1870372824872664	0.19037929975429976
F8_CI_4000.0_s330706	F8	CI	4000.0	330706	0.19349237356696067	0.19184913893867372
F8_CI_4000.0_s330707	F8	CI	4000.0	330707	0.1805298601346851	0.18020173759387426
F8_CI_4000.0_s330708	F8	CI	4000.0	330708	0.19428750784682988	0.19546714367149567
F8_CI_4000.0_s330709	F8	CI	4000.0	330709	0.19653684817399256	0.1960409827912066
F8_CI_4000.0_s330710	F8	CI	4000.0	330710	0.17189536803684713	0.17218088936126444
F8_CI_5000.0_s330801	F8	CI	5000.0	330801	0.18253105590062113	0.1844281663516068
F8_CI_5000.0_s330802	F8	CI	5000.0	330802	0.16789820096533567	0.16993254667449767
F8_CI_5000.0_s330803	F8	CI	5000.0	330803	0.20591726381500858	0.21302126106396568
F8_CI_5000.0_s330804	F8	CI	5000.0	330804	0.15420976802162759	0.15492404400209533
F8_CI_5000.0_s330805	F8	CI	5000.0	330805	0.1807825086306099	0.17513838071113613
F8_CI_5000.0_s330806	F8	CI	5000.0	330806	0.19084868197872806	0.19798804490450503
F8_CI_5000.0_s330807	F8	CI	5000.0	330807	0.1712099989225299	0.16811852909675115
F8_CI_5000.0_s330808	F8	CI	5000.0	330808	0.20432860134977893	0.2002247333941103
F8_CI_5000.0_s330809	F8	CI	5000.0	330809	0.1533777720805025	0.1508151958216253
F8_CI_5000.0_s330810	F8	CI	5000.0	330810	0.14848179412876403	0.1527306785518199
F8_noCI_250.0_s335101	F8	noCI	250.0	335101	0.9459588713534194	0.942175572519084
F8_noCI_250.0_s335102	F8	noCI	250.0	335102	0.9513194245975041	0.9459356558157244
F8_noCI_250.0_s335103	F8	noCI	250.0	335103	0.9387793604376946	0.9397748592870544
F8_noCI_250.0_s335104	F8	noCI	250.0	335104	0.9364498263399981	0.9435683070492115
F8_noCI_250.0_s335105	F8	noCI	250.0	335105	0.946046246074793	0.9496981891348089
F8_noCI_250.0_s335106	F8	noCI	250.0	335106	0.9407519939232815	0.9507035512587345
F8_noCI_250.0_s335107	F8	noCI	250.0	335107	0.947298452188776	0.9381578947368421
F8_noCI_250.0_s335108	F8	noCI	250.0	335108	0.9459613196814562	0.9404311649016641
F8_noCI_250.0_s335109	F8	noCI	250.0	335109	0.9427921954915703	0.9357369699234074
F8_noCI_250.0_s335110	F8	noCI	250.0	335110	0.93181185638742	0.9431850516930665
F8_noCI_500.0_s335201	F8	noCI	500.0	335201	0.9365693516238714	0.9288407163053722
F8_noCI_500.0_s335202	F8	noCI	500.0	335202	0.9244424214838416	0.9121091529277999
F8_noCI_500.0_s335203	F8	noCI	500.0	335203	0.9048376107199637	0.9161573059624034
F8_noCI_500.0_s335204	F8	noCI	500.0	335204	0.9212135194370746	0.9314619883040935
F8_noCI_500.0_s335205	F8	noCI	500.0	335205	0.9277025476245123	0.9058558558558558
F8_noCI_500.0_s335206	F8	noCI	500.0	335206	0.8841059602649006	0.9044542672560354
F8_noCI_500.0_s335207	F8	noCI	500.0	335207	0.9259480799138653	0.9313725490196079
F8_noCI_500.0_s335208	F8	noCI	500.0	335208	0.9110056706399722	0.9165394999413077
F8_noCI_500.0_s335209	F8	noCI	500.0	335209	0.923880774254839	0.930813207327033
F8_noCI_500.0_s335210	F8	noCI	500.0	335210	0.9236355118294682	0.92676089241911
F8_noCI_1000.0_s335301	F8	noCI	1000.0	335301	0.8638073739653875	0.8467986445514536
F8_noCI_1000.0_s335302	F8	noCI	1000.0	335302	0.8671276396935153	0.8669215365010012
F8_noCI_1000.0_s335303	F8	noCI	1000.0	335303	0.8695321414986686	0.8713201259026107
F8_noCI_1000.0_s335304	F8	noCI	1000.0	335304	0.8830917874396135	0.8322007318348145
F8_noCI_1000.0_s335305	F8	noCI	1000.0	335305	0.8531746031746031	0.8455830388692579
F8_noCI_1000.0_s335306	F8	noCI	1000.0	335306	0.8268625393494229	0.8669932861549628
F8_noCI_1000.0_s335307	F8	noCI	1000.0	335307	0.8706512042818911	0.907750472589792
F8_noCI_1000.0_s335308	F8	noCI	1000.0	335308	0.8691061350810122	0.8717948717948718
F8_noCI_1000.0_s335309	F8	noCI	1000.0	335309	0.8608996539792387	0.856679286100595
F8_noCI_1000.0_s335310	F8	noCI	1000.0	335310	0.8393511250654108	0.8632385120350109
F8_noCI_2000.0_s335401	F8	noCI	2000.0	335401	0.8210757409440176	0.8520807581376184
F8_noCI_2000.0_s335402	F8	noCI	2000.0	335402	0.7777777777777778	0.8512820512820513
F8_noCI_2000.0_s335403	F8	noCI	2000.0	335403	0.8529176658673061	0.8019915741095366
F8_noCI_2000.0_s335404	F8	noCI	2000.0	335404	0.8079840319361278	0.8225331369661266
F8_noCI_2000.0_s335405	F8	noCI	2000.0	335405	0.8629180448364572	0.7863247863247863
F8_noCI_2000.0_s335406	F8	noCI	2000.0	335406	0.8088119590873328	0.8102893890675241
F8_noCI_2000.0_s335407	F8	noCI	2000.0	335407	0.7636232407073259	0.8239845261121856
F8_noCI_2000.0_s335408	F8	noCI	2000.0	335408	0.7913340935005702	0.7922928709055876
F8_noCI_2000.0_s335409	F8	noCI	2000.0	335409	0.7906197654941374	0.8205314888969785
F8_noCI_2000.0_s335410	F8	noCI	2000.0	335410	0.8366564417177914	0.7708401438378555
F8_noCI_3000.0_s335501	F8	noCI	3000.0	335501	0.8118249005116543	0.7806774014436424
F8_noCI_3000.0_s335502	F8	noCI	3000.0	335502	0.6744298884036876	0.688588007736944
F8_noCI_3000.0_s335503	F8	noCI	3000.0	335503	0.7392959086584205	0.7501232134056185
F8_noCI_3000.0_s335504	F8	noCI	3000.0	335504	0.790647090810223	0.7248730964467005
F8_noCI_3000.0_s335505	F8	noCI	3000.0	335505	0.7132867132867133	0.8087248322147651
F8_noCI_3000.0_s335506	F8	noCI	3000.0	335506	0.8119800332778702	0.735279057859703
F8_noCI_3000.0_s335507	F8	noCI	3000.0	335507	0.7752928647497338	0.687471317117944
F8_noCI_3000.0_s335508	F8	noCI	3000.0	335508	0.7336574824419233	0.7509536784741144
F8_noCI_3000.0_s335509	F8	noCI	3000.0	335509	0.7902600996126176	0.6844401357246728
F8_noCI_3000.0_s335510	F8	noCI	3000.0	335510	0.7196652719665272	0.7748236570808464
F8_noCI_4000.0_s335601	F8	noCI	4000.0	335601	0.7125081859855926	0.7343532684283728
F8_noCI_4000.0_s335602	F8	noCI	4000.0	335602	0.7776261937244202	0.7517433751743375
F8_noCI_4000.0_s335603	F8	noCI	4000.0	335603	0.8154574132492114	0.755192878338279
F8_noCI_4000.0_s335604	F8	noCI	4000.0	335604	0.6396633350867964	0.7486772486772487
F8_noCI_4000.0_s335605	F8	noCI	4000.0	335605	0.7232876712328767	0.7333333333333333
F8_noCI_4000.0_s335606	F8	noCI	4000.0	335606	0.7791771620486986	0.7742448330683624
F8_noCI_4000.0_s335607	F8	noCI	4000.0	335607	0.7473426001635323	0.6941340782122905
F8_noCI_4000.0_s335608	F8	noCI	4000.0	335608	0.7904	0.8056589724497394
F8_noCI_4000.0_s335609	F8	noCI	4000.0	335609	0.613722998729352	0.7671232876712328
F8_noCI_4000.0_s335610	F8	noCI	4000.0	335610	0.7777777777777778	0.7496542185338866
F8_noCI_5000.0_s335701	F8	noCI	5000.0	335701	0.6072186836518046	0.7106109324758842
F8_noCI_5000.0_s335702	F8	noCI	5000.0	335702	0.7650602409638554	0.7425641025641025
F8_noCI_5000.0_s335703	F8	noCI	5000.0	335703	0.7711670480549199	0.6660516605166051
F8_noCI_5000.0_s335704	F8	noCI	5000.0	335704	0.7222222222222222	0.6814449917898193
F8_noCI_5000.0_s335705	F8	noCI	5000.0	335705	0.6500732064421669	0.6941467436108821
F8_noCI_5000.0_s335706	F8	noCI	5000.0	335706	0.7299912049252418	0.6393822393822394
F8_noCI_5000.0_s335707	F8	noCI	5000.0	335707	0.7610169491525424	0.6909693454846727
F8_noCI_5000.0_s335708	F8	noCI	5000.0	335708	0.6992753623188406	0.6584673604541155
F8_noCI_5000.0_s335709	F8	noCI	5000.0	335709	0.6333808844507846	0.5988538681948424
F8_noCI_5000.0_s335710	F8	noCI	5000.0	335710	0.7155378486055777	0.6707978311386522
F9_CI_0.0_s340101	F9	CI	0.0	340101	0.37131994847142363	0.37247040252565117
F9_CI_0.0_s340102	F9	CI	0.0	340102	0.3939889797962932	0.3793459330452171
F9_CI_0.0_s340103	F9	CI	0.0	340103	0.40112783231986954	0.3959377206846689
F9_CI_0.0_s340104	F9	CI	0.0	340104	0.4062608213865226	0.4047881882158134
F9_CI_0.0_s340105	F9	CI	0.0	340105	0.3944548620412537	0.4019375381071743
F9_CI_0.0_s340106	F9	CI	0.0	340106	0.35300432384076336	0.3495162865003994
F9_CI_0.0_s340107	F9	CI	0.0	340107	0.35022275022275023	0.3520114514060776
F9_CI_0.0_s340108	F9	CI	0.0	340108	0.3499138289653533	0.35151767398995154
F9_CI_0.0_s340109	F9	CI	0.0	340109	0.3728684627575277	0.36665211697948497
F9_CI_0.0_s340110	F9	CI	0.0	340110	0.38301458670988653	0.38127154964070503
F9_CI_0.02_s340201	F9	CI	0.02	340201	0.396279443254818	0.3915884440611629
F9_CI_0.02_s340202	F9	CI	0.02	340202	0.35835453774385073	0.3536093259602451
F9_CI_0.02_s340203	F9	CI	0.02	340203	0.4621026894865526	0.4696460035239468
F9_CI_0.02_s340204	F9	CI	0.02	340204	0.3881544156530936	0.3801220575414124
F9_CI_0.02_s340205	F9	CI	0.02	340205	0.3567373948942112	0.3541880548342291
F9_CI_0.02_s340206	F9	CI	0.02	340206	0.42755604155276106	0.41963163752558075
F9_CI_0.02_s340207	F9	CI	0.02	340207	0.406658326383097	0.4033162475489353
F9_CI_0.02_s340208	F9	CI	0.02	340208	0.4363420339360636	0.44493092775722803
F9_CI_0.02_s340209	F9	CI	0.02	340209	0.40358159799650073	0.41010494127458474
F9_CI_0.02_s340210	F9	CI	0.02	340210	0.3813953488372093	0.3814685765905278
F9_CI_0.03_s340301	F9	CI	0.03	340301	0.40632100805618676	0.40341763499658234
F9_CI_0.03_s340302	F9	CI	0.03	340302	0.4299700445678381	0.42941005942890276
F9_CI_0.03_s340303	F9	CI	0.03	340303	0.403256574465186	0.3999321228576277
F9_CI_0.03_s340304	F9	CI	0.03	340304	0.3850013031013813	0.3831036819516603
F9_CI_0.03_s340305	F9	CI	0.03	340305	0.436822568671121	0.433478614168575
F9_CI_0.03_s340306	F9	CI	0.03	340306	0.3522958877832394	0.35339178311738834
F9_CI_0.03_s340307	F9	CI	0.03	340307	0.39718168092601913	0.40202656442557855
F9_CI_0.03_s340308	F9	CI	0.03	340308	0.41240299188819046	0.4070064133508034
F9_CI_0.03_s340309	F9	CI	0.03	340309	0.4566397766056469	0.4601487365183195
F9_CI_0.03_s340310	F9	CI	0.03	340310	0.3633323010219882	0.36232509400234236
F9_CI_0.05_s340401	F9	CI	0.05	340401	0.41245737987275477	0.40825385815848797
F9_CI_0.05_s340402	F9	CI	0.05	340402	0.4413261487801227	0.4386520201079873
F9_CI_0.05_s340403	F9	CI	0.05	340403	0.35478607686729513	0.3552627602671421
F9_CI_0.05_s340404	F9	CI	0.05	340404	0.4221321762828558	0.4200350864630697
F9_CI_0.05_s340405	F9	CI	0.05	340405	0.40101988781234066	0.39866347159877147
F9_CI_0.05_s340406	F9	CI	0.05	340406	0.37587451681947415	0.37428426008398014
F9_CI_0.05_s340407	F9	CI	0.05	340407	0.41902048085485305	0.4126138752627891
F9_CI_0.05_s340408	F9	CI	0.05	340408	0.4916865602881434	0.4921979865771812
F9_CI_0.05_s340409	F9	CI	0.05	340409	0.3545798637395912	0.3526260346124906
F9_CI_0.05_s340410	F9	CI	0.05	340410	0.45598367912544746	0.4561755292484479
F9_CI_0.07_s340501	F9	CI	0.07	340501	0.44120542136745666	0.4291883188172437
F9_CI_0.07_s340502	F9	CI	0.07	340502	0.37248417272984974	0.3667382709131098
F9_CI_0.07_s340503	F9	CI	0.07	340503	0.4117688168285694	0.40464059487744425
F9_CI_0.07_s340504	F9	CI	0.07	340504	0.42697444831591175	0.4348276372244415
F9_CI_0.07_s340505	F9	CI	0.07	340505	0.3429636533084809	0.33646402550091076
F9_CI_0.07_s340506	F9	CI	0.07	340506	0.4139670087206248	0.40395752895752896
F9_CI_0.07_s340507	F9	CI	0.07	340507	0.4204586041860133	0.41708757202817104
F9_CI_0.07_s340508	F9	CI	0.07	340508	0.452528699968973	0.46158682752387314
F9_CI_0.07_s340509	F9	CI	0.07	340509	0.5141282477473537	0.5092780829620658
F9_CI_0.07_s340510	F9	CI	0.07	340510	0.4337074517019319	0.42666473233715363
F9_CI_0.08_s340601	F9	CI	0.08	340601	0.38334361905999287	0.38047116374871265
F9_CI_0.08_s340602	F9	CI	0.08	340602	0.40648835202761	0.4094127446897126
F9_CI_0.08_s340603	F9	CI	0.08	340603	0.47494393476044855	0.47007652033830044
F9_CI_0.08_s340604	F9	CI	0.08	340604	0.43195005508630185	0.42977631096442975
F9_CI_0.08_s340605	F9	CI	0.08	340605	0.415657561250352	0.40709067617629746
F9_CI_0.08_s340606	F9	CI	0.08	340606	0.40354553887381045	0.40255415565244257
F9_CI_0.08_s340607	F9	CI	0.08	340607	0.463514209837885	0.4522068778770647
F9_CI_0.08_s340608	F9	CI	0.08	340608	0.42722376838833265	0.4217838089441083
F9_CI_0.08_s340609	F9	CI	0.08	340609	0.41537591060188134	0.41268056092503425
F9_CI_0.08_s340610	F9	CI	0.08	340610	0.45182391873172234	0.4512472529590932
F9_CI_0.09_s340701	F9	CI	0.09	340701	0.4803522198905485	0.4804414065716874
F9_CI_0.09_s340702	F9	CI	0.09	340702	0.454990671641791	0.44588365271057945
F9_CI_0.09_s340703	F9	CI	0.09	340703	0.4937799855644716	0.4793654727971248
F9_CI_0.09_s340704	F9	CI	0.09	340704	0.4763619990995047	0.4721043913869026
F9_CI_0.09_s340705	F9	CI	0.09	340705	0.4531509601638267	0.43954655268537446
F9_CI_0.09_s340706	F9	CI	0.09	340706	0.6513418638885743	0.6513699402412899
F9_CI_0.09_s340707	F9	CI	0.09	340707	0.49697431340188736	0.49145640035265964
F9_CI_0.09_s340708	F9	CI	0.09	340708	0.6946347377993332	0.6971220842169039
F9_CI_0.09_s340709	F9	CI	0.09	340709	0.5250607396742554	0.5129506475323766
F9_CI_0.09_s340710	F9	CI	0.09	340710	0.46348125569059023	0.44786167852497893
F9_CI_0.1_s340801	F9	CI	0.1	340801	0.5474707436768592	0.5486642122156141
F9_CI_0.1_s340802	F9	CI	0.1	340802	0.6348333149961491	0.6023443605105496
F9_CI_0.1_s340803	F9	CI	0.1	340803	0.5258881415609624	0.5147858374220926
F9_CI_0.1_s340804	F9	CI	0.1	340804	0.6073834264529268	0.5985627875717314
F9_CI_0.1_s340805	F9	CI	0.1	340805	0.7258697027197976	0.7169716720982703
F9_CI_0.1_s340806	F9	CI	0.1	340806	0.53194024379067	0.516922803588878
F9_CI_0.1_s340807	F9	CI	0.1	340807	0.7128113219207712	0.6876681212266125
F9_CI_0.1_s340808	F9	CI	0.1	340808	0.6450527260489118	0.63184978376307
F9_CI_0.1_s340809	F9	CI	0.1	340809	0.680558008122903	0.661623975703398
F9_CI_0.1_s340810	F9	CI	0.1	340810	0.6732754575316753	0.6556726736937549
F9_CI_0.11_s340901	F9	CI	0.11	340901	0.6927327327327327	0.690582426081266
F9_CI_0.11_s340902	F9	CI	0.11	340902	0.7626329787234043	0.7529242632163629
F9_CI_0.11_s340903	F9	CI	0.11	340903	0.5416918008445084	0.5339354132457581
F9_CI_0.11_s340904	F9	CI	0.11	340904	0.7527050954160929	0.756150649693292
F9_CI_0.11_s340905	F9	CI	0.11	340905	0.811938609519768	0.8032190342897131
F9_CI_0.11_s340906	F9	CI	0.11	340906	0.6420162493782126	0.6243482934694975
F9_CI_0.11_s340907	F9	CI	0.11	340907	0.8836310214180778	0.8738546120952962
F9_CI_0.11_s340908	F9	CI	0.11	340908	0.8146417445482866	0.8174850979279024
F9_CI_0.11_s340909	F9	CI	0.11	340909	0.6621172152769813	0.6451289478081658
F9_CI_0.11_s340910	F9	CI	0.11	340910	0.7688325479524789	0.7593659942363112
F9_CI_0.12_s341001	F9	CI	0.12	341001	0.8651845197993862	0.8310941878008478
F9_CI_0.12_s341002	F9	CI	0.12	341002	0.7323658026490906	0.7284868338163034
F9_CI_0.12_s341003	F9	CI	0.12	341003	0.91696	0.9307918848167539
F9_CI_0.12_s341004	F9	CI	0.12	341004	0.8652993764555631	0.8746666666666667
F9_CI_0.12_s341005	F9	CI	0.12	341005	0.8147885827608188	0.8204543835909123
F9_CI_0.12_s341006	F9	CI	0.12	341006	0.8818933823529411	0.8851854696259888
F9_CI_0.12_s341007	F9	CI	0.12	341007	0.9281446794768287	0.9192706241465178
F9_CI_0.12_s341008	F9	CI	0.12	341008	0.9179116465863454	0.8972896977270952
F9_CI_0.12_s341009	F9	CI	0.12	341009	0.900306386990337	0.9083885209713024
F9_CI_0.12_s341010	F9	CI	0.12	341010	0.8571428571428571	0.8660417296643483
F9_CI_0.13_s341101	F9	CI	0.13	341101	0.9247277127874143	0.9289176090468497
F9_CI_0.13_s341102	F9	CI	0.13	341102	0.8920260626745269	0.8867532866917813
F9_CI_0.13_s341103	F9	CI	0.13	341103	0.9224843524313914	0.911594776414721
F9_CI_0.13_s341104	F9	CI	0.13	341104	0.9471241505055528	0.9514129895884977
F9_CI_0.13_s341105	F9	CI	0.13	341105	0.9144674085850556	0.9027060847802284
F9_CI_0.13_s341106	F9	CI	0.13	341106	0.9372241294752329	0.9422825376062786
F9_CI_0.13_s341107	F9	CI	0.13	341107	0.92203118752499	0.91124354390147
F9_CI_0.13_s341108	F9	CI	0.13	341108	0.876984126984127	0.8938504326328801
F9_CI_0.13_s341109	F9	CI	0.13	341109	0.9089181054965944	0.9276904474002419
F9_CI_0.13_s341110	F9	CI	0.13	341110	0.932262513182445	0.9347595329468441
F9_CI_0.15_s341201	F9	CI	0.15	341201	0.9262551044919529	0.9263040357313767
F9_CI_0.15_s341202	F9	CI	0.15	341202	0.9485396383866481	0.9325924136264798
F9_CI_0.15_s341203	F9	CI	0.15	341203	0.9410899583299289	0.9462628236443575
F9_CI_0.15_s341204	F9	CI	0.15	341204	0.9561483194318275	0.9544178364987613
F9_CI_0.15_s341205	F9	CI	0.15	341205	0.9496509240246407	0.946694045174538
F9_CI_0.15_s341206	F9	CI	0.15	341206	0.9240141070856044	0.9297219328471833
F9_CI_0.15_s341207	F9	CI	0.15	341207	0.9407546247249613	0.9514163372859025
F9_CI_0.15_s341208	F9	CI	0.15	341208	0.9381812266146088	0.9387556707712249
F9_CI_0.15_s341209	F9	CI	0.15	341209	0.9502762430939227	0.9406086387434555
F9_CI_0.15_s341210	F9	CI	0.15	341210	0.928847392144237	0.9299670338506071
F9_CI_0.2_s341301	F9	CI	0.2	341301	0.9577142857142857	0.9572719134044112
F9_CI_0.2_s341302	F9	CI	0.2	341302	0.9569673798096477	0.9599541397100975
F9_CI_0.2_s341303	F9	CI	0.2	341303	0.9681518151815182	0.9534883720930233
F9_CI_0.2_s341304	F9	CI	0.2	341304	0.9623150494563885	0.9621125143513203
F9_CI_0.2_s341305	F9	CI	0.2	341305	0.9614597823418706	0.9627926078028748
F9_CI_0.2_s341306	F9	CI	0.2	341306	0.96003938623123	0.9626528769596979
F9_CI_0.2_s341307	F9	CI	0.2	341307	0.9555956087170244	0.9477087206013093
F9_CI_0.2_s341308	F9	CI	0.2	341308	0.9588594704684318	0.9479024076012561
F9_CI_0.2_s341309	F9	CI	0.2	341309	0.9552408854166666	0.9449770401997906
F9_CI_0.2_s341310	F9	CI	0.2	341310	0.9565217391304348	0.9619360131255127
F9_CI_0.25_s341401	F9	CI	0.25	341401	0.9537275064267352	0.9591606133979015
F9_CI_0.25_s341402	F9	CI	0.25	341402	0.9553557090091537	0.959491020375292
F9_CI_0.25_s341403	F9	CI	0.25	341403	0.9576830249396621	0.9546730846369835
F9_CI_0.25_s341404	F9	CI	0.25	341404	0.9502753611621039	0.9607128392061564
F9_CI_0.25_s341405	F9	CI	0.25	341405	0.9610410604591012	0.9626623376623377
F9_CI_0.25_s341406	F9	CI	0.25	341406	0.9482306163021869	0.9376527153779459
F9_CI_0.25_s341407	F9	CI	0.25	341407	0.9489156626506025	0.9635640671914306
F9_CI_0.25_s341408	F9	CI	0.25	341408	0.9610095453810064	0.9611674098094852
F9_CI_0.25_s341409	F9	CI	0.25	341409	0.9468575974542561	0.9442196302467667
F9_CI_0.25_s341410	F9	CI	0.25	341410	0.9462005108556832	0.9571117034165253
F9_noCI_0.0_s345101	F9	noCI	0.0	345101	0.9279416950746444	0.903910485638482
F9_noCI_0.0_s345102	F9	noCI	0.0	345102	0.9175544233441408	0.9124497991967871
F9_noCI_0.0_s345103	F9	noCI	0.0	345103	0.9244948599787309	0.9103289094056549
F9_noCI_0.0_s345104	F9	noCI	0.0	345104	0.9035521324290148	0.9229309935973441
F9_noCI_0.0_s345105	F9	noCI	0.0	345105	0.9396135265700483	0.8983933016519574
F9_noCI_0.0_s345106	F9	noCI	0.0	345106	0.912147380541163	0.922248243559719
F9_noCI_0.0_s345107	F9	noCI	0.0	345107	0.9094219390077378	0.9092561044860874
F9_noCI_0.0_s345108	F9	noCI	0.0	345108	0.9213430382718948	0.9212787899621864
F9_noCI_0.0_s345109	F9	noCI	0.0	345109	0.9291983616149795	0.9230951534542008
F9_noCI_0.0_s345110	F9	noCI	0.0	345110	0.9094645507478023	0.9091955345839567
F9_noCI_0.05_s345201	F9	noCI	0.05	345201	0.9455649109065988	0.9560199004975124
F9_noCI_0.05_s345202	F9	noCI	0.05	345202	0.936471043966686	0.9549925484351713
F9_noCI_0.05_s345203	F9	noCI	0.05	345203	0.9473064468648807	0.951284849687469
F9_noCI_0.05_s345204	F9	noCI	0.05	345204	0.9495308641975309	0.9417189952904239
F9_noCI_0.05_s345205	F9	noCI	0.05	345205	0.9498137620074495	0.9574404465264627
F9_noCI_0.05_s345206	F9	noCI	0.05	345206	0.9363477585872307	0.9437086092715232
F9_noCI_0.05_s345207	F9	noCI	0.05	345207	0.9448140900195695	0.9339640857308361
F9_noCI_0.05_s345208	F9	noCI	0.05	345208	0.953724716329551	0.9511024007839295
F9_noCI_0.05_s345209	F9	noCI	0.05	345209	0.9361538461538461	0.9488563855894768
F9_noCI_0.05_s345210	F9	noCI	0.05	345210	0.9438136256851997	0.9350853108452638
F9_noCI_0.1_s345301	F9	noCI	0.1	345301	0.9522690291086603	0.9571246122970261
F9_noCI_0.1_s345302	F9	noCI	0.1	345302	0.9648074979325554	0.9597612804050999
F9_noCI_0.1_s345303	F9	noCI	0.1	345303	0.9564583712880306	0.9648268895215355
F9_noCI_0.1_s345304	F9	noCI	0.1	345304	0.9537535346164371	0.9698761781556089
F9_noCI_0.1_s345305	F9	noCI	0.1	345305	0.9538907509738201	0.9575261482492042
F9_noCI_0.1_s345306	F9	noCI	0.1	345306	0.9568246402053351	0.9530922670552874
F9_noCI_0.1_s345307	F9	noCI	0.1	345307	0.9630575572379823	0.9509502262443439
F9_noCI_0.1_s345308	F9	noCI	0.1	345308	0.957070938215103	0.9565217391304348
F9_noCI_0.1_s345309	F9	noCI	0.1	345309	0.9569090909090909	0.9586339147109852
F9_noCI_0.1_s345310	F9	noCI	0.1	345310	0.9558065973791233	0.9591335214344225
F9_noCI_0.15_s345401	F9	noCI	0.15	345401	0.9599097535577924	0.9594993916217626
F9_noCI_0.15_s345402	F9	noCI	0.15	345402	0.9629887054735013	0.9686624649859944
F9_noCI_0.15_s345403	F9	noCI	0.15	345403	0.961170120146265	0.9671944711748753
F9_noCI_0.15_s345404	F9	noCI	0.15	345404	0.9649153429917962	0.9632859509897969
F9_noCI_0.15_s345405	F9	noCI	0.15	345405	0.9663058659217877	0.9608183079056866
F9_noCI_0.15_s345406	F9	noCI	0.15	345406	0.9628016377733252	0.963014533112871
F9_noCI_0.15_s345407	F9	noCI	0.15	345407	0.9722882026920031	0.9655714785040196
F9_noCI_0.15_s345408	F9	noCI	0.15	345408	0.9662351294611616	0.9664064555740725
F9_noCI_0.15_s345409	F9	noCI	0.15	345409	0.9681149264190609	0.9670828603859251
F9_noCI_0.15_s345410	F9	noCI	0.15	345410	0.9613509749303621	0.9640087145969499
F9_noCI_0.2_s345501	F9	noCI	0.2	345501	0.9626318009278785	0.9672172808132148
F9_noCI_0.2_s345502	F9	noCI	0.2	345502	0.9677309782608695	0.9646541518687637
F9_noCI_0.2_s345503	F9	noCI	0.2	345503	0.9628186668925214	0.9588926174496645
F9_noCI_0.2_s345504	F9	noCI	0.2	345504	0.9700894759267149	0.9683781026861612
F9_noCI_0.2_s345505	F9	noCI	0.2	345505	0.9667545276762181	0.9693764394779494
F9_noCI_0.2_s345506	F9	noCI	0.2	345506	0.9765892002734108	0.9653184092258119
F9_noCI_0.2_s345507	F9	noCI	0.2	345507	0.9692215875181175	0.9665478009848871
F9_noCI_0.2_s345508	F9	noCI	0.2	345508	0.9633622504842921	0.956652719665272
F9_noCI_0.2_s345509	F9	noCI	0.2	345509	0.9671839226659883	0.9731440301060554
F9_noCI_0.2_s345510	F9	noCI	0.2	345510	0.9661131819722129	0.9711710179437026
F9_noCI_0.25_s345601	F9	noCI	0.25	345601	0.9701168614357262	0.9678708173797237
F9_noCI_0.25_s345602	F9	noCI	0.25	345602	0.9709224598930482	0.9620524665896717
F9_noCI_0.25_s345603	F9	noCI	0.25	345603	0.96773654296222	0.971290268736438
F9_noCI_0.25_s345604	F9	noCI	0.25	345604	0.964928281237045	0.9653448850383206
F9_noCI_0.25_s345605	F9	noCI	0.25	345605	0.966713704656761	0.9693282213702283
F9_noCI_0.25_s345606	F9	noCI	0.25	345606	0.9683212771264654	0.9693231077025676
F9_noCI_0.25_s345607	F9	noCI	0.25	345607	0.9724878376111391	0.9639355160378926
F9_noCI_0.25_s345608	F9	noCI	0.25	345608	0.9732744983764883	0.9666388657214345
F9_noCI_0.25_s345609	F9	noCI	0.25	345609	0.9686046511627907	0.9705784018722835
F9_noCI_0.25_s345610	F9	noCI	0.25	345610	0.9684350795369367	0.9677527431108133
F10_CI128_0.2_s350101	F10	CI128	0.2	350101	0.19606096934406578	0.18751962972146458
F10_CI128_0.2_s350102	F10	CI128	0.2	350102	0.1844245170828914	0.1877573880670774
F10_CI128_0.2_s350103	F10	CI128	0.2	350103	0.19002414580094598	0.18054896001519613
F10_CI128_0.2_s350104	F10	CI128	0.2	350104	0.19661040232154817	0.1983966200889997
F10_CI128_0.2_s350105	F10	CI128	0.2	350105	0.1769461124299834	0.1807948794753354
F10_CI128_0.2_s350106	F10	CI128	0.2	350106	0.17832162409466648	0.1857165991902834
F10_CI128_0.2_s350107	F10	CI128	0.2	350107	0.20717881850121336	0.2068356983360945
F10_CI128_0.2_s350108	F10	CI128	0.2	350108	0.20334464802999874	0.20973209404045925
F10_CI128_0.2_s350109	F10	CI128	0.2	350109	0.19629749476301583	0.19658970048375476
F10_CI128_0.2_s350110	F10	CI128	0.2	350110	0.1821225843484916	0.18186444451512357
F10_CI128_0.5_s350201	F10	CI128	0.5	350201	0.2737761000353899	0.27005697207434387
F10_CI128_0.5_s350202	F10	CI128	0.5	350202	0.2904640388474593	0.29144773057098533
F10_CI128_0.5_s350203	F10	CI128	0.5	350203	0.3162341910161361	0.31122066230843426
F10_CI128_0.5_s350204	F10	CI128	0.5	350204	0.2805305906666026	0.27982079969334706
F10_CI128_0.5_s350205	F10	CI128	0.5	350205	0.3204532328593823	0.32568550643536653
F10_CI128_0.5_s350206	F10	CI128	0.5	350206	0.2844457455113193	0.28365478277810247
F10_CI128_0.5_s350207	F10	CI128	0.5	350207	0.3167906685198812	0.3089513519296087
F10_CI128_0.5_s350208	F10	CI128	0.5	350208	0.3115376390076989	0.30307916363258086
F10_CI128_0.5_s350209	F10	CI128	0.5	350209	0.2823535106614711	0.27253003616003735
F10_CI128_0.5_s350210	F10	CI128	0.5	350210	0.26426358002187383	0.2642236785414635
F10_CI128_1.0_s350301	F10	CI128	1.0	350301	0.3976333775374885	0.39943990983914485
F10_CI128_1.0_s350302	F10	CI128	1.0	350302	0.3696551724137931	0.3640346817242124
F10_CI128_1.0_s350303	F10	CI128	1.0	350303	0.47048358402070195	0.46754600489115183
F10_CI128_1.0_s350304	F10	CI128	1.0	350304	0.47939403811695713	0.48286078762190854
F10_CI128_1.0_s350305	F10	CI128	1.0	350305	0.3695753907590553	0.3699772081551094
F10_CI128_1.0_s350306	F10	CI128	1.0	350306	0.40288111983148167	0.4004069175991862
F10_CI128_1.0_s350307	F10	CI128	1.0	350307	0.3980677634023579	0.40227652250962753
F10_CI128_1.0_s350308	F10	CI128	1.0	350308	0.38509803921568625	0.37700355120453016
F10_CI128_1.0_s350309	F10	CI128	1.0	350309	0.4130954053674301	0.4091846363541048
F10_CI128_1.0_s350310	F10	CI128	1.0	350310	0.3996203132415757	0.4014745537085708
F10_CI128_1.5_s350401	F10	CI128	1.5	350401	0.4512609209873717	0.44320368204625193
F10_CI128_1.5_s350402	F10	CI128	1.5	350402	0.48952028000823555	0.4858521426234871
F10_CI128_1.5_s350403	F10	CI128	1.5	350403	0.42797464707577065	0.42903074310899175
F10_CI128_1.5_s350404	F10	CI128	1.5	350404	0.4876087313310356	0.48273896759485424
F10_CI128_1.5_s350405	F10	CI128	1.5	350405	0.5147224876226874	0.5112238754622861
F10_CI128_1.5_s350406	F10	CI128	1.5	350406	0.5006161036753771	0.5049839572192514
F10_CI128_1.5_s350407	F10	CI128	1.5	350407	0.4815477158185661	0.48686428483328537
F10_CI128_1.5_s350408	F10	CI128	1.5	350408	0.43303231422043303	0.4272228005312466
F10_CI128_1.5_s350409	F10	CI128	1.5	350409	0.46809184481393507	0.46579112928593897
F10_CI128_1.5_s350410	F10	CI128	1.5	350410	0.4512367087160334	0.4488129442008166
F10_CI128_2.0_s350501	F10	CI128	2.0	350501	0.49966459835653193	0.499247617455275
F10_CI128_2.0_s350502	F10	CI128	2.0	350502	0.4947665725203522	0.4893809680605861
F10_CI128_2.0_s350503	F10	CI128	2.0	350503	0.4873083997547517	0.4682915286322764
F10_CI128_2.0_s350504	F10	CI128	2.0	350504	0.49007489870257437	0.4877949220344518
F10_CI128_2.0_s350505	F10	CI128	2.0	350505	0.5100769197713892	0.509106529209622
F10_CI128_2.0_s350506	F10	CI128	2.0	350506	0.5365853658536586	0.5343731686426543
F10_CI128_2.0_s350507	F10	CI128	2.0	350507	0.4972246567338592	0.49471633997762215
F10_CI128_2.0_s350508	F10	CI128	2.0	350508	0.517790875354726	0.5171201666449681
F10_CI128_2.0_s350509	F10	CI128	2.0	350509	0.502260927817786	0.5079621902409946
F10_CI128_2.0_s350510	F10	CI128	2.0	350510	0.5257809393363673	0.5465025847477012
F10_CI128_2.5_s350601	F10	CI128	2.5	350601	0.6114282775291879	0.6154322900526805
F10_CI128_2.5_s350602	F10	CI128	2.5	350602	0.6160232461602324	0.6105867870332375
F10_CI128_2.5_s350603	F10	CI128	2.5	350603	0.6023755370229972	0.6046960764383005
F10_CI128_2.5_s350604	F10	CI128	2.5	350604	0.590434739601365	0.5829737151824245
F10_CI128_2.5_s350605	F10	CI128	2.5	350605	0.5583652141457497	0.549804822043628
F10_CI128_2.5_s350606	F10	CI128	2.5	350606	0.5391029975208474	0.5430589513719098
F10_CI128_2.5_s350607	F10	CI128	2.5	350607	0.6085758039816233	0.5935631725787166
F10_CI128_2.5_s350608	F10	CI128	2.5	350608	0.5704457503224881	0.5697994868383541
F10_CI128_2.5_s350609	F10	CI128	2.5	350609	0.5906113537117904	0.5726433782673818
F10_CI128_2.5_s350610	F10	CI128	2.5	350610	0.5926809864757359	0.5748225409242358
F10_CI128_3.0_s350701	F10	CI128	3.0	350701	0.7941966684578183	0.77435394177298
F10_CI128_3.0_s350702	F10	CI128	3.0	350702	0.7983250033770093	0.7744552771052804
F10_CI128_3.0_s350703	F10	CI128	3.0	350703	0.6729109900090826	0.668351302785265
F10_CI128_3.0_s350704	F10	CI128	3.0	350704	0.809134287661895	0.7920128651835969
F10_CI128_3.0_s350705	F10	CI128	3.0	350705	0.7186494200522257	0.729137242861529
F10_CI128_3.0_s350706	F10	CI128	3.0	350706	0.6578337197747599	0.6705071727098159
F10_CI128_3.0_s350707	F10	CI128	3.0	350707	0.6859475620975161	0.679262463009333
F10_CI128_3.0_s350708	F10	CI128	3.0	350708	0.7239681478329585	0.7003593096542381
F10_CI128_3.0_s350709	F10	CI128	3.0	350709	0.7351866757476317	0.6976798963608527
F10_CI128_3.0_s350710	F10	CI128	3.0	350710	0.739765531941571	0.7444834503510531
F10_CI128_3.5_s350801	F10	CI128	3.5	350801	0.9215335562640952	0.9144451332920025
F10_CI128_3.5_s350802	F10	CI128	3.5	350802	0.826594414339308	0.8122908842608398
F10_CI128_3.5_s350803	F10	CI128	3.5	350803	0.8181818181818182	0.8104210597918509
F10_CI128_3.5_s350804	F10	CI128	3.5	350804	0.8382373644938759	0.8477607669194448
F10_CI128_3.5_s350805	F10	CI128	3.5	350805	0.8156447621666209	0.8276005836981447
F10_CI128_3.5_s350806	F10	CI128	3.5	350806	0.7623232709209018	0.7671532377339078
F10_CI128_3.5_s350807	F10	CI128	3.5	350807	0.8027522935779816	0.808400381835538
F10_CI128_3.5_s350808	F10	CI128	3.5	350808	0.77090203685742	0.7649443407760118
F10_CI128_3.5_s350809	F10	CI128	3.5	350809	0.8515077890524511	0.8537163375224417
F10_CI128_3.5_s350810	F10	CI128	3.5	350810	0.8663015699160278	0.8446761408269656
F10_CI128_4.0_s350901	F10	CI128	4.0	350901	0.9230888389745179	0.9356890459363958
F10_CI128_4.0_s350902	F10	CI128	4.0	350902	0.8868050904219692	0.8976639035418237
F10_CI128_4.0_s350903	F10	CI128	4.0	350903	0.8876003568242641	0.8680727272727272
F10_CI128_4.0_s350904	F10	CI128	4.0	350904	0.8950093808630394	0.8805475822477368
F10_CI128_4.0_s350905	F10	CI128	4.0	350905	0.8653638133698709	0.858374649708989
F10_CI128_4.0_s350906	F10	CI128	4.0	350906	0.8633760962528085	0.8661096985107156
F10_CI128_4.0_s350907	F10	CI128	4.0	350907	0.8690137765143232	0.8730065837600586
F10_CI128_4.0_s350908	F10	CI128	4.0	350908	0.9099540581929556	0.9146313452262461
F10_CI128_4.0_s350909	F10	CI128	4.0	350909	0.9029074622333562	0.8966187911430281
F10_CI128_4.0_s350910	F10	CI128	4.0	350910	0.8540864356011981	0.8504945563224934
F10_CI128_4.5_s351001	F10	CI128	4.5	351001	0.8950350380199791	0.9029478458049887
F10_CI128_4.5_s351002	F10	CI128	4.5	351002	0.8927799716861635	0.8877968877968878
F10_CI128_4.5_s351003	F10	CI128	4.5	351003	0.9098914446215745	0.9108745247148289
F10_CI128_4.5_s351004	F10	CI128	4.5	351004	0.9067655516876041	0.913642627468994
F10_CI128_4.5_s351005	F10	CI128	4.5	351005	0.8960627545632825	0.8978736148547469
F10_CI128_4.5_s351006	F10	CI128	4.5	351006	0.9093394077448748	0.9260549748354626
F10_CI128_4.5_s351007	F10	CI128	4.5	351007	0.9024279897451365	0.9090357332524087
F10_CI128_4.5_s351008	F10	CI128	4.5	351008	0.8911670752544387	0.8723945094051856
F10_CI128_4.5_s351009	F10	CI128	4.5	351009	0.9028028933092225	0.8982630272952854
F10_CI128_4.5_s351010	F10	CI128	4.5	351010	0.9102914389799636	0.9056118590228407
F10_CI128_5.0_s351101	F10	CI128	5.0	351101	0.923513182096873	0.9335408560311284
F10_CI128_5.0_s351102	F10	CI128	5.0	351102	0.8918437082157183	0.896407810403935
F10_CI128_5.0_s351103	F10	CI128	5.0	351103	0.9112462006079027	0.9022510953316211
F10_CI128_5.0_s351104	F10	CI128	5.0	351104	0.9280742459396751	0.9101132132816655
F10_CI128_5.0_s351105	F10	CI128	5.0	351105	0.881004847950639	0.8952069068175053
F10_CI128_5.0_s351106	F10	CI128	5.0	351106	0.9183424741011579	0.9190308234933292
F10_CI128_5.0_s351107	F10	CI128	5.0	351107	0.9322033898305084	0.9237626806025208
F10_CI128_5.0_s351108	F10	CI128	5.0	351108	0.9350143980076271	0.9253134374278902
F10_CI128_5.0_s351109	F10	CI128	5.0	351109	0.9140292148508825	0.9245326563581814
F10_CI128_5.0_s351110	F10	CI128	5.0	351110	0.8927320163995527	0.8945525001863031
F10_CI1024_0.2_s360101	F10	CI1024	0.2	360101	0.29750359819345873	0.2973038138994124
F10_CI1024_0.2_s360102	F10	CI1024	0.2	360102	0.2975773765659543	0.29853582946485924
F10_CI1024_0.2_s360103	F10	CI1024	0.2	360103	0.3047742519235769	0.3016132803366846
F10_CI1024_0.2_s360104	F10	CI1024	0.2	360104	0.3018560161100856	0.30244053239426205
F10_CI1024_0.2_s360105	F10	CI1024	0.2	360105	0.2980422224278557	0.2959785699025456
F10_CI1024_0.2_s360106	F10	CI1024	0.2	360106	0.3003345194780963	0.30241965238040935
F10_CI1024_0.2_s360107	F10	CI1024	0.2	360107	0.298813244207896	0.30106057019401
F10_CI1024_0.2_s360108	F10	CI1024	0.2	360108	0.30759780082520244	0.3083954840916866
F10_CI1024_0.2_s360109	F10	CI1024	0.2	360109	0.3020493259413693	0.30119257034693564
F10_CI1024_0.2_s360110	F10	CI1024	0.2	360110	0.30430703739445925	0.3055306104535357
F10_CI1024_0.5_s360201	F10	CI1024	0.5	360201	0.37008602611088437	0.37013534842228063
F10_CI1024_0.5_s360202	F10	CI1024	0.5	360202	0.37711887031918084	0.3777272802120898
F10_CI1024_0.5_s360203	F10	CI1024	0.5	360203	0.36975612914714	0.3675085203523889
F10_CI1024_0.5_s360204	F10	CI1024	0.5	360204	0.3773266209101321	0.37664121073494267
F10_CI1024_0.5_s360205	F10	CI1024	0.5	360205	0.3849052454398971	0.3843578998844886
F10_CI1024_0.5_s360206	F10	CI1024	0.5	360206	0.3695194132595619	0.3706076223403396
F10_CI1024_0.5_s360207	F10	CI1024	0.5	360207	0.3655766579264065	0.36683298832557565
F10_CI1024_0.5_s360208	F10	CI1024	0.5	360208	0.3625167652859961	0.3623389181615456
F10_CI1024_0.5_s360209	F10	CI1024	0.5	360209	0.37077501406136826	0.37011300142615317
F10_CI1024_0.5_s360210	F10	CI1024	0.5	360210	0.3810873325137011	0.37981140056231494
F10_CI1024_1.0_s360301	F10	CI1024	1.0	360301	0.4541741304305033	0.44872445989764426
F10_CI1024_1.0_s360302	F10	CI1024	1.0	360302	0.4753921933854878	0.4748900812857268
F10_CI1024_1.0_s360303	F10	CI1024	1.0	360303	0.47644399066511084	0.4740944662686752
F10_CI1024_1.0_s360304	F10	CI1024	1.0	360304	0.4596986366897871	0.45925741588692015
F10_CI1024_1.0_s360305	F10	CI1024	1.0	360305	0.4717839076461953	0.46614647861683245
F10_CI1024_1.0_s360306	F10	CI1024	1.0	360306	0.4463904750334103	0.4474328582438272
F10_CI1024_1.0_s360307	F10	CI1024	1.0	360307	0.45312338642655875	0.45236461987731025
F10_CI1024_1.0_s360308	F10	CI1024	1.0	360308	0.4651532852596382	0.4636100410403606
F10_CI1024_1.0_s360309	F10	CI1024	1.0	360309	0.46576823219210606	0.4613480027555085
F10_CI1024_1.0_s360310	F10	CI1024	1.0	360310	0.4489985480535607	0.44609326062571925
F10_CI1024_1.5_s360401	F10	CI1024	1.5	360401	0.500838890083889	0.49642409535745713
F10_CI1024_1.5_s360402	F10	CI1024	1.5	360402	0.501138509685426	0.49732365311972565
F10_CI1024_1.5_s360403	F10	CI1024	1.5	360403	0.5061187523528416	0.5015319604230049
F10_CI1024_1.5_s360404	F10	CI1024	1.5	360404	0.48411791411619204	0.48060078985830235
F10_CI1024_1.5_s360405	F10	CI1024	1.5	360405	0.4895024778881981	0.4871196828816768
F10_CI1024_1.5_s360406	F10	CI1024	1.5	360406	0.5202960531861685	0.5186636742259293
F10_CI1024_1.5_s360407	F10	CI1024	1.5	360407	0.5134467283506011	0.5126519590754912
F10_CI1024_1.5_s360408	F10	CI1024	1.5	360408	0.4976999140154772	0.4977103821034457
F10_CI1024_1.5_s360409	F10	CI1024	1.5	360409	0.4944948565471315	0.49244190976933516
F10_CI1024_1.5_s360410	F10	CI1024	1.5	360410	0.5230063342995824	0.5202091982046255
F10_CI1024_2.0_s360501	F10	CI1024	2.0	360501	0.5177045041237286	0.5157071249156274
F10_CI1024_2.0_s360502	F10	CI1024	2.0	360502	0.5093068439920094	0.5084016874321234
F10_CI1024_2.0_s360503	F10	CI1024	2.0	360503	0.5398584714452822	0.529802378732404
F10_CI1024_2.0_s360504	F10	CI1024	2.0	360504	0.54098723186331	0.5389940062780321
F10_CI1024_2.0_s360505	F10	CI1024	2.0	360505	0.5143153687325406	0.5109980293024609
F10_CI1024_2.0_s360506	F10	CI1024	2.0	360506	0.5115407583535586	0.5053165597585644
F10_CI1024_2.0_s360507	F10	CI1024	2.0	360507	0.5135551109254414	0.5069927223588023
F10_CI1024_2.0_s360508	F10	CI1024	2.0	360508	0.5279016974803203	0.5270307563205056
F10_CI1024_2.0_s360509	F10	CI1024	2.0	360509	0.5254204871463126	0.5224125109728209
F10_CI1024_2.0_s360510	F10	CI1024	2.0	360510	0.5035284215978246	0.501639520507445
F10_CI1024_3.0_s360601	F10	CI1024	3.0	360601	0.5947415561893751	0.5912315693799233
F10_CI1024_3.0_s360602	F10	CI1024	3.0	360602	0.5538854225751559	0.5541131674488621
F10_CI1024_3.0_s360603	F10	CI1024	3.0	360603	0.5816302502261826	0.580080104828541
F10_CI1024_3.0_s360604	F10	CI1024	3.0	360604	0.5944452872168284	0.5868196131354027
F10_CI1024_3.0_s360605	F10	CI1024	3.0	360605	0.5725307323266233	0.5700363777937294
F10_CI1024_3.0_s360606	F10	CI1024	3.0	360606	0.5871275119108654	0.5860958160092894
F10_CI1024_3.0_s360607	F10	CI1024	3.0	360607	0.5528282881832158	0.5473280529668549
F10_CI1024_3.0_s360608	F10	CI1024	3.0	360608	0.5979091582956317	0.5891479707587598
F10_CI1024_3.0_s360609	F10	CI1024	3.0	360609	0.6171799965792625	0.6152356654564485
F10_CI1024_3.0_s360610	F10	CI1024	3.0	360610	0.5954683473246408	0.5928185098059108
F10_CI1024_4.0_s360701	F10	CI1024	4.0	360701	0.5937344604674292	0.5892705258417972
F10_CI1024_4.0_s360702	F10	CI1024	4.0	360702	0.6254219116070365	0.6229465107110002
F10_CI1024_4.0_s360703	F10	CI1024	4.0	360703	0.6313789653027557	0.6311681483927933
F10_CI1024_4.0_s360704	F10	CI1024	4.0	360704	0.597792068459844	0.5988680512862765
F10_CI1024_4.0_s360705	F10	CI1024	4.0	360705	0.6348799913750118	0.6356161792226569
F10_CI1024_4.0_s360706	F10	CI1024	4.0	360706	0.6324948138003262	0.6311738121739597
F10_CI1024_4.0_s360707	F10	CI1024	4.0	360707	0.6258296808588233	0.6192967370542249
F10_CI1024_4.0_s360708	F10	CI1024	4.0	360708	0.6433545365533013	0.6370234827691369
F10_CI1024_4.0_s360709	F10	CI1024	4.0	360709	0.6305539546167352	0.6298479138267448
F10_CI1024_4.0_s360710	F10	CI1024	4.0	360710	0.6289887474981425	0.6250474509673337
F10_CI1024_4.5_s360801	F10	CI1024	4.5	360801	0.6465237659145212	0.6481625677882594
F10_CI1024_4.5_s360802	F10	CI1024	4.5	360802	0.6088072490634033	0.6055958069986126
F10_CI1024_4.5_s360803	F10	CI1024	4.5	360803	0.628102813217317	0.6262858662765568
F10_CI1024_4.5_s360804	F10	CI1024	4.5	360804	0.6433355084658446	0.6392572222070956
F10_CI1024_4.5_s360805	F10	CI1024	4.5	360805	0.6820748675554521	0.6714714112923427
F10_CI1024_4.5_s360806	F10	CI1024	4.5	360806	0.632565519652534	0.6344868437880736
F10_CI1024_4.5_s360807	F10	CI1024	4.5	360807	0.6496235602130503	0.6482609115888599
F10_CI1024_4.5_s360808	F10	CI1024	4.5	360808	0.6422908030513081	0.6374303871221257
F10_CI1024_4.5_s360809	F10	CI1024	4.5	360809	0.6718079571210674	0.6663838752324193
F10_CI1024_4.5_s360810	F10	CI1024	4.5	360810	0.6824024372551865	0.6786790249809004
F10_CI1024_5.0_s360901	F10	CI1024	5.0	360901	0.7009790418047128	0.6992070144725422
F10_CI1024_5.0_s360902	F10	CI1024	5.0	360902	0.670402576489533	0.673244906879922
F10_CI1024_5.0_s360903	F10	CI1024	5.0	360903	0.6925938451132905	0.6845336498896665
F10_CI1024_5.0_s360904	F10	CI1024	5.0	360904	0.654876860999026	0.6556647402863839
F10_CI1024_5.0_s360905	F10	CI1024	5.0	360905	0.6773978255409236	0.6717669057996261
F10_CI1024_5.0_s360906	F10	CI1024	5.0	360906	0.6437156605125754	0.6447227581693108
F10_CI1024_5.0_s360907	F10	CI1024	5.0	360907	0.6604398958104147	0.6577600869485437
F10_CI1024_5.0_s360908	F10	CI1024	5.0	360908	0.6765902995163494	0.6760506562549525
F10_CI1024_5.0_s360909	F10	CI1024	5.0	360909	0.6943141830573768	0.6900293319806806
F10_CI1024_5.0_s360910	F10	CI1024	5.0	360910	0.6928458553739548	0.6858897598460193
F10_noCI128_0.5_s355101	F10	noCI128	0.5	355101	0.8285144566301097	0.8593481989708405
F10_noCI128_0.5_s355102	F10	noCI128	0.5	355102	0.851895141092002	0.8308614704954245
F10_noCI128_0.5_s355103	F10	noCI128	0.5	355103	0.8580010011680294	0.8497241155469003
F10_noCI128_0.5_s355104	F10	noCI128	0.5	355104	0.8615945632355378	0.8516683184671292
F10_noCI128_0.5_s355105	F10	noCI128	0.5	355105	0.8347107438016529	0.8416091567076249
F10_noCI128_0.5_s355106	F10	noCI128	0.5	355106	0.8450885668276973	0.8388381742738589
F10_noCI128_0.5_s355107	F10	noCI128	0.5	355107	0.85145282402873	0.870058439326229
F10_noCI128_0.5_s355108	F10	noCI128	0.5	355108	0.8467245461720599	0.8334121355397951
F10_noCI128_0.5_s355109	F10	noCI128	0.5	355109	0.8809693513898789	0.8676371022342586
F10_noCI128_0.5_s355110	F10	noCI128	0.5	355110	0.8212607356992384	0.8147445024521437
F10_noCI128_1.0_s355201	F10	noCI128	1.0	355201	0.9179174484052532	0.9261290699031393
F10_noCI128_1.0_s355202	F10	noCI128	1.0	355202	0.9177538287010777	0.9233968804159446
F10_noCI128_1.0_s355203	F10	noCI128	1.0	355203	0.9150462962962963	0.9259215915740199
F10_noCI128_1.0_s355204	F10	noCI128	1.0	355204	0.9173669467787114	0.9147746719908728
F10_noCI128_1.0_s355205	F10	noCI128	1.0	355205	0.898884159668699	0.9239752423216162
F10_noCI128_1.0_s355206	F10	noCI128	1.0	355206	0.911951868564156	0.9164370982552801
F10_noCI128_1.0_s355207	F10	noCI128	1.0	355207	0.9236490412550843	0.9137610413761041
F10_noCI128_1.0_s355208	F10	noCI128	1.0	355208	0.9425831656209305	0.9262764341628695
F10_noCI128_1.0_s355209	F10	noCI128	1.0	355209	0.9321002107234839	0.9025944469731452
F10_noCI128_1.0_s355210	F10	noCI128	1.0	355210	0.9148207353277004	0.9340790099952404
F10_noCI128_2.0_s355301	F10	noCI128	2.0	355301	0.9511865714836967	0.9579425698540075
F10_noCI128_2.0_s355302	F10	noCI128	2.0	355302	0.9558837725649194	0.9570089846391653
F10_noCI128_2.0_s355303	F10	noCI128	2.0	355303	0.9449418936940369	0.9538402235713598
F10_noCI128_2.0_s355304	F10	noCI128	2.0	355304	0.9376781303439103	0.9469136987616397
F10_noCI128_2.0_s355305	F10	noCI128	2.0	355305	0.9581521213878419	0.9525093921587515
F10_noCI128_2.0_s355306	F10	noCI128	2.0	355306	0.9471080669710806	0.9569368667186282
F10_noCI128_2.0_s355307	F10	noCI128	2.0	355307	0.945819397993311	0.9635903426791277
F10_noCI128_2.0_s355308	F10	noCI128	2.0	355308	0.9528775589030514	0.9540772118994898
F10_noCI128_2.0_s355309	F10	noCI128	2.0	355309	0.9427693489533321	0.9486834518546993
F10_noCI128_2.0_s355310	F10	noCI128	2.0	355310	0.9505483933038291	0.9550233644859814
F10_noCI128_3.0_s355401	F10	noCI128	3.0	355401	0.960901852017536	0.96615828896309
F10_noCI128_3.0_s355402	F10	noCI128	3.0	355402	0.9568183858515127	0.9547169811320755
F10_noCI128_3.0_s355403	F10	noCI128	3.0	355403	0.9550882195687044	0.9614237961875508
F10_noCI128_3.0_s355404	F10	noCI128	3.0	355404	0.9518878871730786	0.9571518024868056
F10_noCI128_3.0_s355405	F10	noCI128	3.0	355405	0.9654922561362196	0.9623597538906985
F10_noCI128_3.0_s355406	F10	noCI128	3.0	355406	0.953780390061448	0.9527305282005372
F10_noCI128_3.0_s355407	F10	noCI128	3.0	355407	0.95544466227054	0.9610692500897022
F10_noCI128_3.0_s355408	F10	noCI128	3.0	355408	0.9656915854098953	0.9563734290843806
F10_noCI128_3.0_s355409	F10	noCI128	3.0	355409	0.9604348600962396	0.9642338416848221
F10_noCI128_3.0_s355410	F10	noCI128	3.0	355410	0.9538984871542386	0.9592532758930175
F10_noCI128_4.0_s355501	F10	noCI128	4.0	355501	0.9653555613441	0.9701934809133693
F10_noCI128_4.0_s355502	F10	noCI128	4.0	355502	0.9716132413311206	0.9639429312581064
F10_noCI128_4.0_s355503	F10	noCI128	4.0	355503	0.9553418069391961	0.9619748809008228
F10_noCI128_4.0_s355504	F10	noCI128	4.0	355504	0.9641061210334663	0.9688098971946332
F10_noCI128_4.0_s355505	F10	noCI128	4.0	355505	0.9656309668460337	0.9637674863150578
F10_noCI128_4.0_s355506	F10	noCI128	4.0	355506	0.9535857765620993	0.9598410916314016
F10_noCI128_4.0_s355507	F10	noCI128	4.0	355507	0.9583726718736589	0.9592752372735116
F10_noCI128_4.0_s355508	F10	noCI128	4.0	355508	0.9696231177648186	0.9590340664079344
F10_noCI128_4.0_s355509	F10	noCI128	4.0	355509	0.9634557235421166	0.9641247833622184
F10_noCI128_4.0_s355510	F10	noCI128	4.0	355510	0.9727932814276966	0.956978144897608
F10_noCI128_5.0_s355601	F10	noCI128	5.0	355601	0.9718670076726342	0.9646580218662598
F10_noCI128_5.0_s355602	F10	noCI128	5.0	355602	0.9639065817409767	0.9596095590710199
F10_noCI128_5.0_s355603	F10	noCI128	5.0	355603	0.9573094019961419	0.9683995922528033
F10_noCI128_5.0_s355604	F10	noCI128	5.0	355604	0.9599184782608695	0.9644040438365474
F10_noCI128_5.0_s355605	F10	noCI128	5.0	355605	0.9578059071729957	0.9543630892678034
F10_noCI128_5.0_s355606	F10	noCI128	5.0	355606	0.9651732882502113	0.9516722408026755
F10_noCI128_5.0_s355607	F10	noCI128	5.0	355607	0.9637920800474858	0.9628940917927479
F10_noCI128_5.0_s355608	F10	noCI128	5.0	355608	0.9618862503169103	0.9642554633237337
F10_noCI128_5.0_s355609	F10	noCI128	5.0	355609	0.9675721561969439	0.952476741262258
F10_noCI128_5.0_s355610	F10	noCI128	5.0	355610	0.9529659234328987	0.9624989418437315
