row	check	ours	rule	result	control
F5.CI	point 0.05	0.3542	|C − 0.346| ≤ 0.035	PASS	false
F5.CI	point 0.1	0.3618	|C − 0.352| ≤ 0.045	PASS	false
F5.CI	point 0.15	0.3514	|C − 0.359| ≤ 0.035	PASS	false
F5.CI	point 0.2	0.3652	|C − 0.346| ≤ 0.04	PASS	false
F5.CI	point 0.25	0.3699	|C − 0.387| ≤ 0.045	PASS	false
F5.CI	point 0.3	0.4231	|C − 0.407| ≤ 0.04	PASS	false
F5.CI	point 0.35	0.4201	|C − 0.411| ≤ 0.03	PASS	false
F5.CI	point 0.4	0.4314	|C − 0.423| ≤ 0.035	PASS	false
F5.CI	point 0.45	0.4771	|C − 0.459| ≤ 0.03	PASS	false
F5.CI	point 0.5	0.5828	|C − 0.541| ≤ 0.045	PASS	false
F5.CI	point 0.52	0.5969	|C − 0.608| ≤ 0.07	PASS	false
F5.CI	point 0.54	0.62	|C − 0.657| ≤ 0.075	PASS	false
F5.CI	point 0.55	0.6709	|C − 0.669| ≤ 0.07	PASS	false
F5.CI	point 0.56	0.7259	|C − 0.733| ≤ 0.07	PASS	false
F5.CI	point 0.58	0.8128	|C − 0.779| ≤ 0.065	PASS	false
F5.CI	point 0.6	0.8354	|C − 0.846| ≤ 0.035	PASS	false
F5.CI	point 0.65	0.8945	|C − 0.9| ≤ 0.015	PASS	false
F5.CI	point 0.7	0.8992	|C − 0.907| ≤ 0.015	PASS	false
F5.CI	point 0.75	0.9124	|C − 0.92| ≤ 0.015	PASS	false
F5.CI	point 0.8	0.9106	|C − 0.911| ≤ 0.015	PASS	false
F5.CI	point 0.85	0.9118	|C − 0.92| ≤ 0.015	PASS	false
F5.CI	point 0.9	0.915	|C − 0.92| ≤ 0.015	PASS	false
F5.CI	point 0.95	0.9192	|C − 0.918| ≤ 0.015	PASS	false
F5.CI	points outside band	0/23	≤ 2	PASS	false
F7.CI	point 2.0	0.2752	|C − 0.275| ≤ 0.05	PASS	false
F7.CI	point 10.0	0.2578	|C − 0.3| ≤ 0.06	PASS	false
F7.CI	point 20.0	0.3052	|C − 0.291| ≤ 0.035	PASS	false
F7.CI	point 30.0	0.3167	|C − 0.308| ≤ 0.035	PASS	false
F7.CI	point 40.0	0.405	|C − 0.401| ≤ 0.055	PASS	false
F7.CI	point 50.0	0.5088	|C − 0.486| ≤ 0.04	PASS	false
F7.CI	point 60.0	0.5647	|C − 0.573| ≤ 0.04	PASS	false
F7.CI	point 70.0	0.7449	|C − 0.731| ≤ 0.045	PASS	false
F7.CI	point 80.0	0.8563	|C − 0.85| ≤ 0.025	PASS	false
F7.CI	points outside band	0/9	≤ 1	PASS	false
F7.noCI	point 2.0	0.357	|C − 0.327| ≤ 0.06	PASS	false
F7.noCI	point 4.0	0.4134	|C − 0.373| ≤ 0.06	PASS	false
F7.noCI	point 6.0	0.4767	|C − 0.46| ≤ 0.06	PASS	false
F7.noCI	point 8.0	0.6098	|C − 0.575| ≤ 0.1	PASS	false
F7.noCI	point 10.0	0.8179	|C − 0.735| ≤ 0.07	FAIL	false
F7.noCI	point 15.0	0.9184	|C − 0.826| ≤ 0.02	FAIL	false
F7.noCI	point 20.0	0.9213	|C − 0.836| ≤ 0.02	FAIL	false
F7.noCI	point 40.0	0.9225	|C − 0.829| ≤ 0.02	FAIL	false
F7.noCI	point 60.0	0.9048	|C − 0.816| ≤ 0.02	FAIL	false
F7.noCI	point 80.0	0.8942	|C − 0.8| ≤ 0.03	FAIL	false
F7.noCI	points outside band	6/10	≤ 1	FAIL	false
F8.CI	point 0.0	0.8964	|C − 0.915| ≤ 0.015	FAIL	false
F8.CI	point 200.0	0.5491	|C − 0.549| ≤ 0.05	PASS	false
F8.CI	point 500.0	0.4014	|C − 0.396| ≤ 0.04	PASS	false
F8.CI	point 1000.0	0.2997	|C − 0.305| ≤ 0.03	PASS	false
F8.CI	point 2000.0	0.2329	|C − 0.23| ≤ 0.02	PASS	false
F8.CI	point 3000.0	0.2124	|C − 0.207| ≤ 0.015	PASS	false
F8.CI	point 4000.0	0.1918	|C − 0.197| ≤ 0.02	PASS	false
F8.CI	point 5000.0	0.176	|C − 0.19| ≤ 0.02	PASS	false
F8.CI	points outside band	1/8	≤ 1	PASS	false
F8.noCI	point 250.0	0.9427	|C − 0.945| ≤ 0.01	PASS	false
F8.noCI	point 500.0	0.9183	|C − 0.921| ≤ 0.015	PASS	false
F8.noCI	point 1000.0	0.8604	|C − 0.864| ≤ 0.025	PASS	false
F8.noCI	point 2000.0	0.8114	|C − 0.811| ≤ 0.04	PASS	false
F8.noCI	point 3000.0	0.756	|C − 0.759| ≤ 0.05	PASS	false
F8.noCI	point 4000.0	0.7377	|C − 0.71| ≤ 0.06	PASS	false
F8.noCI	point 5000.0	0.7055	|C − 0.675| ≤ 0.07	PASS	false
F8.noCI	points outside band	0/7	≤ 1	PASS	false
F9.CI	point 0.0	0.3776	|C − 0.378| ≤ 0.04	PASS	false
F9.CI	point 0.02	0.4017	|C − 0.402| ≤ 0.04	PASS	false
F9.CI	point 0.03	0.4043	|C − 0.374| ≤ 0.04	PASS	false
F9.CI	point 0.05	0.4129	|C − 0.404| ≤ 0.04	PASS	false
F9.CI	point 0.07	0.423	|C − 0.418| ≤ 0.05	PASS	false
F9.CI	point 0.08	0.4274	|C − 0.443| ≤ 0.06	PASS	false
F9.CI	point 0.09	0.519	|C − 0.517| ≤ 0.06	PASS	false
F9.CI	point 0.1	0.6285	|C − 0.576| ≤ 0.1	PASS	false
F9.CI	point 0.11	0.7333	|C − 0.717| ≤ 0.1	PASS	false
F9.CI	point 0.12	0.868	|C − 0.856| ≤ 0.06	PASS	false
F9.CI	point 0.13	0.9178	|C − 0.905| ≤ 0.035	PASS	false
F9.CI	point 0.15	0.9404	|C − 0.938| ≤ 0.01	PASS	false
F9.CI	point 0.2	0.9593	|C − 0.952| ≤ 0.01	PASS	false
F9.CI	point 0.25	0.9529	|C − 0.958| ≤ 0.01	PASS	false
F9.CI	points outside band	0/14	≤ 1	PASS	false
F9.noCI	point 0.0	0.9195	|C − 0.92| ≤ 0.01	PASS	false
F9.noCI	point 0.05	0.9444	|C − 0.946| ≤ 0.01	PASS	false
F9.noCI	point 0.1	0.9571	|C − 0.959| ≤ 0.01	PASS	false
F9.noCI	point 0.15	0.9646	|C − 0.963| ≤ 0.01	PASS	false
F9.noCI	point 0.2	0.9672	|C − 0.967| ≤ 0.01	PASS	false
F9.noCI	point 0.25	0.9692	|C − 0.964| ≤ 0.01	PASS	false
F9.noCI	points outside band	0/6	≤ 1	PASS	false
F10.CI128	point 0.2	0.1911	|C − 0.199| ≤ 0.03	PASS	false
F10.CI128	point 0.5	0.2941	|C − 0.308| ≤ 0.03	PASS	false
F10.CI128	point 1.0	0.4086	|C − 0.394| ≤ 0.05	PASS	false
F10.CI128	point 1.5	0.4706	|C − 0.462| ≤ 0.04	PASS	false
F10.CI128	point 2.0	0.5062	|C − 0.51| ≤ 0.04	PASS	false
F10.CI128	point 2.5	0.588	|C − 0.615| ≤ 0.045	PASS	false
F10.CI128	point 3.0	0.7336	|C − 0.743| ≤ 0.05	PASS	false
F10.CI128	point 3.5	0.8274	|C − 0.821| ≤ 0.04	PASS	false
F10.CI128	point 4.0	0.8857	|C − 0.887| ≤ 0.03	PASS	false
F10.CI128	point 4.5	0.9017	|C − 0.908| ≤ 0.03	PASS	false
F10.CI128	point 5.0	0.9128	|C − 0.907| ≤ 0.03	PASS	false
F10.CI128	points outside band	0/11	≤ 1	PASS	false
F10.CI1024	point 0.2	0.3013	|C − 0.3| ≤ 0.02	PASS	false
F10.CI1024	point 0.5	0.3729	|C − 0.378| ≤ 0.02	PASS	false
F10.CI1024	point 1.0	0.4617	|C − 0.465| ≤ 0.015	PASS	false
F10.CI1024	point 1.5	0.5031	|C − 0.495| ≤ 0.015	PASS	false
F10.CI1024	point 2.0	0.5204	|C − 0.522| ≤ 0.02	PASS	false
F10.CI1024	point 3.0	0.5848	|C − 0.583| ≤ 0.015	PASS	false
F10.CI1024	point 4.0	0.6244	|C − 0.633| ≤ 0.015	PASS	false
F10.CI1024	point 4.5	0.6488	|C − 0.66| ≤ 0.015	PASS	false
F10.CI1024	point 5.0	0.6764	|C − 0.683| ≤ 0.015	PASS	false
F10.CI1024	points outside band	0/9	≤ 1	PASS	false
F10.noCI128	point 0.5	0.848	|C − 0.833| ≤ 0.03	PASS	false
F10.noCI128	point 1.0	0.9192	|C − 0.92| ≤ 0.015	PASS	false
F10.noCI128	point 2.0	0.9487	|C − 0.953| ≤ 0.01	PASS	false
F10.noCI128	point 3.0	0.9579	|C − 0.961| ≤ 0.01	PASS	false
F10.noCI128	point 4.0	0.964	|C − 0.963| ≤ 0.01	PASS	false
F10.noCI128	point 5.0	0.9622	|C − 0.963| ≤ 0.01	PASS	false
F10.noCI128	points outside band	0/6	≤ 1	PASS	false
F12.ER50	point 100.0	0.9629	|C − 0.962| ≤ 0.03	PASS	false
F12.ER50	point 250.0	0.9378	|C − 0.939| ≤ 0.03	PASS	false
F12.ER50	point 500.0	0.863	|C − 0.862| ≤ 0.03	PASS	false
F12.ER50	point 750.0	0.7291	|C − 0.718| ≤ 0.03	PASS	false
F12.ER50	point 1000.0	0.6098	|C − 0.601| ≤ 0.03	PASS	false
F12.ER50	point 1500.0	0.5262	|C − 0.517| ≤ 0.03	PASS	false
F12.ER50	point 2000.0	0.4907	|C − 0.483| ≤ 0.025	PASS	false
F12.ER50	point 3000.0	0.4467	|C − 0.443| ≤ 0.025	PASS	false
F12.ER50	point 4000.0	0.4198	|C − 0.416| ≤ 0.025	PASS	false
F12.ER50	point 5000.0	0.3978	|C − 0.397| ≤ 0.025	PASS	false
F12.ER50	points outside band	0/10	≤ 1	PASS	false
F12.ER200	point 100.0	0.9174	|C − 0.92| ≤ 0.03	PASS	false
F12.ER200	point 250.0	0.885	|C − 0.888| ≤ 0.03	PASS	false
F12.ER200	point 500.0	0.8118	|C − 0.818| ≤ 0.03	PASS	false
F12.ER200	point 750.0	0.7327	|C − 0.739| ≤ 0.03	PASS	false
F12.ER200	point 1000.0	0.657	|C − 0.66| ≤ 0.03	PASS	false
F12.ER200	point 1500.0	0.5596	|C − 0.566| ≤ 0.03	PASS	false
F12.ER200	point 2000.0	0.5184	|C − 0.524| ≤ 0.025	PASS	false
F12.ER200	point 3000.0	0.4747	|C − 0.48| ≤ 0.025	PASS	false
F12.ER200	point 4000.0	0.4474	|C − 0.449| ≤ 0.025	PASS	false
F12.ER200	point 5000.0	0.4267	|C − 0.429| ≤ 0.025	PASS	false
F12.ER200	points outside band	0/10	≤ 1	PASS	false
F12.EO200	point 100.0	0.9186	|C − 0.92| ≤ 0.03	PASS	false
F12.EO200	point 250.0	0.9063	|C − 0.903| ≤ 0.03	PASS	false
F12.EO200	point 500.0	0.8794	|C − 0.874| ≤ 0.03	PASS	false
F12.EO200	point 750.0	0.8331	|C − 0.838| ≤ 0.03	PASS	false
F12.EO200	point 1000.0	0.7832	|C − 0.789| ≤ 0.03	PASS	false
F12.EO200	point 1500.0	0.6757	|C − 0.68| ≤ 0.03	PASS	false
F12.EO200	point 2000.0	0.5971	|C − 0.601| ≤ 0.025	PASS	false
F12.EO200	point 3000.0	0.5336	|C − 0.536| ≤ 0.025	PASS	false
F12.EO200	point 4000.0	0.5016	|C − 0.504| ≤ 0.025	PASS	false
F12.EO200	point 5000.0	0.4793	|C − 0.481| ≤ 0.025	PASS	false
F12.EO200	points outside band	0/10	≤ 1	PASS	false
F5.mid	midpoint of the transition	0.5429	in [0.50, 0.56]	PASS	false
F7.gap	C_noCI(20) − C_CI(20)	0.6161	in [0.49, 0.60]	FAIL	false
F7.rise	C_noCI(15) − C_noCI(2)	0.5614	in [0.419, 0.579]	PASS	false
F8.dropCI	C_CI(0) − C_CI(500)	0.495	in [0.464, 0.574]	PASS	false
F8.dropNoCI	C_noCI(250) − C_noCI(5000)	0.2372	in [0.19, 0.35]	PASS	false
F9.mid	CI midpoint in s	0.1044	in [0.0966, 0.1166]	PASS	false
F10.size	mean C_CI128 − C_CI1024 at D = 4, 4.5, 5	0.2502	in [0.197, 0.287]	PASS	false
F12.order	EO200 > ER200 > ER50 at 1500–5000	true	true	PASS	false
F12.rate.ER50	C(5000) − C(2500)	-0.06751	-0.063 ± 0.025	PASS	false
F12.rate.ER200	C(5000) − C(2500)	-0.06529	-0.07 ± 0.025	PASS	false
F12.rate.EO200	C(5000) − C(2500)	-0.07824	-0.081 ± 0.025	PASS	false
F13.sign	signs of ΣΔH at 5000	-3.291, -4.024, 1.246	−, −, +	PASS	false
F13.order	ER200 < ER50 < 0 < EO200 at 2000–5000	true	true	PASS	false
F13.mag.ER50	ΣΔH(5000) / paper	1.028	in [0.316, 3.16]	PASS	false
F13.mag.ER200	ΣΔH(5000) / paper	0.9984	in [0.316, 3.16]	PASS	false
F13.mag.EO200	ΣΔH(5000) / paper	1.047	in [0.316, 3.16]	PASS	false
NC-F5	points outside band	9/17	≤ 1 (must fail)	FAIL	true
NC-F7	points outside band	6/6	≤ 1 (must fail)	FAIL	true
NC-F8	points outside band	6/6	≤ 1 (must fail)	FAIL	true
NC-F9	points outside band	5/6	≤ 1 (must fail)	FAIL	true
NC-F10	points outside band	8/9	≤ 1 (must fail)	FAIL	true
NC-F12	points outside band	9/10	≤ 1 (must fail)	FAIL	true
NC-F13	ΣΔH(5000) / (10 × paper) in [0.316, 3.16] for all arms	false	true (must fail)	FAIL	true
