key	wall_s	source
C12_ci_s12001	529.4	log
C12_ci_s12002	526.9	log
C12_ci_s12003	519.1	log
C12_ci_s12004	515.2	log
C12_ci_s12005	483.4	log
C12_ci_s12006	421.6	log
C12_ci_s12007	414.8	log
C12_ci_s12008	414.7	log
C12_ci_s12009	414.9	log
C12_ci_s12010	414.6	log
C12_no_s12101	524.7	log
C12_no_s12102	519.2	log
C12_no_s12103	515.1	log
C12_no_s12104	512.5	log
C12_no_s12105	480.2	log
C12_no_s12106	417.5	log
C12_no_s12107	411.2	log
C12_no_s12108	411.5	log
C12_no_s12109	411.6	log
C12_no_s12110	411.8	log
C1_ci_s20001	NaN	log
C1_ci_s20002	NaN	log
C1_ci_s20003	NaN	log
C1_ci_s20004	NaN	log
C1_ci_s20005	NaN	log
C1_no_s20101	NaN	log
C1_no_s20102	NaN	log
C1_no_s20103	NaN	log
C1_no_s20104	NaN	log
C1_no_s20105	NaN	log
C3_r0_s3101	213.5	log
C3_r0_s3102	214.1	log
C3_r0_s3103	216.5	log
C3_r0_s3104	216.5	log
C3_r0_s3105	216.3	log
C3_r0_s3106	216.8	log
C3_r0_s3107	219.1	log
C3_r0_s3108	218.5	log
C3_r0_s3109	218.8	log
C3_r0_s3110	218.7	log
C3_r10_s4101	212.3	log
C3_r10_s4102	213.9	log
C3_r10_s4103	298.9	log
C3_r10_s4104	299.1	log
C3_r10_s4105	299.9	log
C3_r10_s4106	300.4	log
C3_r10_s4107	300.5	log
C3_r10_s4108	302.2	log
C3_r10_s4109	302.8	log
C3_r10_s4110	302.3	log
C3_r1_s3201	218.1	log
C3_r1_s3202	217.7	log
C3_r1_s3203	217.9	log
C3_r1_s3204	218.2	log
C3_r1_s3205	217.7	log
C3_r1_s3206	217.7	log
C3_r1_s3207	217.7	log
C3_r1_s3208	217.3	log
C3_r1_s3209	220.3	log
C3_r1_s3210	220.6	log
C3_r2_s3301	220.3	log
C3_r2_s3302	221.0	log
C3_r2_s3303	220.6	log
C3_r2_s3304	220.9	log
C3_r2_s3305	221.2	log
C3_r2_s3306	221.0	log
C3_r2_s3307	221.1	log
C3_r2_s3308	221.5	log
C3_r2_s3309	221.3	log
C3_r2_s3310	221.1	log
C3_r3_s3401	212.4	log
C3_r3_s3402	212.7	log
C3_r3_s3403	212.7	log
C3_r3_s3404	212.1	log
C3_r3_s3405	212.1	log
C3_r3_s3406	212.2	log
C3_r3_s3407	211.9	log
C3_r3_s3408	211.9	log
C3_r3_s3409	211.9	log
C3_r3_s3410	212.7	log
C3_r4_s3501	211.9	log
C3_r4_s3502	211.6	log
C3_r4_s3503	212.2	log
C3_r4_s3504	212.2	log
C3_r4_s3505	212.2	log
C3_r4_s3506	211.7	log
C3_r4_s3507	212.4	log
C3_r4_s3508	212.4	log
C3_r4_s3509	212.5	log
C3_r4_s3510	212.3	log
C3_r5_s3601	211.7	log
C3_r5_s3602	211.3	log
C3_r5_s3603	211.1	log
C3_r5_s3604	211.3	log
C3_r5_s3605	211.4	log
C3_r5_s3606	211.4	log
C3_r5_s3607	211.3	log
C3_r5_s3608	211.6	log
C3_r5_s3609	211.6	log
C3_r5_s3610	211.3	log
C3_r6_s3701	211.3	log
C3_r6_s3702	211.2	log
C3_r6_s3703	213.2	log
C3_r6_s3704	213.2	log
C3_r6_s3705	213.5	log
C3_r6_s3706	213.1	log
C3_r6_s3707	213.9	log
C3_r6_s3708	213.5	log
C3_r6_s3709	214.3	log
C3_r6_s3710	214.0	log
C3_r7_s3801	214.0	log
C3_r7_s3802	214.2	log
C3_r7_s3803	214.0	log
C3_r7_s3804	213.7	log
C3_r7_s3805	214.6	log
C3_r7_s3806	214.7	log
C3_r7_s3807	214.8	log
C3_r7_s3808	214.9	log
C3_r7_s3809	224.6	log
C3_r7_s3810	224.2	log
C3_r8_s3901	224.3	log
C3_r8_s3902	223.6	log
C3_r8_s3903	224.3	log
C3_r8_s3904	225.1	log
C3_r8_s3905	225.3	log
C3_r8_s3906	225.0	log
C3_r8_s3907	226.0	log
C3_r8_s3908	225.7	log
C3_r8_s3909	225.5	log
C3_r8_s3910	225.7	log
C3_r9_s4001	216.8	log
C3_r9_s4002	216.8	log
C3_r9_s4003	216.3	log
C3_r9_s4004	216.7	log
C3_r9_s4005	216.2	log
C3_r9_s4006	215.6	log
C3_r9_s4007	215.7	log
C3_r9_s4008	216.1	log
C3_r9_s4009	211.8	log
C3_r9_s4010	212.6	log
C4_k10_s5001	108.1	log
C4_k10_s5002	108.1	log
C4_k10_s5003	108.5	log
C4_k10_s5004	108.4	log
C4_k10_s5005	108.8	log
C4_k10_s5006	108.0	log
C4_k10_s5007	106.7	log
C4_k10_s5008	106.9	log
C4_k10_s5009	106.8	log
C4_k10_s5010	106.5	log
C4_k11_s5101	106.0	log
C4_k11_s5102	106.0	log
C4_k11_s5103	105.8	log
C4_k11_s5104	105.5	log
C4_k11_s5105	105.6	log
C4_k11_s5106	105.8	log
C4_k11_s5107	106.0	log
C4_k11_s5108	106.2	log
C4_k11_s5109	107.2	log
C4_k11_s5110	107.1	log
C4_k1_s4101	133.8	log
C4_k1_s4102	133.0	log
C4_k1_s4103	132.9	log
C4_k1_s4104	NaN	log
C4_k1_s4105	NaN	log
C4_k1_s4106	131.8	log
C4_k1_s4107	131.0	log
C4_k1_s4108	130.2	log
C4_k1_s4109	129.7	log
C4_k1_s4110	130.1	log
C4_k2_s4201	107.5	log
C4_k2_s4202	107.1	log
C4_k2_s4203	107.0	log
C4_k2_s4204	107.5	log
C4_k2_s4205	107.1	log
C4_k2_s4206	107.2	log
C4_k2_s4207	107.5	log
C4_k2_s4208	107.1	log
C4_k2_s4209	106.9	log
C4_k2_s4210	107.1	log
C4_k3_s4301	107.2	log
C4_k3_s4302	107.0	log
C4_k3_s4303	107.9	log
C4_k3_s4304	107.9	log
C4_k3_s4305	109.0	log
C4_k3_s4306	109.4	log
C4_k3_s4307	109.0	log
C4_k3_s4308	109.2	log
C4_k3_s4309	109.0	log
C4_k3_s4310	109.1	log
C4_k4_s4401	109.0	log
C4_k4_s4402	109.1	log
C4_k4_s4403	108.9	log
C4_k4_s4404	109.3	log
C4_k4_s4405	108.7	log
C4_k4_s4406	109.2	log
C4_k4_s4407	111.1	log
C4_k4_s4408	111.2	log
C4_k4_s4409	111.2	log
C4_k4_s4410	111.1	log
C4_k5_s4501	111.0	log
C4_k5_s4502	111.6	log
C4_k5_s4503	111.2	log
C4_k5_s4504	111.9	log
C4_k5_s4505	111.7	log
C4_k5_s4506	111.8	log
C4_k5_s4507	113.7	log
C4_k5_s4508	113.3	log
C4_k5_s4509	110.6	log
C4_k5_s4510	110.2	log
C4_k6_s4601	113.1	log
C4_k6_s4602	113.2	log
C4_k6_s4603	113.4	log
C4_k6_s4604	113.4	log
C4_k6_s4605	112.8	log
C4_k6_s4606	113.2	log
C4_k6_s4607	112.8	log
C4_k6_s4608	112.7	log
C4_k6_s4609	110.4	log
C4_k6_s4610	110.7	log
C4_k7_s4701	111.2	log
C4_k7_s4702	111.4	log
C4_k7_s4703	111.2	log
C4_k7_s4704	111.1	log
C4_k7_s4705	111.3	log
C4_k7_s4706	111.4	log
C4_k7_s4707	110.9	log
C4_k7_s4708	111.0	log
C4_k7_s4709	110.9	log
C4_k7_s4710	111.0	log
C4_k8_s4801	109.2	log
C4_k8_s4802	109.3	log
C4_k8_s4803	107.3	log
C4_k8_s4804	107.0	log
C4_k8_s4805	107.4	log
C4_k8_s4806	107.5	log
C4_k8_s4807	107.4	log
C4_k8_s4808	107.3	log
C4_k8_s4809	107.5	log
C4_k8_s4810	107.5	log
C4_k9_s4901	106.9	log
C4_k9_s4902	106.9	log
C4_k9_s4903	106.7	log
C4_k9_s4904	106.6	log
C4_k9_s4905	108.0	log
C4_k9_s4906	108.3	log
C4_k9_s4907	108.4	log
C4_k9_s4908	107.9	log
C4_k9_s4909	108.6	log
C4_k9_s4910	108.6	log
C5_k1_s5101	107.3	log
C5_k1_s5102	107.1	log
C5_k1_s5103	106.8	log
C5_k1_s5104	106.8	log
C5_k1_s5105	106.7	log
C5_k1_s5106	107.2	log
C5_k1_s5107	106.6	log
C5_k1_s5108	106.9	log
C5_k1_s5109	106.1	log
C5_k1_s5110	106.0	log
C5_k2_s5201	106.0	log
C5_k2_s5202	105.7	log
C5_k2_s5203	105.7	log
C5_k2_s5204	105.8	log
C5_k2_s5205	105.9	log
C5_k2_s5206	105.8	log
C5_k2_s5207	105.8	log
C5_k2_s5208	106.0	log
C5_k2_s5209	105.7	log
C5_k2_s5210	105.6	log
C5_k3_s5301	108.0	log
C5_k3_s5302	108.0	log
C5_k3_s5303	109.2	log
C5_k3_s5304	109.3	log
C5_k3_s5305	109.4	log
C5_k3_s5306	109.3	log
C5_k3_s5307	109.4	log
C5_k3_s5308	109.9	log
C5_k3_s5309	109.9	log
C5_k3_s5310	109.5	log
C5_k4_s5401	108.2	log
C5_k4_s5402	108.1	log
C5_k4_s5403	107.3	log
C5_k4_s5404	107.3	log
C5_k4_s5405	106.3	log
C5_k4_s5406	106.1	log
C5_k4_s5407	106.1	log
C5_k4_s5408	106.2	log
C5_k4_s5409	106.2	log
C5_k4_s5410	106.0	log
C5_k5_s5501	104.2	log
C5_k5_s5502	104.3	log
C5_k5_s5503	104.4	log
C5_k5_s5504	104.3	log
C5_k5_s5505	106.4	log
C5_k5_s5506	105.8	log
C5_k5_s5507	105.8	log
C5_k5_s5508	105.4	log
C5_k5_s5509	105.2	log
C5_k5_s5510	105.4	log
C7_k10_s8001	105.2	log
C7_k10_s8002	105.2	log
C7_k10_s8003	104.8	log
C7_k10_s8004	104.7	log
C7_k10_s8005	104.7	log
C7_k10_s8006	105.0	log
C7_k10_s8007	105.4	log
C7_k10_s8008	105.2	log
C7_k10_s8009	105.2	log
C7_k10_s8010	105.1	log
C7_k1_s7101	107.5	log
C7_k1_s7102	107.6	log
C7_k1_s7103	107.6	log
C7_k1_s7104	107.7	log
C7_k1_s7105	107.4	log
C7_k1_s7106	107.5	log
C7_k1_s7107	108.0	log
C7_k1_s7108	108.5	log
C7_k1_s7109	110.1	log
C7_k1_s7110	110.4	log
C7_k2_s7201	110.1	log
C7_k2_s7202	109.9	log
C7_k2_s7203	110.1	log
C7_k2_s7204	110.4	log
C7_k2_s7205	110.3	log
C7_k2_s7206	110.0	log
C7_k2_s7207	110.0	log
C7_k2_s7208	110.1	log
C7_k2_s7209	109.8	log
C7_k2_s7210	109.5	log
C7_k3_s7301	107.4	log
C7_k3_s7302	107.2	log
C7_k3_s7303	107.1	log
C7_k3_s7304	107.2	log
C7_k3_s7305	107.2	log
C7_k3_s7306	107.4	log
C7_k3_s7307	107.3	log
C7_k3_s7308	107.6	log
C7_k3_s7309	107.7	log
C7_k3_s7310	107.6	log
C7_k4_s7401	108.0	log
C7_k4_s7402	108.1	log
C7_k4_s7403	111.9	log
C7_k4_s7404	111.8	log
C7_k4_s7405	111.6	log
C7_k4_s7406	111.6	log
C7_k4_s7407	111.7	log
C7_k4_s7408	111.6	log
C7_k4_s7409	111.6	log
C7_k4_s7410	112.0	log
C7_k5_s7501	112.0	log
C7_k5_s7502	111.6	log
C7_k5_s7503	113.1	log
C7_k5_s7504	113.0	log
C7_k5_s7505	113.1	log
C7_k5_s7506	113.3	log
C7_k5_s7507	112.9	log
C7_k5_s7508	113.0	log
C7_k5_s7509	113.4	log
C7_k5_s7510	113.2	log
C7_k6_s7601	113.1	log
C7_k6_s7602	113.4	log
C7_k6_s7603	112.8	log
C7_k6_s7604	113.1	log
C7_k6_s7605	111.3	log
C7_k6_s7606	111.1	log
C7_k6_s7607	108.0	log
C7_k6_s7608	108.2	log
C7_k6_s7609	108.1	log
C7_k6_s7610	107.7	log
C7_k7_s7701	107.2	log
C7_k7_s7702	107.5	log
C7_k7_s7703	107.0	log
C7_k7_s7704	106.6	log
C7_k7_s7705	106.8	log
C7_k7_s7706	106.7	log
C7_k7_s7707	105.4	log
C7_k7_s7708	105.2	log
C7_k7_s7709	105.1	log
C7_k7_s7710	105.4	log
C7_k8_s7801	105.5	log
C7_k8_s7802	105.5	log
C7_k8_s7803	105.4	log
C7_k8_s7804	105.5	log
C7_k8_s7805	105.5	log
C7_k8_s7806	105.8	log
C7_k8_s7807	105.4	log
C7_k8_s7808	105.6	log
C7_k8_s7809	105.9	log
C7_k8_s7810	105.9	log
C7_k9_s7901	106.3	log
C7_k9_s7902	105.8	log
C7_k9_s7903	105.5	log
C7_k9_s7904	105.6	log
C7_k9_s7905	105.7	log
C7_k9_s7906	105.5	log
C7_k9_s7907	105.7	log
C7_k9_s7908	105.4	log
C7_k9_s7909	105.3	log
C7_k9_s7910	105.0	log
C7n_k1_s7601	105.1	log
C7n_k1_s7602	105.0	log
C7n_k1_s7603	104.9	log
C7n_k1_s7604	104.9	log
C7n_k1_s7605	105.8	log
C7n_k1_s7606	105.8	log
C7n_k1_s7607	105.8	log
C7n_k1_s7608	105.9	log
C7n_k1_s7609	106.4	log
C7n_k1_s7610	105.9	log
C7n_k2_s7701	106.3	log
C7n_k2_s7702	106.1	log
C7n_k2_s7703	106.6	log
C7n_k2_s7704	105.9	log
C7n_k2_s7705	108.3	log
C7n_k2_s7706	107.9	log
C7n_k2_s7707	107.3	log
C7n_k2_s7708	106.9	log
C7n_k2_s7709	107.3	log
C7n_k2_s7710	107.2	log
C7n_k3_s7801	106.8	log
C7n_k3_s7802	107.0	log
C7n_k3_s7803	106.8	log
C7n_k3_s7804	106.2	log
C7n_k3_s7805	106.9	log
C7n_k3_s7806	106.4	log
C7n_k3_s7807	105.6	log
C7n_k3_s7808	105.4	log
C7n_k3_s7809	107.1	log
C7n_k3_s7810	107.0	log
C9_k1_s9101	106.9	log
C9_k1_s9102	107.1	log
C9_k1_s9103	107.0	log
C9_k1_s9104	107.0	log
C9_k1_s9105	107.0	log
C9_k1_s9106	107.3	log
C9_k1_s9107	106.8	log
C9_k1_s9108	107.2	log
C9_k1_s9109	108.0	log
C9_k1_s9110	108.1	log
C9_k2_s9201	108.4	log
C9_k2_s9202	108.5	log
C9_k2_s9203	108.7	log
C9_k2_s9204	108.8	log
C9_k2_s9205	108.9	log
C9_k2_s9206	108.9	log
C9_k2_s9207	109.1	log
C9_k2_s9208	109.1	log
C9_k2_s9209	109.1	log
C9_k2_s9210	109.2	log
C9_k3_s9301	118.3	log
C9_k3_s9302	118.5	log
C9_k3_s9303	118.0	log
C9_k3_s9304	117.7	log
C9_k3_s9305	117.6	log
C9_k3_s9306	117.7	log
C9_k3_s9307	117.4	log
C9_k3_s9308	117.3	log
C9_k3_s9309	117.3	log
C9_k3_s9310	117.4	log
C9_k4_s9401	117.1	log
C9_k4_s9402	117.0	log
C9_k4_s9403	110.1	log
C9_k4_s9404	109.4	log
C9_k4_s9405	104.1	log
C9_k4_s9406	103.9	log
C9_k4_s9407	103.5	log
C9_k4_s9408	103.4	log
C9_k4_s9409	102.3	log
C9_k4_s9410	102.1	log
E10_el_s1401	33.4	row
E10_el_s1402	33.3	row
E10_el_s1403	33.2	row
E10_el_s1404	33.3	row
E10_el_s1405	32.9	row
E10_el_s1406	32.9	row
E10_el_s1407	32.7	row
E10_el_s1408	32.9	row
E10_el_s1409	31.4	row
E10_el_s1410	31.3	row
E10_ro_s1411	30.8	row
E10_ro_s1412	30.8	row
E10_ro_s1413	30.8	row
E10_ro_s1414	30.7	row
E10_ro_s1415	19.4	row
E10_ro_s1416	18.8	row
E10_ro_s1417	13.9	row
E10_ro_s1418	13.8	row
E10_ro_s1419	13.4	row
E10_ro_s1420	13.1	row
E1_round_s1101	106.4	log
E1_round_s1102	108.3	log
E1_round_s1103	107.8	log
E1_round_s1104	108.6	log
E1_round_s1105	107.2	log
E1_round_s1106	107.0	log
E1_round_s1107	107.0	log
E1_round_s1108	106.6	log
E1_round_s1109	93.2	log
E1_round_s1110	92.1	log
E1_std_s1001	NaN	log
E1_std_s1002	NaN	log
E1_std_s1003	748.4	log
E1_std_s1004	746.7	log
E1_std_s1005	747.7	log
E1_std_s1006	747.6	log
E1_std_s1007	749.4	log
E1_std_s1008	751.4	log
E1_std_s1009	747.1	log
E1_std_s1010	750.2	log
E5_L10_s1201	731.6	log
E5_L10_s1202	730.4	log
E5_L10_s1203	732.9	log
E5_L10_s1204	728.3	log
E5_L10_s1205	736.2	log
E5_L10_s1206	732.7	log
E5_L10_s1207	760.9	log
E5_L10_s1208	760.9	log
E5_L10_s1209	763.2	log
E5_L10_s1210	762.4	log
E5_L20_s1211	764.2	log
E5_L20_s1212	768.9	log
E5_L20_s1213	767.2	log
E5_L20_s1214	770.8	log
E5_L20_s1215	771.9	log
E5_L20_s1216	773.1	log
E5_L20_s1217	802.3	log
E5_L20_s1218	801.6	log
E5_L20_s1219	852.5	log
E5_L20_s1220	854.8	log
E5_L30_s1221	859.7	log
E5_L30_s1222	855.2	log
E5_L30_s1223	856.1	log
E5_L30_s1224	858.6	log
E5_L30_s1225	859.6	log
E5_L30_s1226	858.7	log
E5_L30_s1227	862.4	log
E5_L30_s1228	854.6	log
E5_L30_s1229	846.7	log
E5_L30_s1230	847.9	log
E5_L40_s1231	832.3	log
E5_L40_s1232	832.5	log
E5_L40_s1233	831.3	log
E5_L40_s1234	831.8	log
E5_L40_s1235	825.4	log
E5_L40_s1236	830.6	log
E5_L40_s1237	829.5	log
E5_L40_s1238	831.5	log
E5_L40_s1239	827.5	log
E5_L40_s1240	830.4	log
E5_L50_s1241	827.5	log
E5_L50_s1242	830.5	log
E5_L50_s1243	854.7	log
E5_L50_s1244	854.4	log
E5_L50_s1245	854.3	log
E5_L50_s1246	847.4	log
E5_L50_s1247	848.3	log
E5_L50_s1248	851.8	log
E5_L50_s1249	856.1	log
E5_L50_s1250	853.4	log
E6_J1_s1321	835.4	log
E6_J1_s1322	834.5	log
E6_J1_s1323	834.3	log
E6_J1_s1324	831.7	log
E6_J1_s1325	831.9	log
E6_J1_s1326	830.5	log
E6_J1_s1327	746.7	log
E6_J1_s1328	743.3	log
E6_J1_s1329	391.5	log
E6_J1_s1330	388.4	log
E6_J20_s1301	857.1	log
E6_J20_s1302	857.1	log
E6_J20_s1303	850.2	log
E6_J20_s1304	848.5	log
E6_J20_s1305	818.9	log
E6_J20_s1306	814.4	log
E6_J20_s1307	815.8	log
E6_J20_s1308	819.5	log
E6_J20_s1309	813.5	log
E6_J20_s1310	817.4	log
E6_J5_s1311	817.2	log
E6_J5_s1312	819.1	log
E6_J5_s1313	818.2	log
E6_J5_s1314	816.3	log
E6_J5_s1315	820.3	log
E6_J5_s1316	820.1	log
E6_J5_s1317	836.9	log
E6_J5_s1318	838.1	log
E6_J5_s1319	836.9	log
E6_J5_s1320	837.9	log
