beta,Time to 10k (MCS),Time to 10k (5T)
0,11462,14.789677419354838
0,11478,14.810322580645161
0,11516,14.859354838709677
0,11861,15.304516129032258
0,11538,14.887741935483872
0,11225,14.483870967741936
0,11867,15.31225806451613
0,11780,15.2
0,11434,14.753548387096775
0,11666,15.052903225806451
0.25,11407,14.718709677419355
0.5,11445,14.76774193548387
0.6,11440,14.761290322580646
0.625,11389,14.695483870967742
0.625,11284,14.56
0.625,11460,14.787096774193548
0.625,11345,14.638709677419355
0.625,11666,15.052903225806451
0.625,11820,15.251612903225807
0.6375,12097,15.609032258064516
0.6375,11636,15.014193548387096
0.6375,11713,15.113548387096774
0.6375,11598,14.96516129032258
0.6375,11734,15.140645161290323
0.6375,11532,14.88
0.65,11586,14.949677419354838
0.7,12049,15.547096774193548
0.75,11754,15.166451612903225
0.8,12845,16.574193548387097
0.85,13794,17.798709677419353
0.8727,14352,18.518709677419356
0.8727,14266,18.40774193548387
0.8727,14676,18.936774193548388
0.8727,14329,18.489032258064515
0.8727,14205,18.329032258064515
0.9,16123,20.803870967741936
0.9,16019,20.669677419354837
0.9,15852,20.454193548387096
0.9,15761,20.336774193548386
0.9,16311,21.046451612903226
0.9334,19887,25.660645161290322
0.9334,19894,25.669677419354837
0.9334,19943,25.732903225806453
0.9334,19982,25.783225806451615
0.9334,20163,26.016774193548386
0.9375,20771,26.801290322580645
0.9375,20641,26.633548387096774
0.9375,20585,26.561290322580646
0.9375,20769,26.798709677419353
0.9375,20716,26.73032258064516
0.9375,20726,26.743225806451612
0.9417,21962,28.338064516129034
0.9417,21635,27.916129032258066
0.9417,21720,28.025806451612905
0.9417,21938,28.30709677419355
0.9417,21617,27.892903225806453
0.9417,21848,28.190967741935484
0.95,24157,31.170322580645163
0.95,24255,31.296774193548387
0.95,24269,31.31483870967742
0.95,24105,31.10322580645161
0.95,24064,31.05032258064516
0.96,28112,36.273548387096774
0.97,33825,43.645161290322584
0.98,42517,54.86064516129032
0.985,48528,62.61677419354839
0.9875,52027,67.1316129032258
0.9875,52075,67.19354838709677
0.9875,52037,67.14451612903225
0.9875,51893,66.95870967741935
0.9875,51826,66.87225806451613
0.9875,52106,67.23354838709677
0.99,55785,71.98064516129033
0.99,56460,72.85161290322581
0.99,56032,72.29935483870968
0.99,56219,72.54064516129033
0.99,56071,72.34967741935483
0.99,55826,72.03354838709677
1,79620,102.73548387096774
1,78556,101.36258064516129
1,77843,100.44258064516129
1,79243,102.24903225806452
1,78808,101.68774193548387
1.006,98806,127.4916129032258
1.007,103498,133.5458064516129
1.007,104861,135.30451612903227
1.007,102857,132.71870967741935
1.007,104790,135.21290322580646
1.007,105986,136.75612903225806
1.007,102643,132.44258064516129
1.008,108465,139.95483870967743
1.008,109210,140.91612903225806
1.008,107713,138.98451612903227
1.008,107509,138.72129032258064
1.008,108190,139.6
1.008,107981,139.33032258064517
1.01,119469,154.15354838709678
1.015,150894,194.70193548387095
1.02,200886,259.20774193548385
1.0212,203045,261.9935483870968
1.0212,nan,nan
1.0212,205341,264.95612903225805
1.0212,205857,265.62193548387097
1.0212,206677,266.68
1.0212,201631,260.16903225806453
1.0225,nan,nan
1.025,nan,nan
1.03,nan,nan
