sweep	q	k	seed	stage	beta	gamma	lattice	retcode	mcs	N	capped	edge_gap	wall_s
beta	0	1	160000001	grid	0.0	0.0	1400	Terminated	11462	10002	false	254	317.11
beta	0	2	160000002	grid	0.0	0.0	1400	Terminated	11478	10007	false	261	310.8
beta	0	3	160000003	grid	0.0	0.0	1400	Terminated	11516	10005	false	261	266.27
beta	0	4	160000004	grid	0.0	0.0	1400	Terminated	11861	10003	false	259	263.48
beta	0	5	160000005	grid	0.0	0.0	1400	Terminated	11538	10002	false	248	253.05
beta	0	6	160000006	grid	0.0	0.0	1400	Terminated	11225	10004	false	258	249.24
beta	0	7	160000007	grid	0.0	0.0	1400	Terminated	11867	10004	false	257	241.7
beta	0	8	160000008	grid	0.0	0.0	1400	Terminated	11780	10003	false	257	237.51
beta	0	9	160000009	grid	0.0	0.0	1400	Terminated	11434	10001	false	253	233.85
beta	0	10	160000010	grid	0.0	0.0	1400	Terminated	11666	10003	false	251	218.85
beta	2500	1	160250001	grid	0.25	0.0	1400	Terminated	11407	10005	false	257	326.61
beta	5000	1	160500001	grid	0.5	0.0	1400	Terminated	11445	10001	false	273	300.4
beta	6000	1	160600001	grid	0.6	0.0	1400	Terminated	11440	10006	false	298	294.57
beta	6250	1	160625001	bisect	0.625	0.0	1400	Terminated	11389	10005	false	297	232.38
beta	6250	2	160625002	final	0.625	0.0	1400	Terminated	11284	10003	false	292	239.98
beta	6250	3	160625003	final	0.625	0.0	1400	Terminated	11460	10002	false	301	236.32
beta	6250	4	160625004	final	0.625	0.0	1400	Terminated	11345	10003	false	297	213.1
beta	6250	5	160625005	final	0.625	0.0	1400	Terminated	11666	10000	false	301	201.53
beta	6250	6	160625006	final	0.625	0.0	1400	Terminated	11820	10002	false	282	152.84
beta	6375	1	160637501	bisect	0.6375	0.0	1400	Terminated	12097	10001	false	298	220.82
beta	6375	2	160637502	final	0.6375	0.0	1400	Terminated	11636	10001	false	295	253.9
beta	6375	3	160637503	final	0.6375	0.0	1400	Terminated	11713	10004	false	300	256.26
beta	6375	4	160637504	final	0.6375	0.0	1400	Terminated	11598	10002	false	300	254.43
beta	6375	5	160637505	final	0.6375	0.0	1400	Terminated	11734	10003	false	296	253.55
beta	6375	6	160637506	final	0.6375	0.0	1400	Terminated	11532	10002	false	297	243.66
beta	6500	1	160650001	grid	0.65	0.0	1400	Terminated	11586	10001	false	301	297.26
beta	7000	1	160700001	grid	0.7	0.0	1400	Terminated	12049	10001	false	302	305.73
beta	7500	1	160750001	grid	0.75	0.0	1400	Terminated	11754	10001	false	308	326.19
beta	8000	1	160800001	grid	0.8	0.0	1400	Terminated	12845	10002	false	299	358.52
beta	8500	1	160850001	grid	0.85	0.0	1400	Terminated	13794	10001	false	297	423.4
beta	8727	1	160872701	grid	0.8727	0.0	1400	Terminated	14352	10000	false	296	447.72
beta	8727	2	160872702	grid	0.8727	0.0	1400	Terminated	14266	10000	false	295	452.71
beta	8727	3	160872703	grid	0.8727	0.0	1400	Terminated	14676	10000	false	302	453.03
beta	8727	4	160872704	grid	0.8727	0.0	1400	Terminated	14329	10000	false	299	454.95
beta	8727	5	160872705	grid	0.8727	0.0	1400	Terminated	14205	10004	false	298	464.24
beta	9000	1	160900001	grid	0.9	0.0	1400	Terminated	16123	10000	false	293	490.22
beta	9000	2	160900002	grid	0.9	0.0	1400	Terminated	16019	10001	false	300	489.62
beta	9000	3	160900003	grid	0.9	0.0	1400	Terminated	15852	10000	false	296	488.31
beta	9000	4	160900004	grid	0.9	0.0	1400	Terminated	15761	10001	false	300	500.58
beta	9000	5	160900005	grid	0.9	0.0	1400	Terminated	16311	10001	false	302	507.99
beta	9334	1	160933401	grid	0.9334	0.0	1400	Terminated	19887	10000	false	287	604.08
beta	9334	2	160933402	grid	0.9334	0.0	1400	Terminated	19894	10002	false	289	624.17
beta	9334	3	160933403	grid	0.9334	0.0	1400	Terminated	19943	10000	false	292	629.92
beta	9334	4	160933404	grid	0.9334	0.0	1400	Terminated	19982	10001	false	281	628.6
beta	9334	5	160933405	grid	0.9334	0.0	1400	Terminated	20163	10001	false	294	636.45
beta	9375	1	160937501	bisect	0.9375	0.0	1400	Terminated	20771	10001	false	281	427.29
beta	9375	2	160937502	final	0.9375	0.0	1400	Terminated	20641	10000	false	285	515.66
beta	9375	3	160937503	final	0.9375	0.0	1400	Terminated	20585	10001	false	286	541.23
beta	9375	4	160937504	final	0.9375	0.0	1400	Terminated	20769	10001	false	284	548.62
beta	9375	5	160937505	final	0.9375	0.0	1400	Terminated	20716	10001	false	286	545.87
beta	9375	6	160937506	final	0.9375	0.0	1400	Terminated	20726	10002	false	293	432.47
beta	9417	1	160941701	bisect	0.9417	0.0	1400	Terminated	21962	10001	false	286	476.06
beta	9417	2	160941702	final	0.9417	0.0	1400	Terminated	21635	10003	false	286	552.7
beta	9417	3	160941703	final	0.9417	0.0	1400	Terminated	21720	10000	false	288	561.63
beta	9417	4	160941704	final	0.9417	0.0	1400	Terminated	21938	10000	false	283	553.99
beta	9417	5	160941705	final	0.9417	0.0	1400	Terminated	21617	10000	false	292	549.87
beta	9417	6	160941706	final	0.9417	0.0	1400	Terminated	21848	10000	false	277	544.92
beta	9500	1	160950001	grid	0.95	0.0	1400	Terminated	24157	10000	false	285	686.43
beta	9500	2	160950002	grid	0.95	0.0	1400	Terminated	24255	10001	false	277	704.65
beta	9500	3	160950003	grid	0.95	0.0	1400	Terminated	24269	10001	false	276	703.04
beta	9500	4	160950004	grid	0.95	0.0	1400	Terminated	24105	10002	false	272	712.74
beta	9500	5	160950005	grid	0.95	0.0	1400	Terminated	24064	10001	false	285	732.95
beta	9600	1	160960001	grid	0.96	0.0	1400	Terminated	28112	10000	false	281	786.07
beta	9700	1	160970001	grid	0.97	0.0	1400	Terminated	33825	10000	false	271	922.22
beta	9800	1	160980001	grid	0.98	0.0	1400	Terminated	42517	10000	false	249	1107.92
beta	9850	1	160985001	bisect	0.985	0.0	1400	Terminated	48528	10001	false	262	811.64
beta	9875	1	160987501	bisect	0.9875	0.0	1400	Terminated	52027	10001	false	254	796.75
beta	9875	2	160987502	final	0.9875	0.0	1400	Terminated	52075	10000	false	264	1126.46
beta	9875	3	160987503	final	0.9875	0.0	1400	Terminated	52037	10000	false	247	1125.11
beta	9875	4	160987504	final	0.9875	0.0	1400	Terminated	51893	10001	false	261	1100.63
beta	9875	5	160987505	final	0.9875	0.0	1400	Terminated	51826	10001	false	264	1129.2
beta	9875	6	160987506	final	0.9875	0.0	1400	Terminated	52106	10000	false	256	1153.73
beta	9900	1	160990001	grid	0.99	0.0	1400	Terminated	55785	10000	false	257	1413.51
beta	9900	2	160990002	final	0.99	0.0	1400	Terminated	56460	10000	false	261	1112.31
beta	9900	3	160990003	final	0.99	0.0	1400	Terminated	56032	10000	false	251	1117.72
beta	9900	4	160990004	final	0.99	0.0	1400	Terminated	56219	10000	false	252	1189.63
beta	9900	5	160990005	final	0.99	0.0	1400	Terminated	56071	10000	false	252	1181.29
beta	9900	6	160990006	final	0.99	0.0	1400	Terminated	55826	10001	false	254	1197.61
beta	10000	1	161000001	grid	1.0	0.0	1400	Terminated	79620	10000	false	248	1709.79
beta	10000	2	161000002	grid	1.0	0.0	1400	Terminated	78556	10000	false	251	1731.77
beta	10000	3	161000003	grid	1.0	0.0	1400	Terminated	77843	10000	false	236	1764.97
beta	10000	4	161000004	grid	1.0	0.0	1400	Terminated	79243	10000	false	223	1754.85
beta	10000	5	161000005	grid	1.0	0.0	1400	Terminated	78808	10000	false	230	1780.56
beta	10060	1	161006001	grid	1.006	0.0	1400	Terminated	98806	10000	false	232	2099.22
beta	10070	1	161007001	bisect	1.007	0.0	1400	Terminated	103498	10001	false	217	1203.35
beta	10070	2	161007002	final	1.007	0.0	1400	Terminated	104861	10001	false	244	1757.17
beta	10070	3	161007003	final	1.007	0.0	1400	Terminated	102857	10000	false	227	1808.34
beta	10070	4	161007004	final	1.007	0.0	1400	Terminated	104790	10000	false	233	1814.37
beta	10070	5	161007005	final	1.007	0.0	1400	Terminated	105986	10000	false	222	1845.01
beta	10070	6	161007006	final	1.007	0.0	1400	Terminated	102643	10000	false	242	1823.92
beta	10080	1	161008001	bisect	1.008	0.0	1400	Terminated	108465	10000	false	195	1340.75
beta	10080	2	161008002	final	1.008	0.0	1400	Terminated	109210	10000	false	225	1804.98
beta	10080	3	161008003	final	1.008	0.0	1400	Terminated	107713	10001	false	236	1823.8
beta	10080	4	161008004	final	1.008	0.0	1400	Terminated	107509	10000	false	219	1817.02
beta	10080	5	161008005	final	1.008	0.0	1400	Terminated	108190	10001	false	239	1852.01
beta	10080	6	161008006	final	1.008	0.0	1400	Terminated	107981	10000	false	243	1864.77
beta	10100	1	161010001	grid	1.01	0.0	1400	Terminated	119469	10000	false	232	2742.76
beta	10150	1	161015001	grid	1.015	0.0	1400	Terminated	150894	10000	false	198	3598.41
beta	10200	1	161020001	grid	1.02	0.0	1400	Terminated	200886	10000	false	210	4343.83
beta	10212	1	161021201	bisect	1.0212	0.0	1400	Terminated	203045	10000	false	216	1848.97
beta	10212	2	161021202	final	1.0212	0.0	1400	Success	210335	9613	true	198	2910.62
beta	10212	3	161021203	final	1.0212	0.0	1400	Terminated	205341	10000	false	193	3043.91
beta	10212	4	161021204	final	1.0212	0.0	1400	Terminated	205857	10000	false	214	3103.47
beta	10212	5	161021205	final	1.0212	0.0	1400	Terminated	206677	10000	false	171	3121.49
beta	10212	6	161021206	final	1.0212	0.0	1400	Terminated	201631	10000	false	193	3031.75
beta	10225	1	161022501	bisect	1.0225	0.0	1400	Success	210335	8001	true	251	1581.65
beta	10250	1	161025001	grid	1.025	0.0	1400	Success	210335	3053	true	369	1042.37
beta	10300	1	161030001	grid	1.03	0.0	1400	Success	210335	694	true	487	517.63
gamma	1	1	170000101	grid	0.0	0.0001	1800	Terminated	45580	10000	false	447	1588.89
gamma	1	2	170000102	grid	0.0	0.0001	1800	Terminated	45466	10000	false	451	1584.34
gamma	1	3	170000103	grid	0.0	0.0001	1800	Terminated	45274	10000	false	441	1564.8
gamma	1	4	170000104	grid	0.0	0.0001	1800	Terminated	45807	10001	false	448	1568.84
gamma	1	5	170000105	grid	0.0	0.0001	1800	Terminated	45548	10000	false	441	1582.37
gamma	10	1	170001001	grid	0.0	0.001	1800	Terminated	45979	10000	false	453	1567.89
gamma	100	1	170010001	grid	0.0	0.01	1800	Terminated	45220	10002	false	446	1549.59
gamma	500	1	170050001	grid	0.0	0.05	1800	Terminated	46094	10000	false	439	1570.59
gamma	1000	1	170100001	grid	0.0	0.1	1800	Terminated	48340	10000	false	463	1586.37
gamma	1500	1	170150001	grid	0.0	0.15	1800	Terminated	51075	10000	false	434	1698.85
gamma	1500	2	170150002	final	0.0	0.15	1800	Terminated	51956	10000	false	433	1491.69
gamma	1500	3	170150003	final	0.0	0.15	1800	Terminated	51652	10000	false	453	1487.87
gamma	1500	4	170150004	final	0.0	0.15	1800	Terminated	52124	10000	false	457	1498.81
gamma	1500	5	170150005	final	0.0	0.15	1800	Terminated	51696	10001	false	446	1471.51
gamma	1500	6	170150006	final	0.0	0.15	1800	Terminated	51817	10000	false	441	1515.72
gamma	1625	1	170162501	bisect	0.0	0.1625	1800	Terminated	52907	10000	false	430	1030.71
gamma	1625	2	170162502	final	0.0	0.1625	1800	Terminated	53529	10000	false	438	1426.6
gamma	1625	3	170162503	final	0.0	0.1625	1800	Terminated	53113	10000	false	449	1491.11
gamma	1625	4	170162504	final	0.0	0.1625	1800	Terminated	52637	10000	false	454	1504.84
gamma	1625	5	170162505	final	0.0	0.1625	1800	Terminated	52665	10000	false	444	1507.69
gamma	1625	6	170162506	final	0.0	0.1625	1800	Terminated	53849	10000	false	451	1542.11
gamma	1750	1	170175001	bisect	0.0	0.175	1800	Terminated	53746	10000	false	457	1114.03
gamma	2000	1	170200001	grid	0.0	0.2	1800	Terminated	56456	10000	false	439	1865.7
gamma	3000	1	170300001	grid	0.0	0.3	1800	Terminated	68670	10000	false	403	2212.49
gamma	4000	1	170400001	grid	0.0	0.4	1800	Terminated	79739	10000	false	422	2949.95
gamma	4500	1	170450001	grid	0.0	0.45	1800	Terminated	87952	10000	false	400	3397.38
gamma	5000	1	170500001	grid	0.0	0.5	1800	Terminated	94387	10000	false	396	3676.02
gamma	5250	1	170525001	bisect	0.0	0.525	1800	Terminated	100834	10000	false	400	1669.54
gamma	5250	2	170525002	final	0.0	0.525	1800	Terminated	101938	10000	false	402	2655.43
gamma	5250	3	170525003	final	0.0	0.525	1800	Terminated	97256	10000	false	365	2573.45
gamma	5250	4	170525004	final	0.0	0.525	1800	Terminated	98032	10000	false	411	2577.53
gamma	5250	5	170525005	final	0.0	0.525	1800	Terminated	100190	10000	false	405	2646.57
gamma	5250	6	170525006	final	0.0	0.525	1800	Terminated	102096	10000	false	399	2757.69
gamma	5375	1	170537501	bisect	0.0	0.5375	1800	Terminated	108081	10000	false	422	1666.48
gamma	5375	2	170537502	final	0.0	0.5375	1800	Terminated	102723	10000	false	409	2638.14
gamma	5375	3	170537503	final	0.0	0.5375	1800	Terminated	104813	10001	false	393	2613.54
gamma	5375	4	170537504	final	0.0	0.5375	1800	Terminated	105704	10000	false	381	2683.21
gamma	5375	5	170537505	final	0.0	0.5375	1800	Terminated	104872	10000	false	396	2762.37
gamma	5375	6	170537506	final	0.0	0.5375	1800	Terminated	103617	10000	false	418	2697.71
gamma	5500	1	170550001	grid	0.0	0.55	1800	Terminated	105658	10000	false	419	4060.94
gamma	6000	1	170600001	grid	0.0	0.6	1800	Terminated	119136	10000	false	404	4548.39
gamma	6500	1	170650001	grid	0.0	0.65	1800	Terminated	134117	10000	false	321	4959.41
gamma	7000	1	170700001	grid	0.0	0.7	1800	Terminated	153240	10000	false	334	5857.47
gamma	7500	1	170750001	grid	0.0	0.75	1800	Terminated	199846	10000	false	250	6861.33
gamma	7625	1	170762501	bisect	0.0	0.7625	1800	Terminated	201438	10001	false	286	2893.02
gamma	7625	2	170762502	final	0.0	0.7625	1800	Terminated	194973	10000	false	321	5377.76
gamma	7625	3	170762503	final	0.0	0.7625	1800	Terminated	195962	10000	false	307	5395.11
gamma	7625	4	170762504	final	0.0	0.7625	1800	Terminated	194412	10000	false	307	5235.98
gamma	7625	5	170762505	final	0.0	0.7625	1800	Terminated	192157	10000	false	294	5327.48
gamma	7625	6	170762506	final	0.0	0.7625	1800	Terminated	202897	10000	false	267	5408.1
gamma	7750	1	170775001	bisect	0.0	0.775	1800	Success	210335	8313	true	378	2513.76
gamma	8000	1	170800001	grid	0.0	0.8	1800	Success	210335	8876	true	335	6658.61
