kappa_b	beta	beta_model	k	seed	tau	cap	mcs_run	t_first	t1_total
0.15604988065131872	0.0001	1.5604988065131874e-5	1	18000011	3.4472094822805346	65536	225917	-1	0.0
0.15604988065131872	0.0001	1.5604988065131874e-5	2	18000012	3.4472094822805346	65536	225917	-1	0.0
0.15604988065131872	0.0001	1.5604988065131874e-5	3	18000013	3.4472094822805346	65536	225917	-1	0.0
0.15604988065131872	0.001	0.00015604988065131872	1	18000021	3.4472094822805346	65536	225917	-1	0.0
0.15604988065131872	0.001	0.00015604988065131872	2	18000022	3.4472094822805346	65536	225917	-1	0.0
0.15604988065131872	0.001	0.00015604988065131872	3	18000023	3.4472094822805346	65536	225917	-1	0.0
0.15604988065131872	0.005	0.0007802494032565936	1	18000031	3.4472094822805346	16384	56480	-1	0.0
0.15604988065131872	0.005	0.0007802494032565936	2	18000032	3.4472094822805346	16384	56480	-1	0.0
0.15604988065131872	0.005	0.0007802494032565936	3	18000033	3.4472094822805346	16384	56480	-1	0.0
0.15604988065131872	0.01	0.0015604988065131872	1	18000041	3.4472094822805346	16384	56480	-1	0.0
0.15604988065131872	0.01	0.0015604988065131872	2	18000042	3.4472094822805346	16384	56480	-1	0.0
0.15604988065131872	0.01	0.0015604988065131872	3	18000043	3.4472094822805346	16384	56480	-1	0.0
0.15604988065131872	0.05	0.007802494032565936	1	18000051	3.4472094822805346	16384	56480	-1	0.0
0.15604988065131872	0.05	0.007802494032565936	2	18000052	3.4472094822805346	16384	56480	-1	0.0
0.15604988065131872	0.05	0.007802494032565936	3	18000053	3.4472094822805346	16384	56480	-1	0.0
0.22068785762379778	0.0001	2.206878576237978e-5	1	18000011	3.4472094822805346	65536	225917	-1	0.0
0.22068785762379778	0.0001	2.206878576237978e-5	2	18000012	3.4472094822805346	65536	225917	-1	0.0
0.22068785762379778	0.0001	2.206878576237978e-5	3	18000013	3.4472094822805346	65536	225917	-1	0.0
0.22068785762379778	0.001	0.00022068785762379778	1	18000021	3.4472094822805346	65536	225917	-1	0.0
0.22068785762379778	0.001	0.00022068785762379778	2	18000022	3.4472094822805346	65536	225917	-1	0.0
0.22068785762379778	0.001	0.00022068785762379778	3	18000023	3.4472094822805346	65536	225917	-1	0.0
0.22068785762379778	0.005	0.0011034392881189888	1	18000031	3.4472094822805346	16384	56480	-1	0.0
0.22068785762379778	0.005	0.0011034392881189888	2	18000032	3.4472094822805346	16384	56480	-1	0.0
0.22068785762379778	0.005	0.0011034392881189888	3	18000033	3.4472094822805346	16384	56480	-1	0.0
0.22068785762379778	0.01	0.0022068785762379777	1	18000041	3.4472094822805346	16384	56480	-1	0.0
0.22068785762379778	0.01	0.0022068785762379777	2	18000042	3.4472094822805346	16384	56480	-1	0.0
0.22068785762379778	0.01	0.0022068785762379777	3	18000043	3.4472094822805346	16384	56480	-1	0.0
0.22068785762379778	0.05	0.011034392881189889	1	18000051	3.4472094822805346	16384	56480	-1	0.0
0.22068785762379778	0.05	0.011034392881189889	2	18000052	3.4472094822805346	16384	56480	-1	0.0
0.22068785762379778	0.05	0.011034392881189889	3	18000053	3.4472094822805346	16384	56480	-1	0.0
0.31209976130263745	0.0001	3.120997613026375e-5	1	18000011	3.4472094822805346	65536	225917	-1	0.0
0.31209976130263745	0.0001	3.120997613026375e-5	2	18000012	3.4472094822805346	65536	225917	-1	0.0
0.31209976130263745	0.0001	3.120997613026375e-5	3	18000013	3.4472094822805346	65536	225917	-1	0.0
0.31209976130263745	0.001	0.00031209976130263745	1	18000021	3.4472094822805346	65536	225917	-1	0.0
0.31209976130263745	0.001	0.00031209976130263745	2	18000022	3.4472094822805346	65536	225917	-1	0.0
0.31209976130263745	0.001	0.00031209976130263745	3	18000023	3.4472094822805346	65536	225917	-1	0.0
0.31209976130263745	0.005	0.0015604988065131872	1	18000031	3.4472094822805346	16384	56480	-1	0.0
0.31209976130263745	0.005	0.0015604988065131872	2	18000032	3.4472094822805346	16384	56480	-1	0.0
0.31209976130263745	0.005	0.0015604988065131872	3	18000033	3.4472094822805346	16384	56480	-1	0.0
0.31209976130263745	0.01	0.0031209976130263744	1	18000041	3.4472094822805346	16384	56480	-1	0.0
0.31209976130263745	0.01	0.0031209976130263744	2	18000042	3.4472094822805346	16384	56480	-1	0.0
0.31209976130263745	0.01	0.0031209976130263744	3	18000043	3.4472094822805346	16384	56480	-1	0.0
0.31209976130263745	0.05	0.015604988065131872	1	18000051	3.4472094822805346	16384	54855	15810	4.0
0.31209976130263745	0.05	0.015604988065131872	2	18000052	3.4472094822805346	16384	56480	-1	0.0
0.31209976130263745	0.05	0.015604988065131872	3	18000053	3.4472094822805346	16384	56480	-1	0.0
0.44137571524759556	0.0001	4.413757152475956e-5	1	18000011	3.4472094822805346	65536	225917	-1	0.0
0.44137571524759556	0.0001	4.413757152475956e-5	2	18000012	3.4472094822805346	65536	225917	-1	0.0
0.44137571524759556	0.0001	4.413757152475956e-5	3	18000013	3.4472094822805346	65536	225917	-1	0.0
0.44137571524759556	0.001	0.00044137571524759556	1	18000021	3.4472094822805346	65536	225917	-1	0.0
0.44137571524759556	0.001	0.00044137571524759556	2	18000022	3.4472094822805346	65536	225917	-1	0.0
0.44137571524759556	0.001	0.00044137571524759556	3	18000023	3.4472094822805346	65536	225917	-1	0.0
0.44137571524759556	0.005	0.0022068785762379777	1	18000031	3.4472094822805346	16384	56480	-1	0.0
0.44137571524759556	0.005	0.0022068785762379777	2	18000032	3.4472094822805346	16384	56480	-1	0.0
0.44137571524759556	0.005	0.0022068785762379777	3	18000033	3.4472094822805346	16384	56480	-1	0.0
0.44137571524759556	0.01	0.004413757152475955	1	18000041	3.4472094822805346	16384	56480	-1	0.0
0.44137571524759556	0.01	0.004413757152475955	2	18000042	3.4472094822805346	16384	56480	-1	0.0
0.44137571524759556	0.01	0.004413757152475955	3	18000043	3.4472094822805346	16384	56480	-1	0.0
0.44137571524759556	0.05	0.022068785762379778	1	18000051	3.4472094822805346	16384	2760	644	42.5
0.44137571524759556	0.05	0.022068785762379778	2	18000052	3.4472094822805346	16384	2415	575	14.0
0.44137571524759556	0.05	0.022068785762379778	3	18000053	3.4472094822805346	16384	2415	593	21.0
0.6241995226052749	0.0001	6.24199522605275e-5	1	18000011	3.4472094822805346	65536	225917	-1	0.0
0.6241995226052749	0.0001	6.24199522605275e-5	2	18000012	3.4472094822805346	65536	225917	-1	0.0
0.6241995226052749	0.0001	6.24199522605275e-5	3	18000013	3.4472094822805346	65536	225917	-1	0.0
0.6241995226052749	0.001	0.0006241995226052749	1	18000021	3.4472094822805346	65536	225917	-1	0.0
0.6241995226052749	0.001	0.0006241995226052749	2	18000022	3.4472094822805346	65536	225917	-1	0.0
0.6241995226052749	0.001	0.0006241995226052749	3	18000023	3.4472094822805346	65536	225917	-1	0.0
0.6241995226052749	0.005	0.0031209976130263744	1	18000031	3.4472094822805346	16384	56480	-1	0.0
0.6241995226052749	0.005	0.0031209976130263744	2	18000032	3.4472094822805346	16384	56480	-1	0.0
0.6241995226052749	0.005	0.0031209976130263744	3	18000033	3.4472094822805346	16384	56480	-1	0.0
0.6241995226052749	0.01	0.006241995226052749	1	18000041	3.4472094822805346	16384	56480	-1	0.0
0.6241995226052749	0.01	0.006241995226052749	2	18000042	3.4472094822805346	16384	56480	-1	0.0
0.6241995226052749	0.01	0.006241995226052749	3	18000043	3.4472094822805346	16384	56480	-1	0.0
0.6241995226052749	0.05	0.031209976130263745	1	18000051	3.4472094822805346	16384	1380	229	43.0
0.6241995226052749	0.05	0.031209976130263745	2	18000052	3.4472094822805346	16384	1380	253	47.5
0.6241995226052749	0.05	0.031209976130263745	3	18000053	3.4472094822805346	16384	1380	238	65.0
0.8827514304951911	0.0001	8.827514304951912e-5	1	18000011	3.4472094822805346	65536	225917	-1	0.0
0.8827514304951911	0.0001	8.827514304951912e-5	2	18000012	3.4472094822805346	65536	225917	-1	0.0
0.8827514304951911	0.0001	8.827514304951912e-5	3	18000013	3.4472094822805346	65536	225917	-1	0.0
0.8827514304951911	0.001	0.0008827514304951911	1	18000021	3.4472094822805346	65536	225917	-1	0.0
0.8827514304951911	0.001	0.0008827514304951911	2	18000022	3.4472094822805346	65536	225917	-1	0.0
0.8827514304951911	0.001	0.0008827514304951911	3	18000023	3.4472094822805346	65536	225917	-1	0.0
0.8827514304951911	0.005	0.004413757152475955	1	18000031	3.4472094822805346	16384	56480	-1	0.0
0.8827514304951911	0.005	0.004413757152475955	2	18000032	3.4472094822805346	16384	56480	-1	0.0
0.8827514304951911	0.005	0.004413757152475955	3	18000033	3.4472094822805346	16384	56480	-1	0.0
0.8827514304951911	0.01	0.00882751430495191	1	18000041	3.4472094822805346	16384	56480	-1	0.0
0.8827514304951911	0.01	0.00882751430495191	2	18000042	3.4472094822805346	16384	56480	-1	0.0
0.8827514304951911	0.01	0.00882751430495191	3	18000043	3.4472094822805346	16384	56480	-1	0.0
0.8827514304951911	0.05	0.044137571524759556	1	18000051	3.4472094822805346	16384	1035	161	249.5
0.8827514304951911	0.05	0.044137571524759556	2	18000052	3.4472094822805346	16384	1035	154	206.5
0.8827514304951911	0.05	0.044137571524759556	3	18000053	3.4472094822805346	16384	1035	172	220.0
1.2483990452105498	0.0001	0.000124839904521055	1	18000011	3.4472094822805346	65536	225917	-1	0.0
1.2483990452105498	0.0001	0.000124839904521055	2	18000012	3.4472094822805346	65536	225917	-1	0.0
1.2483990452105498	0.0001	0.000124839904521055	3	18000013	3.4472094822805346	65536	225917	-1	0.0
1.2483990452105498	0.001	0.0012483990452105498	1	18000021	3.4472094822805346	65536	225917	-1	0.0
1.2483990452105498	0.001	0.0012483990452105498	2	18000022	3.4472094822805346	65536	225917	-1	0.0
1.2483990452105498	0.001	0.0012483990452105498	3	18000023	3.4472094822805346	65536	225917	-1	0.0
1.2483990452105498	0.005	0.006241995226052749	1	18000031	3.4472094822805346	16384	56480	-1	0.0
1.2483990452105498	0.005	0.006241995226052749	2	18000032	3.4472094822805346	16384	56480	-1	0.0
1.2483990452105498	0.005	0.006241995226052749	3	18000033	3.4472094822805346	16384	56480	-1	0.0
1.2483990452105498	0.01	0.012483990452105498	1	18000041	3.4472094822805346	16384	56480	-1	0.0
1.2483990452105498	0.01	0.012483990452105498	2	18000042	3.4472094822805346	16384	56480	-1	0.0
1.2483990452105498	0.01	0.012483990452105498	3	18000043	3.4472094822805346	16384	56480	-1	0.0
1.2483990452105498	0.05	0.06241995226052749	1	18000051	3.4472094822805346	16384	1035	101	431.0
1.2483990452105498	0.05	0.06241995226052749	2	18000052	3.4472094822805346	16384	1035	111	415.0
1.2483990452105498	0.05	0.06241995226052749	3	18000053	3.4472094822805346	16384	690	84	226.0
1.7655028609903822	0.0001	0.00017655028609903824	1	18000011	3.4472094822805346	65536	225917	-1	0.0
1.7655028609903822	0.0001	0.00017655028609903824	2	18000012	3.4472094822805346	65536	225917	-1	0.0
1.7655028609903822	0.0001	0.00017655028609903824	3	18000013	3.4472094822805346	65536	225917	-1	0.0
1.7655028609903822	0.001	0.0017655028609903822	1	18000021	3.4472094822805346	65536	225917	-1	0.0
1.7655028609903822	0.001	0.0017655028609903822	2	18000022	3.4472094822805346	65536	225917	-1	0.0
1.7655028609903822	0.001	0.0017655028609903822	3	18000023	3.4472094822805346	65536	225917	-1	0.0
1.7655028609903822	0.005	0.00882751430495191	1	18000031	3.4472094822805346	16384	56480	-1	0.0
1.7655028609903822	0.005	0.00882751430495191	2	18000032	3.4472094822805346	16384	56480	-1	0.0
1.7655028609903822	0.005	0.00882751430495191	3	18000033	3.4472094822805346	16384	56480	-1	0.0
1.7655028609903822	0.01	0.01765502860990382	1	18000041	3.4472094822805346	16384	5520	1404	3.0
1.7655028609903822	0.01	0.01765502860990382	2	18000042	3.4472094822805346	16384	6210	1691	2.0
1.7655028609903822	0.01	0.01765502860990382	3	18000043	3.4472094822805346	16384	6900	1880	3.0
1.7655028609903822	0.05	0.08827514304951911	1	18000051	3.4472094822805346	16384	690	89	567.5
1.7655028609903822	0.05	0.08827514304951911	2	18000052	3.4472094822805346	16384	690	80	568.5
1.7655028609903822	0.05	0.08827514304951911	3	18000053	3.4472094822805346	16384	690	86	649.0
2.4967980904210996	0.0001	0.00024967980904211	1	18000011	3.4472094822805346	65536	225917	-1	0.0
2.4967980904210996	0.0001	0.00024967980904211	2	18000012	3.4472094822805346	65536	225917	-1	0.0
2.4967980904210996	0.0001	0.00024967980904211	3	18000013	3.4472094822805346	65536	225917	-1	0.0
2.4967980904210996	0.001	0.0024967980904210996	1	18000021	3.4472094822805346	65536	225917	-1	0.0
2.4967980904210996	0.001	0.0024967980904210996	2	18000022	3.4472094822805346	65536	225917	-1	0.0
2.4967980904210996	0.001	0.0024967980904210996	3	18000023	3.4472094822805346	65536	225917	-1	0.0
2.4967980904210996	0.005	0.012483990452105498	1	18000031	3.4472094822805346	16384	56480	-1	0.0
2.4967980904210996	0.005	0.012483990452105498	2	18000032	3.4472094822805346	16384	56480	-1	0.0
2.4967980904210996	0.005	0.012483990452105498	3	18000033	3.4472094822805346	16384	56480	-1	0.0
2.4967980904210996	0.01	0.024967980904210995	1	18000041	3.4472094822805346	16384	2070	451	38.5
2.4967980904210996	0.01	0.024967980904210995	2	18000042	3.4472094822805346	16384	2070	420	43.5
2.4967980904210996	0.01	0.024967980904210995	3	18000043	3.4472094822805346	16384	2070	468	37.5
2.4967980904210996	0.05	0.12483990452105498	1	18000051	3.4472094822805346	16384	690	50	922.0
2.4967980904210996	0.05	0.12483990452105498	2	18000052	3.4472094822805346	16384	690	27	892.5
2.4967980904210996	0.05	0.12483990452105498	3	18000053	3.4472094822805346	16384	690	39	929.0
3.5310057219807645	0.0001	0.0003531005721980765	1	18000011	3.4472094822805346	65536	225917	-1	0.0
3.5310057219807645	0.0001	0.0003531005721980765	2	18000012	3.4472094822805346	65536	225917	-1	0.0
3.5310057219807645	0.0001	0.0003531005721980765	3	18000013	3.4472094822805346	65536	225917	-1	0.0
3.5310057219807645	0.001	0.0035310057219807645	1	18000021	3.4472094822805346	65536	225917	-1	0.0
3.5310057219807645	0.001	0.0035310057219807645	2	18000022	3.4472094822805346	65536	225917	-1	0.0
3.5310057219807645	0.001	0.0035310057219807645	3	18000023	3.4472094822805346	65536	225917	-1	0.0
3.5310057219807645	0.005	0.01765502860990382	1	18000031	3.4472094822805346	16384	7245	2000	3.5
3.5310057219807645	0.005	0.01765502860990382	2	18000032	3.4472094822805346	16384	6210	1682	1.5
3.5310057219807645	0.005	0.01765502860990382	3	18000033	3.4472094822805346	16384	5865	1555	1.5
3.5310057219807645	0.01	0.03531005721980764	1	18000041	3.4472094822805346	16384	1380	229	128.0
3.5310057219807645	0.01	0.03531005721980764	2	18000042	3.4472094822805346	16384	1380	227	130.5
3.5310057219807645	0.01	0.03531005721980764	3	18000043	3.4472094822805346	16384	1380	239	149.5
3.5310057219807645	0.05	0.17655028609903822	1	18000051	3.4472094822805346	16384	690	13	1619.0
3.5310057219807645	0.05	0.17655028609903822	2	18000052	3.4472094822805346	16384	690	25	1694.5
3.5310057219807645	0.05	0.17655028609903822	3	18000053	3.4472094822805346	16384	690	10	1823.0
4.993596180842199	0.0001	0.00049935961808422	1	18000011	3.4472094822805346	65536	225917	-1	0.0
4.993596180842199	0.0001	0.00049935961808422	2	18000012	3.4472094822805346	65536	225917	-1	0.0
4.993596180842199	0.0001	0.00049935961808422	3	18000013	3.4472094822805346	65536	225917	-1	0.0
4.993596180842199	0.001	0.004993596180842199	1	18000021	3.4472094822805346	65536	225917	-1	0.0
4.993596180842199	0.001	0.004993596180842199	2	18000022	3.4472094822805346	65536	225917	-1	0.0
4.993596180842199	0.001	0.004993596180842199	3	18000023	3.4472094822805346	65536	225917	-1	0.0
4.993596180842199	0.005	0.024967980904210995	1	18000031	3.4472094822805346	16384	2070	480	50.0
4.993596180842199	0.005	0.024967980904210995	2	18000032	3.4472094822805346	16384	2070	484	40.5
4.993596180842199	0.005	0.024967980904210995	3	18000033	3.4472094822805346	16384	2070	462	41.5
4.993596180842199	0.01	0.04993596180842199	1	18000041	3.4472094822805346	16384	1035	112	283.0
4.993596180842199	0.01	0.04993596180842199	2	18000042	3.4472094822805346	16384	1035	114	228.0
4.993596180842199	0.01	0.04993596180842199	3	18000043	3.4472094822805346	16384	1035	139	317.5
4.993596180842199	0.05	0.24967980904210996	1	18000051	3.4472094822805346	16384	690	3	2602.5
4.993596180842199	0.05	0.24967980904210996	2	18000052	3.4472094822805346	16384	690	1	2598.0
4.993596180842199	0.05	0.24967980904210996	3	18000053	3.4472094822805346	16384	690	10	2382.5
7.062011443961529	0.0001	0.000706201144396153	1	18000011	3.4472094822805346	65536	225917	-1	0.0
7.062011443961529	0.0001	0.000706201144396153	2	18000012	3.4472094822805346	65536	225917	-1	0.0
7.062011443961529	0.0001	0.000706201144396153	3	18000013	3.4472094822805346	65536	225917	-1	0.0
7.062011443961529	0.001	0.007062011443961529	1	18000021	3.4472094822805346	65536	225917	-1	0.0
7.062011443961529	0.001	0.007062011443961529	2	18000022	3.4472094822805346	65536	225917	-1	0.0
7.062011443961529	0.001	0.007062011443961529	3	18000023	3.4472094822805346	65536	225917	-1	0.0
7.062011443961529	0.005	0.03531005721980764	1	18000031	3.4472094822805346	16384	1380	234	121.0
7.062011443961529	0.005	0.03531005721980764	2	18000032	3.4472094822805346	16384	1380	212	87.5
7.062011443961529	0.005	0.03531005721980764	3	18000033	3.4472094822805346	16384	1380	229	153.5
7.062011443961529	0.01	0.07062011443961529	1	18000041	3.4472094822805346	16384	690	67	430.0
7.062011443961529	0.01	0.07062011443961529	2	18000042	3.4472094822805346	16384	1035	106	552.0
7.062011443961529	0.01	0.07062011443961529	3	18000043	3.4472094822805346	16384	1035	114	561.0
7.062011443961529	0.05	0.35310057219807645	1	18000051	3.4472094822805346	16384	690	2	3685.5
7.062011443961529	0.05	0.35310057219807645	2	18000052	3.4472094822805346	16384	690	3	3734.5
7.062011443961529	0.05	0.35310057219807645	3	18000053	3.4472094822805346	16384	690	2	3512.0
9.987192361684398	0.0001	0.00099871923616844	1	18000011	3.4472094822805346	65536	225917	-1	0.0
9.987192361684398	0.0001	0.00099871923616844	2	18000012	3.4472094822805346	65536	225917	-1	0.0
9.987192361684398	0.0001	0.00099871923616844	3	18000013	3.4472094822805346	65536	225917	-1	0.0
9.987192361684398	0.001	0.009987192361684398	1	18000021	3.4472094822805346	65536	225917	-1	0.0
9.987192361684398	0.001	0.009987192361684398	2	18000022	3.4472094822805346	65536	225917	-1	0.0
9.987192361684398	0.001	0.009987192361684398	3	18000023	3.4472094822805346	65536	225917	-1	0.0
9.987192361684398	0.005	0.04993596180842199	1	18000031	3.4472094822805346	16384	1035	125	254.0
9.987192361684398	0.005	0.04993596180842199	2	18000032	3.4472094822805346	16384	1035	123	256.5
9.987192361684398	0.005	0.04993596180842199	3	18000033	3.4472094822805346	16384	1035	123	285.0
9.987192361684398	0.01	0.09987192361684398	1	18000041	3.4472094822805346	16384	690	70	735.5
9.987192361684398	0.01	0.09987192361684398	2	18000042	3.4472094822805346	16384	690	53	678.0
9.987192361684398	0.01	0.09987192361684398	3	18000043	3.4472094822805346	16384	690	59	659.5
9.987192361684398	0.05	0.4993596180842199	1	18000051	3.4472094822805346	16384	690	2	5329.5
9.987192361684398	0.05	0.4993596180842199	2	18000052	3.4472094822805346	16384	690	3	5264.0
9.987192361684398	0.05	0.4993596180842199	3	18000053	3.4472094822805346	16384	690	3	5238.0
14.124022887923058	0.0001	0.001412402288792306	1	18000011	3.4472094822805346	65536	225917	-1	0.0
14.124022887923058	0.0001	0.001412402288792306	2	18000012	3.4472094822805346	65536	225917	-1	0.0
14.124022887923058	0.0001	0.001412402288792306	3	18000013	3.4472094822805346	65536	225917	-1	0.0
14.124022887923058	0.001	0.014124022887923058	1	18000021	3.4472094822805346	65536	99705	28742	1.5
14.124022887923058	0.001	0.014124022887923058	2	18000022	3.4472094822805346	65536	70380	20222	1.5
14.124022887923058	0.001	0.014124022887923058	3	18000023	3.4472094822805346	65536	82800	23892	1.5
14.124022887923058	0.005	0.07062011443961529	1	18000031	3.4472094822805346	16384	690	75	410.5
14.124022887923058	0.005	0.07062011443961529	2	18000032	3.4472094822805346	16384	1035	102	595.5
14.124022887923058	0.005	0.07062011443961529	3	18000033	3.4472094822805346	16384	1035	114	530.5
14.124022887923058	0.01	0.14124022887923057	1	18000041	3.4472094822805346	16384	690	27	1198.5
14.124022887923058	0.01	0.14124022887923057	2	18000042	3.4472094822805346	16384	690	21	1180.5
14.124022887923058	0.01	0.14124022887923057	3	18000043	3.4472094822805346	16384	690	32	1168.0
14.124022887923058	0.05	0.7062011443961529	1	18000051	3.4472094822805346	16384	690	3	7925.5
14.124022887923058	0.05	0.7062011443961529	2	18000052	3.4472094822805346	16384	690	3	8035.0
14.124022887923058	0.05	0.7062011443961529	3	18000053	3.4472094822805346	16384	690	2	7828.5
19.974384723368797	0.0001	0.00199743847233688	1	18000011	3.4472094822805346	65536	225917	-1	0.0
19.974384723368797	0.0001	0.00199743847233688	2	18000012	3.4472094822805346	65536	225917	-1	0.0
19.974384723368797	0.0001	0.00199743847233688	3	18000013	3.4472094822805346	65536	225917	-1	0.0
19.974384723368797	0.001	0.019974384723368797	1	18000021	3.4472094822805346	65536	2760	661	15.0
19.974384723368797	0.001	0.019974384723368797	2	18000022	3.4472094822805346	65536	2415	587	8.5
19.974384723368797	0.001	0.019974384723368797	3	18000023	3.4472094822805346	65536	2760	616	14.0
19.974384723368797	0.005	0.09987192361684398	1	18000031	3.4472094822805346	16384	690	58	769.0
19.974384723368797	0.005	0.09987192361684398	2	18000032	3.4472094822805346	16384	690	61	760.0
19.974384723368797	0.005	0.09987192361684398	3	18000033	3.4472094822805346	16384	690	59	670.0
19.974384723368797	0.01	0.19974384723368796	1	18000041	3.4472094822805346	16384	690	3	2081.5
19.974384723368797	0.01	0.19974384723368796	2	18000042	3.4472094822805346	16384	690	17	2029.5
19.974384723368797	0.01	0.19974384723368796	3	18000043	3.4472094822805346	16384	690	12	1966.5
19.974384723368797	0.05	0.9987192361684398	1	18000051	3.4472094822805346	16384	690	2	10411.5
19.974384723368797	0.05	0.9987192361684398	2	18000052	3.4472094822805346	16384	690	1	10690.0
19.974384723368797	0.05	0.9987192361684398	3	18000053	3.4472094822805346	16384	690	2	10814.5
28.248045775846116	0.0001	0.002824804577584612	1	18000011	3.4472094822805346	65536	225917	-1	0.0
28.248045775846116	0.0001	0.002824804577584612	2	18000012	3.4472094822805346	65536	225917	-1	0.0
28.248045775846116	0.0001	0.002824804577584612	3	18000013	3.4472094822805346	65536	225917	-1	0.0
28.248045775846116	0.001	0.028248045775846116	1	18000021	3.4472094822805346	65536	1725	306	75.5
28.248045775846116	0.001	0.028248045775846116	2	18000022	3.4472094822805346	65536	1380	270	39.5
28.248045775846116	0.001	0.028248045775846116	3	18000023	3.4472094822805346	65536	1380	292	45.5
28.248045775846116	0.005	0.14124022887923057	1	18000031	3.4472094822805346	16384	690	19	1305.0
28.248045775846116	0.005	0.14124022887923057	2	18000032	3.4472094822805346	16384	690	48	1102.5
28.248045775846116	0.005	0.14124022887923057	3	18000033	3.4472094822805346	16384	690	59	1268.5
28.248045775846116	0.01	0.28248045775846115	1	18000041	3.4472094822805346	16384	690	6	2854.0
28.248045775846116	0.01	0.28248045775846115	2	18000042	3.4472094822805346	16384	690	3	2944.0
28.248045775846116	0.01	0.28248045775846115	3	18000043	3.4472094822805346	16384	690	6	3041.0
28.248045775846116	0.05	1.4124022887923058	1	18000051	3.4472094822805346	16384	690	1	12550.0
28.248045775846116	0.05	1.4124022887923058	2	18000052	3.4472094822805346	16384	690	1	12850.5
28.248045775846116	0.05	1.4124022887923058	3	18000053	3.4472094822805346	16384	690	2	12826.5
39.94876944673759	0.0001	0.00399487694467376	1	18000011	3.4472094822805346	65536	225917	-1	0.0
39.94876944673759	0.0001	0.00399487694467376	2	18000012	3.4472094822805346	65536	225917	-1	0.0
39.94876944673759	0.0001	0.00399487694467376	3	18000013	3.4472094822805346	65536	225917	-1	0.0
39.94876944673759	0.001	0.03994876944673759	1	18000021	3.4472094822805346	65536	1035	177	169.0
39.94876944673759	0.001	0.03994876944673759	2	18000022	3.4472094822805346	65536	1035	138	176.5
39.94876944673759	0.001	0.03994876944673759	3	18000023	3.4472094822805346	65536	1035	181	135.5
39.94876944673759	0.005	0.19974384723368796	1	18000031	3.4472094822805346	16384	690	3	1989.5
39.94876944673759	0.005	0.19974384723368796	2	18000032	3.4472094822805346	16384	690	14	1949.5
39.94876944673759	0.005	0.19974384723368796	3	18000033	3.4472094822805346	16384	690	8	2003.5
39.94876944673759	0.01	0.3994876944673759	1	18000041	3.4472094822805346	16384	690	3	4165.0
39.94876944673759	0.01	0.3994876944673759	2	18000042	3.4472094822805346	16384	690	4	4151.0
39.94876944673759	0.01	0.3994876944673759	3	18000043	3.4472094822805346	16384	690	2	4099.5
39.94876944673759	0.05	1.9974384723368797	1	18000051	3.4472094822805346	16384	690	2	14185.0
39.94876944673759	0.05	1.9974384723368797	2	18000052	3.4472094822805346	16384	690	2	13989.5
39.94876944673759	0.05	1.9974384723368797	3	18000053	3.4472094822805346	16384	690	1	14399.5
56.49609155169223	0.0001	0.005649609155169224	1	18000011	3.4472094822805346	65536	225917	-1	0.0
56.49609155169223	0.0001	0.005649609155169224	2	18000012	3.4472094822805346	65536	225917	-1	0.0
56.49609155169223	0.0001	0.005649609155169224	3	18000013	3.4472094822805346	65536	225917	-1	0.0
56.49609155169223	0.001	0.05649609155169223	1	18000021	3.4472094822805346	65536	1035	141	413.0
56.49609155169223	0.001	0.05649609155169223	2	18000022	3.4472094822805346	65536	1035	144	452.0
56.49609155169223	0.001	0.05649609155169223	3	18000023	3.4472094822805346	65536	1035	149	302.5
56.49609155169223	0.005	0.28248045775846115	1	18000031	3.4472094822805346	16384	690	5	2845.5
56.49609155169223	0.005	0.28248045775846115	2	18000032	3.4472094822805346	16384	690	5	3018.0
56.49609155169223	0.005	0.28248045775846115	3	18000033	3.4472094822805346	16384	690	3	2887.5
56.49609155169223	0.01	0.5649609155169223	1	18000041	3.4472094822805346	16384	690	2	6004.5
56.49609155169223	0.01	0.5649609155169223	2	18000042	3.4472094822805346	16384	690	3	6067.5
56.49609155169223	0.01	0.5649609155169223	3	18000043	3.4472094822805346	16384	690	3	6011.0
56.49609155169223	0.05	2.8248045775846116	1	18000051	3.4472094822805346	16384	690	1	15168.0
56.49609155169223	0.05	2.8248045775846116	2	18000052	3.4472094822805346	16384	690	2	15068.5
56.49609155169223	0.05	2.8248045775846116	3	18000053	3.4472094822805346	16384	690	1	15304.5
79.89753889347519	0.0001	0.00798975388934752	1	18000011	3.4472094822805346	65536	225917	-1	0.0
79.89753889347519	0.0001	0.00798975388934752	2	18000012	3.4472094822805346	65536	225917	-1	0.0
79.89753889347519	0.0001	0.00798975388934752	3	18000013	3.4472094822805346	65536	225917	-1	0.0
79.89753889347519	0.001	0.07989753889347519	1	18000021	3.4472094822805346	65536	690	97	420.0
79.89753889347519	0.001	0.07989753889347519	2	18000022	3.4472094822805346	65536	690	97	402.5
79.89753889347519	0.001	0.07989753889347519	3	18000023	3.4472094822805346	65536	690	64	404.5
79.89753889347519	0.005	0.3994876944673759	1	18000031	3.4472094822805346	16384	690	4	4152.5
79.89753889347519	0.005	0.3994876944673759	2	18000032	3.4472094822805346	16384	690	3	3997.0
79.89753889347519	0.005	0.3994876944673759	3	18000033	3.4472094822805346	16384	690	4	4095.5
79.89753889347519	0.01	0.7989753889347518	1	18000041	3.4472094822805346	16384	690	2	9059.0
79.89753889347519	0.01	0.7989753889347518	2	18000042	3.4472094822805346	16384	690	2	9487.5
79.89753889347519	0.01	0.7989753889347518	3	18000043	3.4472094822805346	16384	690	2	8886.5
79.89753889347519	0.05	3.9948769446737593	1	18000051	3.4472094822805346	16384	690	2	16100.5
79.89753889347519	0.05	3.9948769446737593	2	18000052	3.4472094822805346	16384	690	2	16029.5
79.89753889347519	0.05	3.9948769446737593	3	18000053	3.4472094822805346	16384	690	2	15917.5
112.99218310338446	0.0001	0.011299218310338447	1	18000011	3.4472094822805346	65536	225917	-1	0.0
112.99218310338446	0.0001	0.011299218310338447	2	18000012	3.4472094822805346	65536	225917	-1	0.0
112.99218310338446	0.0001	0.011299218310338447	3	18000013	3.4472094822805346	65536	225917	-1	0.0
112.99218310338446	0.001	0.11299218310338446	1	18000021	3.4472094822805346	65536	690	36	795.5
112.99218310338446	0.001	0.11299218310338446	2	18000022	3.4472094822805346	65536	690	54	780.0
112.99218310338446	0.001	0.11299218310338446	3	18000023	3.4472094822805346	65536	690	72	822.0
112.99218310338446	0.005	0.5649609155169223	1	18000031	3.4472094822805346	16384	690	2	6239.0
112.99218310338446	0.005	0.5649609155169223	2	18000032	3.4472094822805346	16384	690	3	6110.5
112.99218310338446	0.005	0.5649609155169223	3	18000033	3.4472094822805346	16384	690	2	6252.0
112.99218310338446	0.01	1.1299218310338446	1	18000041	3.4472094822805346	16384	690	2	11443.5
112.99218310338446	0.01	1.1299218310338446	2	18000042	3.4472094822805346	16384	690	1	11368.5
112.99218310338446	0.01	1.1299218310338446	3	18000043	3.4472094822805346	16384	690	1	12045.0
112.99218310338446	0.05	5.649609155169223	1	18000051	3.4472094822805346	16384	690	2	16869.0
112.99218310338446	0.05	5.649609155169223	2	18000052	3.4472094822805346	16384	690	2	16714.0
112.99218310338446	0.05	5.649609155169223	3	18000053	3.4472094822805346	16384	690	1	16934.5
159.79507778695037	0.0001	0.01597950777869504	1	18000011	3.4472094822805346	65536	20010	5632	1.5
159.79507778695037	0.0001	0.01597950777869504	2	18000012	3.4472094822805346	65536	13110	3621	1.5
159.79507778695037	0.0001	0.01597950777869504	3	18000013	3.4472094822805346	65536	14835	4159	1.0
159.79507778695037	0.001	0.15979507778695037	1	18000021	3.4472094822805346	65536	690	26	1343.0
159.79507778695037	0.001	0.15979507778695037	2	18000022	3.4472094822805346	65536	690	9	1588.0
159.79507778695037	0.001	0.15979507778695037	3	18000023	3.4472094822805346	65536	690	8	1553.0
159.79507778695037	0.005	0.7989753889347518	1	18000031	3.4472094822805346	16384	690	3	8914.5
159.79507778695037	0.005	0.7989753889347518	2	18000032	3.4472094822805346	16384	690	2	8757.5
159.79507778695037	0.005	0.7989753889347518	3	18000033	3.4472094822805346	16384	690	3	8891.0
159.79507778695037	0.01	1.5979507778695037	1	18000041	3.4472094822805346	16384	690	1	12901.5
159.79507778695037	0.01	1.5979507778695037	2	18000042	3.4472094822805346	16384	690	1	13626.5
159.79507778695037	0.01	1.5979507778695037	3	18000043	3.4472094822805346	16384	690	2	13320.0
159.79507778695037	0.05	7.989753889347519	1	18000051	3.4472094822805346	16384	690	2	17479.0
159.79507778695037	0.05	7.989753889347519	2	18000052	3.4472094822805346	16384	690	1	17276.5
159.79507778695037	0.05	7.989753889347519	3	18000053	3.4472094822805346	16384	690	1	17403.0
225.98436620676893	0.0001	0.022598436620676895	1	18000011	3.4472094822805346	65536	2415	565	20.0
225.98436620676893	0.0001	0.022598436620676895	2	18000012	3.4472094822805346	65536	2415	581	25.0
225.98436620676893	0.0001	0.022598436620676895	3	18000013	3.4472094822805346	65536	2415	544	27.0
225.98436620676893	0.001	0.22598436620676893	1	18000021	3.4472094822805346	65536	690	13	2323.0
225.98436620676893	0.001	0.22598436620676893	2	18000022	3.4472094822805346	65536	690	14	2284.5
225.98436620676893	0.001	0.22598436620676893	3	18000023	3.4472094822805346	65536	690	6	2092.0
225.98436620676893	0.005	1.1299218310338446	1	18000031	3.4472094822805346	16384	690	1	11832.0
225.98436620676893	0.005	1.1299218310338446	2	18000032	3.4472094822805346	16384	690	1	11324.5
225.98436620676893	0.005	1.1299218310338446	3	18000033	3.4472094822805346	16384	690	2	11549.0
225.98436620676893	0.01	2.259843662067689	1	18000041	3.4472094822805346	16384	690	1	14896.5
225.98436620676893	0.01	2.259843662067689	2	18000042	3.4472094822805346	16384	690	1	15228.5
225.98436620676893	0.01	2.259843662067689	3	18000043	3.4472094822805346	16384	690	1	14881.0
225.98436620676893	0.05	11.299218310338446	1	18000051	3.4472094822805346	16384	690	1	17216.5
225.98436620676893	0.05	11.299218310338446	2	18000052	3.4472094822805346	16384	690	1	17716.0
225.98436620676893	0.05	11.299218310338446	3	18000053	3.4472094822805346	16384	690	2	17831.5
319.59015557390074	0.0001	0.03195901555739008	1	18000011	3.4472094822805346	65536	1380	207	56.0
319.59015557390074	0.0001	0.03195901555739008	2	18000012	3.4472094822805346	65536	1380	223	54.5
319.59015557390074	0.0001	0.03195901555739008	3	18000013	3.4472094822805346	65536	1035	183	57.5
319.59015557390074	0.001	0.31959015557390075	1	18000021	3.4472094822805346	65536	690	5	3282.5
319.59015557390074	0.001	0.31959015557390075	2	18000022	3.4472094822805346	65536	690	4	3181.0
319.59015557390074	0.001	0.31959015557390075	3	18000023	3.4472094822805346	65536	690	4	3389.0
319.59015557390074	0.005	1.5979507778695037	1	18000031	3.4472094822805346	16384	690	2	13528.0
319.59015557390074	0.005	1.5979507778695037	2	18000032	3.4472094822805346	16384	690	2	13562.0
319.59015557390074	0.005	1.5979507778695037	3	18000033	3.4472094822805346	16384	690	1	13460.5
319.59015557390074	0.01	3.1959015557390074	1	18000041	3.4472094822805346	16384	690	1	15571.5
319.59015557390074	0.01	3.1959015557390074	2	18000042	3.4472094822805346	16384	690	2	15441.0
319.59015557390074	0.01	3.1959015557390074	3	18000043	3.4472094822805346	16384	690	1	15525.0
319.59015557390074	0.05	15.979507778695037	1	18000051	3.4472094822805346	16384	690	2	17694.0
319.59015557390074	0.05	15.979507778695037	2	18000052	3.4472094822805346	16384	690	1	17709.5
319.59015557390074	0.05	15.979507778695037	3	18000053	3.4472094822805346	16384	690	1	17431.5
