group	ncells	start_seed	run_seed	T	V_d	V_l	paper_mcs	F_dl	F_dd	F_ll	F_dM	F_lM	mismatched_bonds	dark_clusters	largest_dark_cluster	isolated	mean_area_dark	mean_area_light	alive_dark	alive_light	wall_s
fresh	1000	5010	15010	10.0	40.0	40.0	10	0.37807	0.31329	0.2489	0.02435	0.03539	36927	23	0.71	true	39.662	36.93	500	500	949.9
fresh	1000	5010	15010	10.0	40.0	40.0	100	0.24124	0.38597	0.31256	0.01084	0.04939	36259	15	0.798	true	38.796	35.846	500	500	949.9
fresh	1000	5010	15010	10.0	40.0	40.0	200	0.21408	0.40025	0.32537	0.00534	0.05495	36122	11	0.808	true	38.772	35.958	500	500	949.9
fresh	1000	5010	15010	10.0	40.0	40.0	500	0.16823	0.42479	0.34684	0.00042	0.05972	36051	6	0.824	true	38.662	36.068	500	500	949.9
fresh	1000	5010	15010	10.0	40.0	40.0	1000	0.14188	0.43921	0.35819	0.0	0.06072	36101	6	0.824	true	39.068	35.81	500	500	949.9
fresh	1000	5010	15010	10.0	40.0	40.0	1500	0.12637	0.44694	0.36607	0.0	0.06062	36291	5	0.826	true	39.024	36.136	500	500	949.9
fresh	1000	5010	15010	10.0	40.0	40.0	2000	0.11783	0.45221	0.36971	0.0	0.06024	36255	5	0.826	true	38.888	36.024	500	500	949.9
fresh	1000	5010	15010	10.0	40.0	40.0	2500	0.10676	0.45865	0.37468	0.0	0.05991	36287	4	0.828	true	38.922	35.948	500	500	949.9
fresh	1000	5010	15010	10.0	40.0	40.0	3000	0.09492	0.46196	0.38257	0.0	0.06056	36263	3	0.864	true	39.094	36.22	500	500	949.9
fresh	1000	5010	15010	10.0	40.0	40.0	3500	0.08534	0.4692	0.38523	0.0	0.06023	36396	2	0.922	true	38.92	36.28	500	500	949.9
fresh	1000	5010	15010	10.0	40.0	40.0	4000	0.07799	0.47126	0.39103	0.0	0.05972	36235	2	0.922	true	38.956	36.152	500	500	949.9
fresh	1000	5010	15010	10.0	40.0	40.0	4500	0.07525	0.47409	0.39076	0.0	0.0599	36360	2	0.922	true	38.932	36.104	500	500	949.9
fresh	1000	5010	15010	10.0	40.0	40.0	5000	0.07444	0.47159	0.39376	0.0	0.06021	36108	2	0.922	true	38.936	36.08	500	500	949.9
fresh	1000	5010	15010	10.0	40.0	40.0	5500	0.06973	0.47481	0.39533	0.0	0.06012	36225	2	0.922	true	39.024	36.1	500	500	949.9
fresh	1000	5010	15010	10.0	40.0	40.0	6000	0.07022	0.47343	0.39625	0.0	0.0601	36172	2	0.922	true	38.8	36.158	500	500	949.9
fresh	1000	5010	15010	10.0	40.0	40.0	6500	0.06976	0.47458	0.39573	0.0	0.05993	36209	2	0.922	true	39.074	36.18	500	500	949.9
fresh	1000	5010	15010	10.0	40.0	40.0	7000	0.06895	0.4752	0.39592	0.0	0.05993	36111	2	0.922	true	38.9	36.004	500	500	949.9
fresh	1000	5010	15010	10.0	40.0	40.0	7500	0.06872	0.47472	0.39658	0.0	0.05998	36177	2	0.922	true	39.012	36.266	500	500	949.9
fresh	1000	5010	15010	10.0	40.0	40.0	8000	0.06835	0.47614	0.39578	0.0	0.05973	36227	2	0.922	true	39.068	35.994	500	500	949.9
fresh	1000	5010	15010	10.0	40.0	40.0	8500	0.06855	0.476	0.39489	0.0	0.06055	36235	2	0.922	true	39.03	36.016	500	500	949.9
fresh	1000	5010	15010	10.0	40.0	40.0	9000	0.06863	0.47535	0.39584	0.0	0.06018	36224	2	0.922	true	39.062	36.288	500	500	949.9
fresh	1000	5010	15010	10.0	40.0	40.0	9500	0.06866	0.47406	0.39724	0.0	0.06004	36177	2	0.922	true	38.922	36.184	500	500	949.9
fresh	1000	5010	15010	10.0	40.0	40.0	10000	0.0688	0.47568	0.39499	0.0	0.06053	36249	2	0.922	true	38.982	36.13	500	500	949.9
fresh	1000	5010	15010	10.0	40.0	40.0	10500	0.06982	0.4761	0.39401	0.0	0.06007	36324	2	0.922	true	39.202	36.044	500	500	949.9
fresh	1000	5010	15010	10.0	40.0	40.0	11000	0.06772	0.47546	0.39658	0.0	0.06024	36089	2	0.922	true	38.936	36.006	500	500	949.9
fresh	1000	5010	15010	10.0	40.0	40.0	11500	0.06762	0.47786	0.39458	0.0	0.05995	36264	2	0.922	true	38.958	35.982	500	500	949.9
fresh	1000	5010	15010	10.0	40.0	40.0	12000	0.06472	0.47752	0.3978	0.0	0.05996	36124	1	1.0	true	39.1	36.016	500	500	949.9
fresh	1000	5010	15010	10.0	40.0	40.0	12500	0.06198	0.47713	0.40057	0.0	0.06031	36011	1	1.0	true	39.054	36.08	500	500	949.9
fresh	1000	5010	15010	10.0	40.0	40.0	13000	0.06045	0.4804	0.39903	0.0	0.06012	36195	1	1.0	true	39.0	36.026	500	500	949.9
fresh	1000	5010	15010	10.0	40.0	40.0	13500	0.05963	0.47897	0.40133	0.0	0.06007	36155	1	1.0	true	38.936	36.116	500	500	949.9
fresh	1000	5010	15010	10.0	40.0	40.0	14000	0.05749	0.48098	0.40145	0.0	0.06008	36249	1	1.0	true	39.09	36.142	500	500	949.9
fresh	1000	5010	15010	10.0	40.0	40.0	14500	0.05761	0.48142	0.40083	0.0	0.06015	36212	1	1.0	true	38.928	36.148	500	500	949.9
fresh	1000	5010	15010	10.0	40.0	40.0	15000	0.05698	0.4814	0.40116	0.0	0.06046	36188	1	1.0	true	38.998	36.018	500	500	949.9
fresh	1000	5010	15010	10.0	40.0	40.0	15500	0.05744	0.48148	0.40111	0.0	0.05997	36319	1	1.0	true	39.174	36.186	500	500	949.9
fresh	1000	5010	15010	10.0	40.0	40.0	16000	0.05732	0.47927	0.40321	0.0	0.0602	36147	1	1.0	true	39.116	36.212	500	500	949.9
fresh	1000	5010	15010	10.0	40.0	40.0	16500	0.05614	0.48424	0.39994	0.0	0.05967	36300	1	1.0	true	39.074	35.922	500	500	949.9
fresh	1000	5010	15010	10.0	40.0	40.0	17000	0.05659	0.48227	0.40129	0.0	0.05984	36330	1	1.0	true	39.08	36.222	500	500	949.9
fresh	1000	5010	15010	10.0	40.0	40.0	17500	0.05733	0.47961	0.40252	0.0	0.06054	36140	1	1.0	true	39.068	36.242	500	500	949.9
fresh	1000	5010	15010	10.0	40.0	40.0	18000	0.05725	0.48028	0.40229	0.0	0.06019	36054	1	1.0	true	38.962	35.904	500	500	949.9
fresh	1000	5010	15010	10.0	40.0	40.0	18500	0.05609	0.48396	0.4001	0.0	0.05984	36263	1	1.0	true	39.246	35.948	500	500	949.9
fresh	1000	5010	15010	10.0	40.0	40.0	19000	0.05733	0.48246	0.4004	0.0	0.05981	36351	1	1.0	true	38.956	36.224	500	500	949.9
fresh	1000	5010	15010	10.0	40.0	40.0	19500	0.05639	0.48051	0.40301	0.0	0.06009	36245	1	1.0	true	38.986	36.252	500	500	949.9
fresh	1000	5010	15010	10.0	40.0	40.0	20000	0.0564	0.48081	0.40308	0.0	0.05971	36276	1	1.0	true	39.004	36.428	500	500	949.9
