group	ncells	start_seed	run_seed	T	V_d	V_l	paper_mcs	F_dl	F_dd	F_ll	F_dM	F_lM	mismatched_bonds	dark_clusters	largest_dark_cluster	isolated	mean_area_dark	mean_area_light	alive_dark	alive_light	light_inclusions	light_inclusion_cells	wall_s
incl	1000	2012	12012	10.0	40.0	40.0	10	0.38005	0.31497	0.2448	0.01889	0.0413	36953	17	0.78	true	39.968	36.996	500	500	11	22	1321.9
incl	1000	2012	12012	10.0	40.0	40.0	100	0.25231	0.3799	0.30766	0.01078	0.04936	36186	10	0.916	true	38.85	36.002	500	500	5	53	1321.9
incl	1000	2012	12012	10.0	40.0	40.0	200	0.20957	0.40409	0.3261	0.00598	0.05426	36289	7	0.932	true	38.764	36.116	500	500	2	4	1321.9
incl	1000	2012	12012	10.0	40.0	40.0	500	0.15733	0.43233	0.35036	0.00033	0.05965	36280	5	0.94	true	38.828	36.026	500	500	0	0	1321.9
incl	1000	2012	12012	10.0	40.0	40.0	1000	0.12689	0.44712	0.3657	0.0	0.0603	36221	3	0.944	true	38.864	36.206	500	500	0	0	1321.9
incl	1000	2012	12012	10.0	40.0	40.0	1500	0.11248	0.45374	0.37359	0.0	0.06019	36184	3	0.944	true	38.962	36.108	500	500	0	0	1321.9
incl	1000	2012	12012	10.0	40.0	40.0	2000	0.10844	0.45601	0.37548	0.0	0.06007	36223	3	0.944	true	39.04	36.078	500	500	0	0	1321.9
incl	1000	2012	12012	10.0	40.0	40.0	2500	0.10152	0.45831	0.38002	0.0	0.06015	36209	3	0.944	true	39.07	36.024	500	500	0	0	1321.9
incl	1000	2012	12012	10.0	40.0	40.0	3000	0.09593	0.46306	0.38077	0.0	0.06025	36382	3	0.944	true	38.848	36.218	500	500	0	0	1321.9
incl	1000	2012	12012	10.0	40.0	40.0	3500	0.09178	0.46425	0.38345	0.0	0.06052	36151	3	0.944	true	38.708	36.076	500	500	0	0	1321.9
incl	1000	2012	12012	10.0	40.0	40.0	4000	0.08749	0.46513	0.38669	0.0	0.06069	36280	3	0.944	true	38.884	36.35	500	500	0	0	1321.9
incl	1000	2012	12012	10.0	40.0	40.0	4500	0.08213	0.46963	0.38819	0.0	0.06005	36237	3	0.944	true	38.918	36.132	500	500	0	0	1321.9
incl	1000	2012	12012	10.0	40.0	40.0	5000	0.07726	0.47082	0.3914	0.0	0.06052	36188	3	0.944	true	39.12	36.134	500	500	0	0	1321.9
incl	1000	2012	12012	10.0	40.0	40.0	5500	0.07473	0.47308	0.39196	0.0	0.06023	36292	3	0.944	true	38.974	36.19	500	500	0	0	1321.9
incl	1000	2012	12012	10.0	40.0	40.0	6000	0.0699	0.47437	0.39513	0.0	0.06061	36168	3	0.944	true	38.784	36.12	500	500	0	0	1321.9
incl	1000	2012	12012	10.0	40.0	40.0	6500	0.06998	0.4735	0.39567	0.0	0.06086	36182	3	0.944	true	39.008	36.11	500	500	0	0	1321.9
incl	1000	2012	12012	10.0	40.0	40.0	7000	0.0664	0.4758	0.39737	0.0	0.06043	36173	3	0.944	true	38.794	36.06	500	500	0	0	1321.9
incl	1000	2012	12012	10.0	40.0	40.0	7500	0.06634	0.47634	0.39727	0.0	0.06005	36237	3	0.944	true	38.988	36.192	500	500	0	0	1321.9
incl	1000	2012	12012	10.0	40.0	40.0	8000	0.06555	0.47695	0.39748	0.0	0.06002	36155	3	0.944	true	39.178	36.026	500	500	0	0	1321.9
incl	1000	2012	12012	10.0	40.0	40.0	8500	0.06374	0.47827	0.39815	0.0	0.05984	36333	3	0.944	true	38.882	36.24	500	500	0	0	1321.9
incl	1000	2012	12012	10.0	40.0	40.0	9000	0.06219	0.47807	0.39955	0.0	0.06019	36118	2	0.994	true	39.024	35.992	500	500	0	0	1321.9
incl	1000	2012	12012	10.0	40.0	40.0	9500	0.05458	0.48059	0.40444	0.0	0.06039	36166	2	0.994	true	38.93	36.184	500	500	0	0	1321.9
incl	1000	2012	12012	10.0	40.0	40.0	10000	0.05175	0.48433	0.40323	0.0	0.06068	36287	2	0.994	true	38.996	36.206	500	500	0	0	1321.9
incl	1000	2012	12012	10.0	40.0	40.0	10500	0.05169	0.48344	0.40415	0.0	0.06072	36296	2	0.994	true	39.064	36.282	500	500	0	0	1321.9
incl	1000	2012	12012	10.0	40.0	40.0	11000	0.05189	0.48175	0.40542	0.0	0.06095	36195	2	0.994	true	38.982	36.352	500	500	0	0	1321.9
incl	1000	2012	12012	10.0	40.0	40.0	11500	0.05254	0.48203	0.40474	0.0	0.06068	36122	2	0.994	true	38.896	36.23	500	500	0	0	1321.9
incl	1000	2012	12012	10.0	40.0	40.0	12000	0.05089	0.48438	0.40457	0.0	0.06017	36199	2	0.994	true	38.726	36.118	500	500	0	0	1321.9
incl	1000	2012	12012	10.0	40.0	40.0	12500	0.05025	0.48319	0.40629	0.0	0.06027	36139	2	0.994	true	38.98	36.142	500	500	0	0	1321.9
incl	1000	2012	12012	10.0	40.0	40.0	13000	0.05117	0.48378	0.40485	0.0	0.06021	36273	2	0.994	true	38.93	36.238	500	500	0	0	1321.9
incl	1000	2012	12012	10.0	40.0	40.0	13500	0.05118	0.48265	0.40605	0.0	0.06012	36225	2	0.994	true	38.914	36.204	500	500	0	0	1321.9
incl	1000	2012	12012	10.0	40.0	40.0	14000	0.05098	0.48415	0.40478	0.0	0.06008	36249	2	0.994	true	39.036	36.244	500	500	0	0	1321.9
incl	1000	2012	12012	10.0	40.0	40.0	14500	0.05119	0.48586	0.40363	0.0	0.05933	36338	2	0.994	true	39.05	36.224	500	500	0	0	1321.9
incl	1000	2012	12012	10.0	40.0	40.0	15000	0.0527	0.48175	0.40514	0.0	0.06041	36089	2	0.994	true	38.924	36.19	500	500	0	0	1321.9
incl	1000	2012	12012	10.0	40.0	40.0	15500	0.0518	0.48204	0.40572	0.0	0.06044	36099	2	0.994	true	38.872	36.23	500	500	0	0	1321.9
incl	1000	2012	12012	10.0	40.0	40.0	16000	0.05178	0.48379	0.40454	0.0	0.05989	36268	2	0.994	true	39.046	36.234	500	500	0	0	1321.9
incl	1000	2012	12012	10.0	40.0	40.0	16500	0.05258	0.48643	0.4016	0.0	0.05939	36404	2	0.994	true	39.076	36.168	500	500	0	0	1321.9
incl	1000	2012	12012	10.0	40.0	40.0	17000	0.05125	0.48395	0.40525	0.0	0.05955	36173	2	0.994	true	39.04	35.992	500	500	0	0	1321.9
incl	1000	2012	12012	10.0	40.0	40.0	17500	0.05275	0.48348	0.40389	0.0	0.05988	36208	2	0.994	true	38.99	36.22	500	500	0	0	1321.9
incl	1000	2012	12012	10.0	40.0	40.0	18000	0.05087	0.48316	0.40547	0.0	0.0605	36133	2	0.994	true	38.982	36.096	500	500	0	0	1321.9
incl	1000	2012	12012	10.0	40.0	40.0	18500	0.04984	0.48435	0.40569	0.0	0.06013	36156	2	0.994	true	38.95	36.124	500	500	0	0	1321.9
incl	1000	2012	12012	10.0	40.0	40.0	19000	0.052	0.48299	0.40493	0.0	0.06008	36117	2	0.994	true	38.886	36.082	500	500	0	0	1321.9
incl	1000	2012	12012	10.0	40.0	40.0	19500	0.05136	0.48391	0.40435	0.0	0.06038	36137	2	0.994	true	38.982	35.98	500	500	0	0	1321.9
incl	1000	2012	12012	10.0	40.0	40.0	20000	0.05091	0.48416	0.40521	0.0	0.05972	36302	2	0.994	true	39.056	36.11	500	500	0	0	1321.9
