start_seed	same_as_dist	t_no_light_inclusion	inclusions@1e3	inclusions@1e4	inclusion_cells@1e4	inclusions@2e4	largest@1e4	F_dl@1e4	largest@2e4	F_dl@2e4
2001	True	1000	0	0	0	0	0.86	0.08445	0.86	0.06317
2002	True	17500	2	1	8	0	0.86	0.0786	0.86	0.07021
2003	True	5500	1	0	0	0	0.432	0.08453	0.83	0.06477
2004	True	>20000	1	1	112	1	1.0	0.07342	1.0	0.07324
2005	True	2000	1	0	0	0	1.0	0.06498	1.0	0.04996
2006	True	12000	2	1	34	0	0.91	0.07469	1.0	0.04952
2007	True	10500	1	1	19	0	0.784	0.07866	0.784	0.06534
2008	True	14000	3	1	23	0	0.82	0.07937	1.0	0.0499
2009	True	2000	1	0	0	0	0.576	0.08079	0.576	0.08082
2010	True	3500	1	0	0	0	0.512	0.08102	0.914	0.06108
2011	True	>20000	1	1	183	1	1.0	0.08377	1.0	0.08088
2012	True	500	0	0	0	0	0.994	0.05175	0.994	0.05091
2013	True	3000	1	0	0	0	1.0	0.05358	1.0	0.04695
2014	True	1000	0	0	0	0	0.504	0.06958	1.0	0.0679
2015	True	4000	1	0	0	0	0.776	0.06926	1.0	0.05685
2016	True	3000	1	0	0	0	0.884	0.06635	1.0	0.04758
2017	True	1000	0	0	0	0	0.996	0.06088	1.0	0.04906
2018	True	2000	1	0	0	0	1.0	0.05216	1.0	0.04652
2019	True	>20000	1	1	14	1	0.896	0.06933	1.0	0.05886
2020	True	2500	2	0	0	0	1.0	0.05463	1.0	0.04858
2021	True	19500	2	1	24	0	0.464	0.09843	0.674	0.07967
2022	True	>20000	2	1	7	1	1.0	0.0568	1.0	0.05445
2023	True	1500	1	0	0	0	0.978	0.07294	0.978	0.05532
2024	True	500	0	0	0	0	0.518	0.07289	0.518	0.06801
2025	True	1000	0	0	0	0	1.0	0.0471	1.0	0.04877
2026	True	1000	0	0	0	0	1.0	0.04868	1.0	0.04733
2027	True	2000	2	0	0	0	0.93	0.07305	0.93	0.05929
2028	True	7500	1	0	0	0	0.686	0.06722	0.686	0.06666
2029	True	500	0	0	0	0	0.812	0.06502	1.0	0.04744
2030	True	1500	1	0	0	0	0.59	0.07704	0.94	0.05991
