set	n	T	Vd	Vl	start_seed	run_seed	t90	t90_any	t_single	reverts	largest@10	largest@100	largest@1000	largest@10000	largest@20000	clusters@10	clusters@100	clusters@1000	clusters@10000	clusters@20000	F_dl@10	F_dl@100	F_dl@1000	F_dl@10000	F_dl@20000	F_dM@1000	F_dM@10000	F_dM@20000	da1000	alive	isolated_all	wall_s
Tscan	1000	14.0000	40.0000	40.0000	2001	12001	14500	14500	14500	False	0.3980	0.4080	0.5680	0.5680	1.0000	23	9	3	2	1	0.3665	0.2260	0.1165	0.0710	0.0519	0.0000	0.0000	0.0000	-2.7440	1000	True	1166.4000
Tscan	1000	14.0000	40.0000	40.0000	2002	12002	3000	3000	17000	False	0.8120	0.7920	0.8120	0.9140	1.0000	17	9	3	2	1	0.3758	0.2209	0.1218	0.0634	0.0488	0.0002	0.0000	0.0000	-2.6940	1000	True	1247.5000
Tscan	1000	14.0000	40.0000	40.0000	2003	12003	500	10	1500	False	0.9020	0.9240	0.9740	1.0000	1.0000	14	6	2	1	1	0.3772	0.2330	0.1261	0.0655	0.0515	0.0011	0.0000	0.0000	-2.8840	1000	True	1217.7000
Tscan	1000	14.0000	40.0000	40.0000	2004	12004	500	200	1000	False	0.3260	0.8860	1.0000	1.0000	1.0000	24	12	1	1	1	0.3747	0.2403	0.1283	0.0551	0.0493	0.0000	0.0000	0.0000	-2.6600	1000	True	1219.2000
Tscan	1000	14.0000	40.0000	40.0000	2005	12005	14000	100	14000	False	0.6700	0.9280	0.7400	0.7400	1.0000	16	7	2	2	1	0.3702	0.2286	0.1107	0.0721	0.0504	0.0000	0.0000	0.0000	-2.5340	1000	True	1191.9000
Tscan	1000	14.0000	40.0000	40.0000	2006	12006	500	100	5500	False	0.8440	0.9460	0.9920	1.0000	1.0000	16	6	2	1	1	0.3594	0.2316	0.1265	0.0735	0.0717	0.0000	0.0000	0.0000	-2.9340	1000	True	1239.1000
Tscan	1000	14.0000	40.0000	40.0000	2007	12007	5000	5000	5000	False	0.7660	0.3520	0.7820	1.0000	1.0000	24	9	3	1	1	0.3603	0.2286	0.1133	0.0503	0.0508	0.0000	0.0000	0.0000	-2.8420	1000	True	1228.4000
Tscan	1000	14.0000	40.0000	40.0000	2008	12008	500	10	1000	False	0.9000	0.9040	1.0000	1.0000	1.0000	11	7	1	1	1	0.3574	0.2345	0.1145	0.0600	0.0506	0.0000	0.0000	0.0000	-2.7180	1000	True	1223.4000
Tscan	1000	14.0000	40.0000	40.0000	2009	12009	500	200	2500	True	0.8140	0.6100	0.9640	1.0000	1.0000	17	9	2	1	1	0.3552	0.2365	0.1250	0.0577	0.0481	0.0001	0.0000	0.0000	-2.7680	1000	True	1249.5000
Tscan	1000	14.0000	40.0000	40.0000	2010	12010	13000	13000	13000	False	0.4200	0.4900	0.5620	0.6300	1.0000	24	8	5	2	1	0.3557	0.2307	0.1413	0.0698	0.0520	0.0000	0.0000	0.0000	-2.9340	1000	True	1260.3000
Tscan	1000	14.0000	40.0000	40.0000	2011	12011	500	10	>20000	True	0.9340	0.9380	0.9740	0.6120	0.6120	9	6	2	2	2	0.3621	0.2506	0.1261	0.0686	0.0692	0.0000	0.0000	0.0000	-2.6240	1000	True	1257.9000
Tscan	1000	14.0000	40.0000	40.0000	2012	12012	500	100	500	False	0.8520	0.9480	1.0000	1.0000	1.0000	14	3	1	1	1	0.3686	0.2411	0.1175	0.0743	0.0521	0.0000	0.0000	0.0000	-2.5460	1000	True	1257.3000
Tscan	1000	14.0000	40.0000	40.0000	2013	12013	4500	4500	4500	False	0.7920	0.8580	0.7880	1.0000	1.0000	20	8	3	1	1	0.3551	0.2334	0.1294	0.0524	0.0490	0.0000	0.0000	0.0000	-2.8380	1000	True	1262.9000
Tscan	1000	14.0000	40.0000	40.0000	2014	12014	500	500	1500	False	0.5960	0.4080	0.9940	1.0000	1.0000	17	8	2	1	1	0.3571	0.2461	0.1079	0.0695	0.0509	0.0000	0.0000	0.0000	-2.8100	1000	True	1272.5000
Tscan	1000	14.0000	40.0000	40.0000	2015	12015	500	100	10000	True	0.8860	0.9400	0.7100	1.0000	1.0000	17	6	2	1	1	0.3779	0.2407	0.1274	0.0664	0.0529	0.0000	0.0000	0.0000	-2.7480	1000	True	1198.4000
Tscan	1000	14.0000	40.0000	40.0000	2016	12016	6000	6000	6000	False	0.5340	0.4340	0.5580	1.0000	1.0000	16	8	5	1	1	0.3748	0.2377	0.1324	0.0506	0.0497	0.0000	0.0000	0.0000	-2.4740	1000	True	1263.1000
Tscan	1000	20.0000	40.0000	40.0000	2001	12001	500	500	4500	True	0.8900	0.7320	0.8120	1.0000	1.0000	14	4	2	1	1	0.3548	0.2301	0.1201	0.0534	0.0528	0.0009	0.0000	0.0000	-2.9040	1000	True	1323.4000
Tscan	1000	20.0000	40.0000	40.0000	2002	12002	500	200	200	True	0.8180	0.5200	0.8920	1.0000	1.0000	13	3	2	1	1	0.3675	0.2254	0.1300	0.0776	0.0780	0.0004	0.0000	0.0000	-2.7880	1000	True	1318.1000
Tscan	1000	20.0000	40.0000	40.0000	2003	12003	500	10	1500	False	0.9020	0.4940	0.9980	1.0000	1.0000	11	5	2	1	1	0.3758	0.2424	0.1276	0.0906	0.0904	0.0008	0.0000	0.0000	-2.6920	1000	True	1243.5000
Tscan	1000	20.0000	40.0000	40.0000	2004	12004	500	500	500	False	0.6080	0.8900	1.0000	1.0000	1.0000	21	5	1	1	1	0.3644	0.2323	0.1246	0.0819	0.0792	0.0008	0.0000	0.0008	-2.7440	1000	True	1295.9000
Tscan	1000	20.0000	40.0000	40.0000	2005	12005	5000	5000	5000	False	0.8220	0.5940	0.6800	1.0000	1.0000	14	10	3	1	1	0.3659	0.2195	0.1196	0.0741	0.0533	0.0000	0.0000	0.0000	-2.8020	1000	True	1328.6000
Tscan	1000	20.0000	40.0000	40.0000	2006	12006	1500	1500	1500	False	0.8800	0.6340	0.8600	1.0000	1.0000	15	7	2	1	1	0.3664	0.2287	0.1244	0.0527	0.0528	0.0005	0.0000	0.0000	-2.7540	1000	True	1354.1000
Tscan	1000	20.0000	40.0000	40.0000	2007	12007	500	500	1000	True	0.6640	0.4580	1.0000	1.0000	1.0000	24	8	1	1	1	0.3512	0.2234	0.1162	0.0654	0.0513	0.0007	0.0000	0.0000	-3.0580	1000	True	1310.2000
Tscan	1000	20.0000	40.0000	40.0000	2008	12008	5000	200	5000	False	0.6440	0.8820	0.8560	1.0000	1.0000	17	4	2	1	1	0.3597	0.2430	0.1303	0.0599	0.0548	0.0007	0.0000	0.0000	-2.6180	1000	True	1329.4000
Tscan	1000	20.0000	40.0000	40.0000	2009	12009	500	500	1500	False	0.8740	0.5700	0.9980	1.0000	1.0000	16	8	2	1	1	0.3515	0.2349	0.1058	0.0616	0.0517	0.0002	0.0000	0.0000	-2.5120	1000	True	1318.9000
Tscan	1000	20.0000	40.0000	40.0000	2010	12010	4000	4000	4000	False	0.7740	0.6340	0.4040	1.0000	1.0000	18	8	4	1	1	0.3551	0.2232	0.1277	0.0693	0.0507	0.0002	0.0000	0.0000	-2.6840	1000	True	1329.0000
Tscan	1000	20.0000	40.0000	40.0000	2011	12011	500	200	1000	False	0.8860	0.8900	1.0000	1.0000	1.0000	12	6	1	1	1	0.3570	0.2331	0.1242	0.0879	0.0872	0.0001	0.0000	0.0000	-2.6880	1000	True	1341.0000
Tscan	1000	20.0000	40.0000	40.0000	2012	12012	8000	8000	8000	False	0.8360	0.5620	0.7680	1.0000	1.0000	17	8	2	1	1	0.3741	0.2276	0.1171	0.0608	0.0528	0.0000	0.0005	0.0000	-2.4260	1000	True	1326.7000
Tscan	1000	20.0000	40.0000	40.0000	2013	12013	6500	6500	6500	False	0.8560	0.6840	0.6560	1.0000	1.0000	15	7	4	1	1	0.3510	0.2218	0.1275	0.0607	0.0536	0.0000	0.0000	0.0000	-2.7800	1000	True	1276.8000
Tscan	1000	20.0000	40.0000	40.0000	2014	12014	18000	18000	18000	False	0.5740	0.7540	0.6640	0.6640	1.0000	15	6	3	2	1	0.3583	0.2311	0.1270	0.0783	0.0593	0.0000	0.0000	0.0000	-2.7420	1000	True	1267.7000
Tscan	1000	20.0000	40.0000	40.0000	2015	12015	6000	100	6000	False	0.6360	0.9100	0.6920	1.0000	1.0000	16	4	3	1	1	0.3689	0.2273	0.1261	0.0508	0.0512	0.0015	0.0000	0.0000	-2.8560	1000	True	1277.7000
Tscan	1000	20.0000	40.0000	40.0000	2016	12016	2000	200	2000	False	0.6480	0.6140	0.8680	1.0000	1.0000	16	9	2	1	1	0.3648	0.2422	0.1373	0.0689	0.0528	0.0008	0.0000	0.0000	-3.0240	1000	True	1265.2000
Tscan	1000	5.0000	40.0000	40.0000	2001	12001	>20000	>20000	>20000	False	0.3740	0.3740	0.4200	0.4220	0.4220	27	26	16	6	5	0.3872	0.3022	0.2120	0.1124	0.0997	0.0098	0.0000	0.0000	-2.7900	1000	True	930.8000
Tscan	1000	5.0000	40.0000	40.0000	2002	12002	>20000	>20000	>20000	False	0.7780	0.7800	0.8000	0.8360	0.8360	22	20	14	8	8	0.3985	0.2939	0.1891	0.1275	0.1230	0.0068	0.0000	0.0000	-2.8140	1000	True	905.7000
Tscan	1000	5.0000	40.0000	40.0000	2003	12003	>20000	>20000	>20000	False	0.8320	0.5940	0.6260	0.6520	0.6520	19	20	11	8	8	0.3987	0.3132	0.1833	0.1190	0.1126	0.0050	0.0000	0.0000	-2.7420	1000	True	1015.0000
Tscan	1000	5.0000	40.0000	40.0000	2004	12004	>20000	>20000	>20000	False	0.3080	0.2960	0.3120	0.3360	0.3360	27	24	11	7	7	0.3891	0.2963	0.1811	0.1136	0.1056	0.0034	0.0000	0.0000	-2.6760	1000	True	1101.3000
Tscan	1000	5.0000	40.0000	40.0000	2005	12005	>20000	>20000	>20000	False	0.8160	0.8840	0.7300	0.7300	0.7300	19	15	11	9	8	0.4006	0.3043	0.1961	0.1316	0.1227	0.0057	0.0004	0.0000	-2.8660	1000	True	1097.7000
Tscan	1000	5.0000	40.0000	40.0000	2006	12006	>20000	>20000	>20000	False	0.7580	0.7580	0.7760	0.8420	0.8420	18	18	13	6	6	0.3861	0.2887	0.1902	0.1150	0.1115	0.0025	0.0000	0.0000	-2.9640	1000	True	972.5000
Tscan	1000	5.0000	40.0000	40.0000	2007	12007	>20000	>20000	>20000	False	0.8040	0.8280	0.4660	0.4980	0.4980	26	22	15	8	8	0.3755	0.2915	0.1901	0.1288	0.1215	0.0059	0.0005	0.0000	-2.6340	1000	True	1109.3000
Tscan	1000	5.0000	40.0000	40.0000	2008	12008	2500	2500	>20000	False	0.8640	0.8640	0.8760	0.9040	0.9040	11	10	6	3	3	0.3833	0.2883	0.1829	0.0992	0.0905	0.0006	0.0000	0.0000	-2.7800	1000	True	1023.1000
Tscan	1000	5.0000	40.0000	40.0000	2009	12009	>20000	>20000	>20000	False	0.7940	0.8000	0.8060	0.8580	0.8580	16	14	9	5	5	0.3769	0.2912	0.1840	0.1091	0.1044	0.0044	0.0000	0.0000	-2.9320	1000	True	1081.4000
Tscan	1000	5.0000	40.0000	40.0000	2010	12010	>20000	>20000	>20000	False	0.4160	0.4160	0.4340	0.4440	0.4440	29	26	19	10	9	0.3954	0.3072	0.1941	0.1471	0.1405	0.0049	0.0000	0.0000	-2.6800	1000	True	1044.9000
Tscan	1000	5.0000	40.0000	40.0000	2011	12011	500	100	>20000	False	0.7340	0.9300	0.9540	0.9800	0.9820	12	10	6	5	4	0.3766	0.2970	0.1680	0.0998	0.0838	0.0000	0.0000	0.0000	-2.9000	1000	True	984.3000
Tscan	1000	5.0000	40.0000	40.0000	2012	12012	>20000	>20000	>20000	False	0.5620	0.5700	0.5780	0.5800	0.5800	19	20	17	11	11	0.3914	0.3073	0.2076	0.1373	0.1287	0.0041	0.0003	0.0000	-2.7200	1000	True	1071.6000
Tscan	1000	5.0000	40.0000	40.0000	2013	12013	>20000	>20000	>20000	False	0.8100	0.8340	0.8240	0.8260	0.8260	18	13	11	6	5	0.3741	0.2835	0.1779	0.1068	0.0951	0.0024	0.0000	0.0000	-3.0460	1000	True	1123.3000
Tscan	1000	5.0000	40.0000	40.0000	2014	12014	>20000	>20000	>20000	False	0.6420	0.4420	0.4440	0.4500	0.4500	15	14	10	7	7	0.3697	0.2875	0.1766	0.1292	0.1142	0.0035	0.0000	0.0000	-2.9620	1000	True	1079.9000
Tscan	1000	5.0000	40.0000	40.0000	2015	12015	>20000	100	>20000	False	0.8740	0.9240	0.8260	0.8480	0.8480	14	9	8	6	6	0.3989	0.3019	0.1739	0.1193	0.1023	0.0064	0.0000	0.0000	-2.8440	1000	True	1023.7000
Tscan	1000	5.0000	40.0000	40.0000	2016	12016	>20000	>20000	>20000	False	0.5400	0.5420	0.5500	0.5860	0.5860	20	19	12	8	7	0.3956	0.2984	0.1807	0.1370	0.1259	0.0042	0.0000	0.0000	-2.7500	1000	True	971.7000
Tscan	1000	7.0000	40.0000	40.0000	2001	12001	>20000	>20000	>20000	False	0.3960	0.4180	0.4280	0.4280	0.4300	23	16	9	6	5	0.3813	0.2640	0.1495	0.1005	0.0952	0.0053	0.0000	0.0000	-2.9160	1000	True	985.5000
Tscan	1000	7.0000	40.0000	40.0000	2002	12002	>20000	>20000	>20000	False	0.7260	0.6280	0.6360	0.6360	0.7480	19	14	8	5	4	0.3922	0.2514	0.1487	0.1171	0.0925	0.0000	0.0000	0.0000	-2.7040	1000	True	1012.8000
Tscan	1000	7.0000	40.0000	40.0000	2003	12003	15000	15000	>20000	False	0.8040	0.7980	0.8680	0.8780	0.9120	19	16	6	5	4	0.3900	0.2759	0.1558	0.0921	0.0749	0.0003	0.0000	0.0000	-2.9440	1000	True	1087.1000
Tscan	1000	7.0000	40.0000	40.0000	2004	12004	>20000	>20000	>20000	False	0.2900	0.3640	0.7680	0.7780	0.7780	30	21	8	5	5	0.3823	0.2667	0.1505	0.0943	0.0875	0.0005	0.0000	0.0000	-3.0380	1000	True	1040.1000
Tscan	1000	7.0000	40.0000	40.0000	2005	12005	>20000	>20000	>20000	False	0.6080	0.5420	0.7920	0.8300	0.8300	23	16	9	5	5	0.3866	0.2758	0.1713	0.0950	0.0767	0.0017	0.0000	0.0000	-2.8780	1000	True	1051.8000
Tscan	1000	7.0000	40.0000	40.0000	2006	12006	>20000	>20000	>20000	False	0.8700	0.8140	0.8700	0.8900	0.8900	16	14	8	4	4	0.3797	0.2736	0.1610	0.0990	0.0918	0.0006	0.0000	0.0000	-2.8460	1000	True	1121.3000
Tscan	1000	7.0000	40.0000	40.0000	2007	12007	>20000	>20000	>20000	False	0.8020	0.5740	0.5820	0.6060	0.8060	27	19	9	5	3	0.3671	0.2662	0.1586	0.1047	0.0890	0.0015	0.0000	0.0000	-2.7340	1000	True	1134.0000
Tscan	1000	7.0000	40.0000	40.0000	2008	12008	7500	7500	7500	False	0.8180	0.8180	0.8300	1.0000	1.0000	9	7	3	1	1	0.3740	0.2564	0.1445	0.0630	0.0530	0.0000	0.0000	0.0000	-2.8360	1000	True	1032.4000
Tscan	1000	7.0000	40.0000	40.0000	2009	12009	>20000	>20000	>20000	False	0.7740	0.7780	0.7880	0.8880	0.8880	16	13	5	2	2	0.3715	0.2527	0.1503	0.0877	0.0854	0.0024	0.0000	0.0000	-2.5120	1000	True	1097.0000
Tscan	1000	7.0000	40.0000	40.0000	2010	12010	>20000	>20000	>20000	False	0.4160	0.4200	0.4300	0.4300	0.4300	29	22	12	8	6	0.3787	0.2770	0.1661	0.1351	0.1112	0.0040	0.0001	0.0000	-2.9500	1000	True	1097.0000
Tscan	1000	7.0000	40.0000	40.0000	2011	12011	>20000	>20000	>20000	False	0.6900	0.7040	0.7180	0.7640	0.7640	14	12	6	2	2	0.3693	0.2708	0.1534	0.0792	0.0708	0.0005	0.0000	0.0000	-2.9840	1000	True	1146.1000
Tscan	1000	7.0000	40.0000	40.0000	2012	12012	>20000	>20000	>20000	False	0.5480	0.6420	0.7060	0.7120	0.7120	18	16	6	4	4	0.3881	0.2688	0.1513	0.0885	0.0821	0.0002	0.0000	0.0000	-3.0500	1000	True	1071.9000
Tscan	1000	7.0000	40.0000	40.0000	2013	12013	>20000	>20000	>20000	False	0.8780	0.6880	0.7080	0.7080	0.7080	15	15	9	7	6	0.3655	0.2636	0.1510	0.0970	0.0909	0.0009	0.0000	0.0000	-3.1180	1000	True	1129.1000
Tscan	1000	7.0000	40.0000	40.0000	2014	12014	>20000	>20000	>20000	False	0.6360	0.4520	0.4700	0.4760	0.4760	17	13	7	5	5	0.3687	0.2739	0.1582	0.1049	0.1042	0.0014	0.0000	0.0000	-2.9280	1000	True	1149.3000
Tscan	1000	7.0000	40.0000	40.0000	2015	12015	>20000	>20000	>20000	False	0.7700	0.7940	0.8240	0.8480	0.8480	16	11	7	3	3	0.3864	0.2760	0.1546	0.0868	0.0664	0.0009	0.0000	0.0000	-2.8480	1000	True	1129.5000
Tscan	1000	7.0000	40.0000	40.0000	2016	12016	>20000	>20000	>20000	False	0.5160	0.5260	0.5660	0.6240	0.7740	19	16	9	5	3	0.3834	0.2623	0.1622	0.1028	0.0831	0.0020	0.0000	0.0000	-2.7400	1000	True	1062.2000
aggsize	1500	10.0000	40.0000	40.0000	2001	12001	10000	10000	10000	False	0.7800	0.2520	0.7067	1.0000	1.0000	17	17	6	1	1	0.3895	0.2545	0.1307	0.0657	0.0479	0.0000	0.0000	0.0000	-2.8930	1500	True	1911.8000
aggsize	1500	10.0000	40.0000	40.0000	2002	12002	14000	14000	>20000	False	0.4840	0.5787	0.8227	0.8253	0.9293	22	13	6	4	3	0.3726	0.2467	0.1270	0.0680	0.0491	0.0002	0.0000	0.0000	-3.0540	1500	True	1754.8000
aggsize	1500	10.0000	40.0000	40.0000	2003	12003	>20000	>20000	>20000	False	0.5640	0.5800	0.6760	0.7013	0.7013	23	14	4	2	2	0.3698	0.2474	0.1363	0.0748	0.0697	0.0000	0.0000	0.0000	-2.7290	1500	True	1785.1000
aggsize	1500	10.0000	40.0000	40.0000	2004	12004	16000	16000	16000	False	0.8253	0.8453	0.7693	0.8933	1.0000	21	13	6	2	1	0.3862	0.2510	0.1315	0.0734	0.0456	0.0000	0.0000	0.0000	-2.8720	1500	True	1796.3000
aggsize	1500	10.0000	40.0000	40.0000	2005	12005	500	500	>20000	False	0.8547	0.8920	0.9213	0.9453	0.9453	19	9	4	3	2	0.3740	0.2313	0.1422	0.0621	0.0495	0.0000	0.0000	0.0000	-2.9210	1500	True	1763.0000
aggsize	1500	10.0000	40.0000	40.0000	2006	12006	>20000	>20000	>20000	False	0.4053	0.3853	0.4973	0.5907	0.5907	20	13	7	4	3	0.3741	0.2371	0.1254	0.0746	0.0663	0.0000	0.0000	0.0000	-2.7380	1500	True	1852.6000
aggsize	1500	10.0000	40.0000	40.0000	2007	12007	3000	3000	5000	False	0.7853	0.7907	0.8253	1.0000	1.0000	29	19	7	1	1	0.3792	0.2541	0.1387	0.0681	0.0546	0.0000	0.0000	0.0000	-2.7330	1500	True	1783.7000
aggsize	1500	10.0000	40.0000	40.0000	2008	12008	>20000	>20000	>20000	False	0.7227	0.6213	0.7027	0.7520	0.7827	37	27	8	4	3	0.3833	0.2496	0.1354	0.0739	0.0648	0.0000	0.0000	0.0000	-2.9420	1500	True	1828.1000
aggsize	1500	10.0000	40.0000	40.0000	2009	12009	>20000	>20000	>20000	False	0.7560	0.5653	0.6627	0.7200	0.7200	29	16	4	2	2	0.3765	0.2514	0.1397	0.0725	0.0641	0.0000	0.0000	0.0000	-3.0490	1500	True	1816.2000
aggsize	1500	10.0000	40.0000	40.0000	2010	12010	8500	8500	12000	False	0.7840	0.6640	0.7307	0.9973	1.0000	26	19	7	2	1	0.3849	0.2612	0.1377	0.0883	0.0647	0.0000	0.0000	0.0000	-2.9250	1500	True	1809.5000
aggsize	1500	10.0000	40.0000	40.0000	2011	12011	>20000	>20000	>20000	False	0.8080	0.6573	0.5773	0.5787	0.5787	17	12	4	3	3	0.3837	0.2415	0.1376	0.0728	0.0657	0.0000	0.0000	0.0000	-2.9620	1500	True	1761.1000
aggsize	1500	10.0000	40.0000	40.0000	2012	12012	500	500	>20000	False	0.6187	0.7440	0.9720	0.9760	0.9760	28	17	3	2	2	0.3752	0.2437	0.1268	0.0658	0.0471	0.0000	0.0000	0.0000	-3.0360	1500	True	1898.1000
aggsize	1500	10.0000	40.0000	40.0000	2013	12013	>20000	>20000	>20000	False	0.8320	0.5640	0.6307	0.6253	0.6253	25	17	9	4	3	0.3726	0.2498	0.1380	0.0725	0.0642	0.0000	0.0000	0.0000	-2.8670	1500	True	1760.0000
aggsize	1500	10.0000	40.0000	40.0000	2014	12014	1000	1000	3000	False	0.7400	0.8240	0.9307	1.0000	1.0000	29	15	4	1	1	0.3833	0.2541	0.1315	0.0519	0.0427	0.0000	0.0000	0.0000	-2.7650	1500	True	1791.9000
aggsize	1500	10.0000	40.0000	40.0000	2015	12015	>20000	10	>20000	False	0.9147	0.8907	0.7893	0.8493	0.8493	22	16	7	2	2	0.3716	0.2530	0.1373	0.0666	0.0531	0.0000	0.0000	0.0000	-2.9420	1500	True	1783.7000
aggsize	1500	10.0000	40.0000	40.0000	2016	12016	>20000	>20000	>20000	False	0.3027	0.2893	0.2933	0.5693	0.5693	30	20	9	3	3	0.3798	0.2519	0.1392	0.0729	0.0639	0.0000	0.0000	0.0000	-2.9520	1500	True	1718.1000
aggsize	500	10.0000	40.0000	40.0000	2001	12001	2000	2000	3500	False	0.6760	0.7640	0.8920	1.0000	1.0000	6	5	3	1	1	0.3553	0.2346	0.1502	0.0667	0.0652	0.0000	0.0000	0.0000	-2.8360	500	True	755.3000
aggsize	500	10.0000	40.0000	40.0000	2002	12002	10500	10500	10500	False	0.3240	0.3000	0.5080	0.7240	1.0000	17	11	6	2	1	0.3684	0.2429	0.1450	0.0908	0.0683	0.0000	0.0000	0.0000	-2.5360	500	True	775.4000
aggsize	500	10.0000	40.0000	40.0000	2003	12003	3500	3500	10000	False	0.7240	0.4720	0.5560	1.0000	1.0000	11	11	6	1	1	0.3506	0.2422	0.1539	0.0690	0.0680	0.0000	0.0000	0.0000	-2.3000	500	True	799.5000
aggsize	500	10.0000	40.0000	40.0000	2004	12004	500	100	>20000	False	0.8920	0.9000	0.9960	0.9960	0.9960	15	5	2	2	2	0.3782	0.2535	0.1231	0.1176	0.1197	0.0000	0.0000	0.0000	-2.8080	500	True	793.2000
aggsize	500	10.0000	40.0000	40.0000	2005	12005	1500	10	1500	False	0.9080	0.9240	0.8240	1.0000	1.0000	9	5	2	1	1	0.3472	0.2461	0.1252	0.0667	0.0657	0.0036	0.0000	0.0000	-2.4600	500	True	765.0000
aggsize	500	10.0000	40.0000	40.0000	2006	12006	12500	12500	12500	False	0.3240	0.5720	0.5720	0.5720	1.0000	16	7	3	2	1	0.3646	0.2412	0.1438	0.0976	0.0694	0.0000	0.0000	0.0000	-2.4360	500	True	752.8000
aggsize	500	10.0000	40.0000	40.0000	2007	12007	500	100	4500	False	0.7280	0.9000	0.9240	1.0000	1.0000	14	4	2	1	1	0.3936	0.2500	0.1289	0.0706	0.0657	0.0000	0.0000	0.0000	-2.6280	500	True	770.8000
aggsize	500	10.0000	40.0000	40.0000	2008	12008	11500	11500	11500	False	0.3600	0.5040	0.5280	0.5280	1.0000	10	4	2	2	1	0.3622	0.2474	0.1280	0.0964	0.0672	0.0000	0.0000	0.0000	-2.6280	500	True	749.2000
aggsize	500	10.0000	40.0000	40.0000	2009	12009	12000	12000	12000	False	0.4160	0.4600	0.4600	0.7360	1.0000	10	6	4	2	1	0.3521	0.2406	0.1474	0.0951	0.0678	0.0000	0.0000	0.0000	-2.3360	500	True	761.3000
aggsize	500	10.0000	40.0000	40.0000	2010	12010	1000	1000	2500	False	0.8760	0.8840	0.9560	1.0000	1.0000	6	5	2	1	1	0.3584	0.2356	0.1182	0.0666	0.0668	0.0000	0.0000	0.0000	-2.7160	500	True	763.0000
aggsize	500	10.0000	40.0000	40.0000	2011	12011	500	500	7000	False	0.8440	0.7800	0.9480	1.0000	1.0000	9	9	3	1	1	0.3738	0.2408	0.1147	0.0666	0.0672	0.0000	0.0000	0.0000	-2.5200	500	True	774.7000
aggsize	500	10.0000	40.0000	40.0000	2012	12012	500	200	1000	False	0.8400	0.8760	1.0000	1.0000	1.0000	15	7	1	1	1	0.3590	0.2478	0.1118	0.0826	0.0836	0.0000	0.0000	0.0000	-2.4440	500	True	744.4000
aggsize	500	10.0000	40.0000	40.0000	2013	12013	5500	5500	5500	False	0.7920	0.8480	0.7560	1.0000	1.0000	15	7	2	1	1	0.3585	0.2364	0.1369	0.0643	0.0658	0.0000	0.0000	0.0000	-2.5080	500	True	757.4000
aggsize	500	10.0000	40.0000	40.0000	2014	12014	11000	11000	11000	False	0.4520	0.6840	0.7800	0.8120	1.0000	11	6	4	2	1	0.3535	0.2454	0.1491	0.0887	0.0665	0.0000	0.0000	0.0000	-3.0240	500	True	792.7000
aggsize	500	10.0000	40.0000	40.0000	2015	12015	500	10	4000	False	0.9480	0.9480	0.9920	1.0000	1.0000	7	5	2	1	1	0.3630	0.2555	0.1456	0.0679	0.0673	0.0000	0.0000	0.0000	-3.1480	500	True	744.2000
aggsize	500	10.0000	40.0000	40.0000	2016	12016	5000	100	5000	False	0.6680	0.9600	0.7200	1.0000	1.0000	11	5	3	1	1	0.3621	0.2464	0.1510	0.0689	0.0665	0.0000	0.0000	0.0000	-2.6880	500	True	751.2000
dist	1000	10.0000	40.0000	40.0000	2001	12001	500	500	>20000	True	0.6060	0.6680	0.8580	0.8600	0.8600	20	13	4	3	2	0.3639	0.2488	0.1260	0.0844	0.0632	0.0014	0.0000	0.0000	-2.8400	1000	True	1064.7000
dist	1000	10.0000	40.0000	40.0000	2002	12002	>20000	>20000	>20000	False	0.7460	0.6860	0.7100	0.8600	0.8600	19	10	6	3	3	0.3816	0.2371	0.1420	0.0786	0.0702	0.0004	0.0000	0.0000	-2.8040	1000	True	1102.5000
dist	1000	10.0000	40.0000	40.0000	2003	12003	>20000	>20000	>20000	False	0.7840	0.3680	0.3980	0.4320	0.8300	22	11	4	3	2	0.3859	0.2454	0.1356	0.0845	0.0648	0.0000	0.0000	0.0000	-2.8980	1000	True	1052.7000
dist	1000	10.0000	40.0000	40.0000	2004	12004	500	500	6500	False	0.3820	0.7200	0.9600	1.0000	1.0000	22	11	3	1	1	0.3738	0.2416	0.1252	0.0734	0.0732	0.0000	0.0000	0.0000	-2.8780	1000	True	1176.9000
dist	1000	10.0000	40.0000	40.0000	2005	12005	500	200	8000	False	0.8020	0.5100	0.9680	1.0000	1.0000	18	13	4	1	1	0.3738	0.2513	0.1210	0.0650	0.0500	0.0000	0.0000	0.0000	-2.9240	1000	True	1049.0000
dist	1000	10.0000	40.0000	40.0000	2006	12006	2500	2500	13500	False	0.7880	0.7720	0.8200	0.9100	1.0000	15	10	4	2	1	0.3640	0.2459	0.1498	0.0747	0.0495	0.0000	0.0000	0.0000	-2.8300	1000	True	992.4000
dist	1000	10.0000	40.0000	40.0000	2007	12007	>20000	>20000	>20000	False	0.5740	0.6680	0.7200	0.7840	0.7840	29	13	5	2	2	0.3586	0.2498	0.1243	0.0787	0.0653	0.0001	0.0000	0.0000	-2.8420	1000	True	1061.1000
dist	1000	10.0000	40.0000	40.0000	2008	12008	16000	200	16000	False	0.7540	0.7220	0.8200	0.8200	1.0000	13	6	2	2	1	0.3718	0.2494	0.1366	0.0794	0.0499	0.0000	0.0000	0.0000	-2.8800	1000	True	1051.4000
dist	1000	10.0000	40.0000	40.0000	2009	12009	>20000	>20000	>20000	False	0.7780	0.8040	0.5720	0.5760	0.5760	18	12	6	3	3	0.3630	0.2496	0.1336	0.0808	0.0808	0.0000	0.0000	0.0000	-2.6660	1000	True	994.7000
dist	1000	10.0000	40.0000	40.0000	2010	12010	11000	11000	>20000	False	0.4400	0.4860	0.5120	0.5120	0.9140	24	12	5	3	2	0.3676	0.2550	0.1340	0.0810	0.0611	0.0000	0.0000	0.0000	-2.6320	1000	True	883.2000
dist	1000	10.0000	40.0000	40.0000	2011	12011	1000	1000	10000	False	0.5940	0.5040	0.9640	1.0000	1.0000	10	7	3	1	1	0.3619	0.2439	0.1216	0.0838	0.0809	0.0000	0.0000	0.0000	-2.5980	1000	True	1134.0000
dist	1000	10.0000	40.0000	40.0000	2012	12012	500	100	>20000	False	0.7800	0.9160	0.9440	0.9940	0.9940	17	10	3	2	2	0.3800	0.2523	0.1269	0.0517	0.0509	0.0000	0.0000	0.0000	-2.6580	1000	True	1195.5000
dist	1000	10.0000	40.0000	40.0000	2013	12013	8500	10	8500	False	0.9040	0.6940	0.6620	1.0000	1.0000	17	12	5	1	1	0.3617	0.2427	0.1381	0.0536	0.0469	0.0000	0.0000	0.0000	-2.9340	1000	True	948.4000
dist	1000	10.0000	40.0000	40.0000	2014	12014	20000	100	20000	False	0.4400	0.9420	0.4960	0.5040	1.0000	16	9	3	2	1	0.3591	0.2489	0.1163	0.0696	0.0679	0.0000	0.0000	0.0000	-3.0340	1000	True	1205.5000
dist	1000	10.0000	40.0000	40.0000	2015	12015	19000	19000	19000	False	0.8440	0.2460	0.6720	0.7760	1.0000	13	11	4	2	1	0.3678	0.2423	0.1374	0.0693	0.0568	0.0000	0.0000	0.0000	-2.7120	1000	True	1026.2000
dist	1000	10.0000	40.0000	40.0000	2016	12016	12500	12500	19500	False	0.5600	0.7000	0.8820	0.8840	1.0000	18	12	4	3	1	0.3787	0.2470	0.1264	0.0664	0.0476	0.0000	0.0000	0.0000	-2.8700	1000	True	1204.3000
dist	1000	10.0000	40.0000	40.0000	2017	12017	5500	5500	11000	False	0.4360	0.7780	0.8200	0.9960	1.0000	27	13	6	2	1	0.3794	0.2417	0.1321	0.0609	0.0491	0.0000	0.0000	0.0000	-2.8460	1000	True	1044.2000
dist	1000	10.0000	40.0000	40.0000	2018	12018	500	500	2500	False	0.6940	0.8800	0.9780	1.0000	1.0000	14	10	3	1	1	0.3712	0.2304	0.1347	0.0522	0.0465	0.0000	0.0000	0.0000	-2.6880	1000	True	1154.9000
dist	1000	10.0000	40.0000	40.0000	2019	12019	18500	18500	18500	False	0.7720	0.7660	0.7920	0.8960	1.0000	19	13	5	2	1	0.3529	0.2449	0.1383	0.0693	0.0589	0.0000	0.0000	0.0000	-2.7200	1000	True	1229.2000
dist	1000	10.0000	40.0000	40.0000	2020	12020	8500	8500	8500	False	0.3660	0.6960	0.7400	1.0000	1.0000	21	11	4	1	1	0.3678	0.2424	0.1422	0.0546	0.0486	0.0000	0.0000	0.0000	-2.9840	1000	True	1200.2000
dist	1000	10.0000	40.0000	40.0000	2021	12021	>20000	>20000	>20000	False	0.5980	0.6400	0.4640	0.4640	0.6740	20	11	6	4	3	0.3821	0.2472	0.1290	0.0984	0.0797	0.0000	0.0000	0.0000	-2.7400	1000	True	1182.3000
dist	1000	10.0000	40.0000	40.0000	2022	12022	6500	6500	7500	False	0.5840	0.6720	0.7500	1.0000	1.0000	23	13	5	1	1	0.3776	0.2452	0.1401	0.0568	0.0544	0.0000	0.0000	0.0000	-2.8140	1000	True	978.7000
dist	1000	10.0000	40.0000	40.0000	2023	12023	500	500	>20000	False	0.8180	0.8420	0.9260	0.9780	0.9780	16	9	3	2	2	0.3835	0.2596	0.1336	0.0729	0.0553	0.0000	0.0000	0.0000	-2.9540	1000	True	1153.3000
dist	1000	10.0000	40.0000	40.0000	2024	12024	>20000	>20000	>20000	False	0.4740	0.6600	0.3480	0.5180	0.5180	22	13	8	2	2	0.3822	0.2523	0.1476	0.0729	0.0680	0.0000	0.0000	0.0000	-2.9260	1000	True	1165.5000
dist	1000	10.0000	40.0000	40.0000	2025	12025	1000	1000	6500	False	0.6340	0.8600	0.9140	1.0000	1.0000	25	15	3	1	1	0.3774	0.2567	0.1269	0.0471	0.0488	0.0000	0.0000	0.0000	-2.7680	1000	True	1046.0000
dist	1000	10.0000	40.0000	40.0000	2026	12026	2000	2000	4000	False	0.4760	0.6720	0.8600	1.0000	1.0000	27	15	5	1	1	0.3787	0.2548	0.1460	0.0487	0.0473	0.0000	0.0000	0.0000	-2.7140	1000	True	1101.5000
dist	1000	10.0000	40.0000	40.0000	2027	12027	1500	1500	>20000	False	0.7260	0.7680	0.8180	0.9300	0.9300	20	12	4	2	2	0.3692	0.2460	0.1361	0.0731	0.0593	0.0000	0.0000	0.0000	-2.9140	1000	True	1120.1000
dist	1000	10.0000	40.0000	40.0000	2028	12028	>20000	>20000	>20000	False	0.4820	0.4800	0.8820	0.6860	0.6860	15	9	4	2	2	0.3670	0.2406	0.1437	0.0672	0.0667	0.0004	0.0000	0.0000	-2.7140	1000	True	1078.6000
dist	1000	10.0000	40.0000	40.0000	2029	12029	13000	13000	13000	False	0.5420	0.5280	0.8120	0.8120	1.0000	13	6	4	2	1	0.3588	0.2365	0.1233	0.0650	0.0474	0.0000	0.0000	0.0000	-2.6580	1000	True	1134.0000
dist	1000	10.0000	40.0000	40.0000	2030	12030	13000	13000	>20000	False	0.8020	0.5060	0.5260	0.5900	0.9400	22	12	5	3	2	0.3814	0.2464	0.1265	0.0770	0.0599	0.0000	0.0000	0.0000	-2.9940	1000	True	1105.9000
equalsize	1000	10.0000	38.7300	41.2700	2001	12001	>20000	>20000	>20000	False	0.3980	0.4900	0.4480	0.4480	0.4480	20	14	6	3	3	0.3742	0.2516	0.1298	0.0820	0.0814	0.0012	0.0000	0.0000	-0.1860	1000	True	1148.7000
equalsize	1000	10.0000	38.7300	41.2700	2002	12002	10000	10000	14000	False	0.7020	0.7220	0.6440	0.9060	1.0000	25	14	7	2	1	0.3854	0.2408	0.1447	0.0796	0.0463	0.0000	0.0000	0.0000	-0.1220	1000	True	1147.0000
equalsize	1000	10.0000	38.7300	41.2700	2003	12003	2500	2500	>20000	False	0.8320	0.8580	0.8960	0.9600	0.9600	17	10	4	2	2	0.3851	0.2603	0.1444	0.0765	0.0734	0.0001	0.0000	0.0000	0.0060	1000	True	1259.2000
equalsize	1000	10.0000	38.7300	41.2700	2004	12004	19000	19000	>20000	False	0.3960	0.6520	0.5820	0.6240	0.9860	28	14	7	5	3	0.3777	0.2449	0.1449	0.0846	0.0648	0.0000	0.0000	0.0000	-0.1460	1000	True	1259.5000
equalsize	1000	10.0000	38.7300	41.2700	2005	12005	>20000	>20000	>20000	False	0.4740	0.6760	0.6700	0.6720	0.6720	20	14	6	2	2	0.3865	0.2507	0.1284	0.0766	0.0728	0.0000	0.0000	0.0000	-0.0440	1000	True	1242.9000
equalsize	1000	10.0000	38.7300	41.2700	2006	12006	11000	11000	>20000	False	0.7900	0.4360	0.4940	0.8980	0.9780	17	14	7	3	2	0.3709	0.2436	0.1374	0.0704	0.0536	0.0000	0.0000	0.0000	-0.3380	1000	True	1272.1000
equalsize	1000	10.0000	38.7300	41.2700	2007	12007	>20000	>20000	>20000	False	0.5120	0.5240	0.3620	0.7020	0.7020	28	14	5	3	3	0.3542	0.2446	0.1259	0.0777	0.0770	0.0000	0.0000	0.0000	-0.2440	1000	True	1277.7000
equalsize	1000	10.0000	38.7300	41.2700	2008	12008	4500	4500	>20000	False	0.7180	0.7880	0.7620	0.9280	0.9280	15	12	5	2	2	0.3667	0.2481	0.1448	0.0608	0.0577	0.0000	0.0000	0.0000	0.0380	1000	True	1247.8000
equalsize	1000	10.0000	38.7300	41.2700	2009	12009	>20000	200	>20000	False	0.7580	0.8960	0.5840	0.6140	0.6140	18	7	4	2	2	0.3673	0.2419	0.1267	0.0691	0.0675	0.0000	0.0000	0.0000	-0.3120	1000	True	1333.6000
equalsize	1000	10.0000	38.7300	41.2700	2010	12010	18500	18500	>20000	False	0.4300	0.4760	0.6340	0.7280	0.9760	29	17	6	3	2	0.3695	0.2487	0.1369	0.0748	0.0636	0.0000	0.0000	0.0000	0.1360	1000	True	1263.5000
equalsize	1000	10.0000	38.7300	41.2700	2011	12011	>20000	>20000	>20000	False	0.5960	0.8700	0.5760	0.7900	0.7900	12	5	3	2	2	0.3667	0.2493	0.1308	0.0677	0.0655	0.0000	0.0000	0.0000	-0.3160	1000	True	1332.3000
equalsize	1000	10.0000	38.7300	41.2700	2012	12012	11500	11500	17500	False	0.6620	0.5360	0.5980	0.7580	1.0000	14	12	6	3	1	0.3841	0.2497	0.1445	0.0727	0.0497	0.0000	0.0000	0.0000	-0.1100	1000	True	1269.0000
equalsize	1000	10.0000	38.7300	41.2700	2013	12013	12500	12500	>20000	False	0.7920	0.6120	0.6340	0.7900	0.9940	20	16	10	3	2	0.3635	0.2527	0.1468	0.0768	0.0509	0.0000	0.0000	0.0000	-0.2220	1000	True	1309.6000
equalsize	1000	10.0000	38.7300	41.2700	2014	12014	>20000	>20000	>20000	False	0.4200	0.4480	0.3660	0.4800	0.4800	21	12	6	3	3	0.3620	0.2494	0.1235	0.0839	0.0802	0.0000	0.0000	0.0000	-0.2920	1000	True	1278.3000
equalsize	1000	10.0000	38.7300	41.2700	2015	12015	13000	13000	>20000	False	0.8300	0.5880	0.6360	0.6620	0.9860	17	12	5	3	2	0.3790	0.2585	0.1311	0.0796	0.0535	0.0000	0.0000	0.0000	-0.0760	1000	True	1305.5000
equalsize	1000	10.0000	38.7300	41.2700	2016	12016	>20000	>20000	>20000	False	0.5160	0.5640	0.6800	0.8500	0.8500	21	14	4	2	2	0.3831	0.2398	0.1413	0.0690	0.0632	0.0000	0.0000	0.0000	-0.2600	1000	True	1313.0000
fresh	1000	10.0000	40.0000	40.0000	5001	15001	13500	13500	13500	False	0.4480	0.8000	0.8200	0.8200	1.0000	15	9	2	2	1	0.3706	0.2479	0.1293	0.0796	0.0484	0.0001	0.0000	0.0000	-2.7980	1000	True	1296.1000
fresh	1000	10.0000	40.0000	40.0000	5002	15002	500	500	>20000	False	0.7060	0.8760	0.9000	0.9980	0.9980	22	11	5	2	2	0.3722	0.2475	0.1218	0.0731	0.0723	0.0000	0.0000	0.0000	-2.6640	1000	True	1260.1000
fresh	1000	10.0000	40.0000	40.0000	5003	15003	3000	3000	3500	False	0.8040	0.5420	0.7960	1.0000	1.0000	23	13	7	1	1	0.3783	0.2452	0.1400	0.0594	0.0478	0.0000	0.0000	0.0000	-2.7560	1000	True	1300.9000
fresh	1000	10.0000	40.0000	40.0000	5004	15004	2000	2000	6500	False	0.6740	0.8560	0.5300	1.0000	1.0000	22	9	4	1	1	0.3780	0.2448	0.1381	0.0692	0.0484	0.0000	0.0000	0.0000	-2.8060	1000	True	1250.8000
fresh	1000	10.0000	40.0000	40.0000	5005	15005	15000	100	15000	False	0.8520	0.9340	0.6920	0.7020	1.0000	17	6	4	3	1	0.3707	0.2433	0.1366	0.0770	0.0478	0.0000	0.0000	0.0000	-3.0660	1000	True	1237.3000
fresh	1000	10.0000	40.0000	40.0000	5006	15006	>20000	>20000	>20000	False	0.4420	0.5000	0.5140	0.5160	0.5160	21	11	5	2	2	0.3717	0.2362	0.1354	0.0806	0.0687	0.0000	0.0000	0.0000	-2.7880	1000	True	1267.8000
fresh	1000	10.0000	40.0000	40.0000	5007	15007	10000	10000	10000	False	0.7140	0.6920	0.7700	1.0000	1.0000	24	13	4	1	1	0.3759	0.2517	0.1330	0.0612	0.0532	0.0000	0.0000	0.0000	-2.8940	1000	True	1258.3000
fresh	1000	10.0000	40.0000	40.0000	5008	15008	500	200	1000	False	0.7420	0.8920	1.0000	1.0000	1.0000	17	6	1	1	1	0.3872	0.2369	0.1235	0.0552	0.0474	0.0000	0.0000	0.0000	-2.9700	1000	True	1311.7000
fresh	1000	10.0000	40.0000	40.0000	5009	15009	16500	16500	16500	False	0.8200	0.7400	0.7800	0.7980	1.0000	15	12	4	2	1	0.3691	0.2389	0.1451	0.0682	0.0504	0.0000	0.0000	0.0000	-2.9360	1000	True	981.6000
fresh	1000	10.0000	40.0000	40.0000	5010	15010	3500	3500	12000	False	0.7100	0.7980	0.8240	0.9220	1.0000	23	15	6	2	1	0.3781	0.2412	0.1419	0.0688	0.0564	0.0000	0.0000	0.0000	-3.2580	1000	True	949.9000
fresh	1000	10.0000	40.0000	40.0000	5011	15011	12000	12000	12000	False	0.4740	0.4180	0.6440	0.7920	1.0000	22	11	6	2	1	0.3589	0.2326	0.1228	0.0687	0.0474	0.0000	0.0000	0.0000	-2.7900	1000	True	1054.6000
fresh	1000	10.0000	40.0000	40.0000	5012	15012	>20000	10	>20000	False	0.9100	0.3840	0.4000	0.8000	0.8000	18	13	7	2	2	0.3711	0.2492	0.1488	0.0765	0.0659	0.0001	0.0000	0.0000	-2.7100	1000	True	948.4000
fresh	1000	10.0000	40.0000	40.0000	5013	15013	>20000	>20000	>20000	False	0.7120	0.8260	0.5940	0.5960	0.5960	19	12	4	3	3	0.3863	0.2517	0.1384	0.0816	0.0743	0.0000	0.0000	0.0000	-2.8440	1000	True	899.0000
fresh	1000	10.0000	40.0000	40.0000	5014	15014	>20000	>20000	>20000	False	0.6660	0.5100	0.6140	0.6140	0.6140	24	12	4	3	3	0.3789	0.2485	0.1346	0.0798	0.0780	0.0000	0.0000	0.0000	-2.6280	1000	True	971.3000
fresh	1000	10.0000	40.0000	40.0000	5015	15015	6000	6000	8500	False	0.6800	0.8240	0.8700	1.0000	1.0000	23	10	3	1	1	0.3761	0.2471	0.1400	0.0742	0.0724	0.0000	0.0000	0.0000	-2.7200	1000	True	1033.9000
fresh	1000	10.0000	40.0000	40.0000	5016	15016	3500	3500	8500	False	0.8600	0.8820	0.8940	1.0000	1.0000	15	10	6	1	1	0.3604	0.2395	0.1530	0.0895	0.0757	0.0000	0.0000	0.0000	-2.8380	1000	True	952.0000
fresh	1000	10.0000	40.0000	40.0000	5017	15017	1500	1500	>20000	False	0.7880	0.8040	0.8220	0.9880	0.9880	20	13	4	2	2	0.3591	0.2397	0.1497	0.0613	0.0530	0.0000	0.0000	0.0000	-3.0260	1000	True	906.2000
fresh	1000	10.0000	40.0000	40.0000	5018	15018	2500	100	>20000	False	0.8780	0.9220	0.8280	0.9920	0.9920	19	9	3	2	2	0.3814	0.2422	0.1395	0.0666	0.0537	0.0000	0.0000	0.0000	-2.8500	1000	True	868.5000
fresh	1000	10.0000	40.0000	40.0000	5019	15019	>20000	>20000	>20000	False	0.7700	0.7280	0.8880	0.4560	0.5660	24	12	3	3	2	0.3806	0.2464	0.1307	0.0798	0.0677	0.0000	0.0000	0.0000	-3.1200	1000	True	914.5000
fresh	1000	10.0000	40.0000	40.0000	5020	15020	500	500	3000	False	0.8200	0.6600	0.9420	1.0000	1.0000	17	8	3	1	1	0.3936	0.2466	0.1239	0.0691	0.0502	0.0000	0.0000	0.0000	-2.7560	1000	True	870.8000
incl	1000	10.0000	40.0000	40.0000	2001	12001	500	500	>20000	True	0.6060	0.6680	0.8580	0.8600	0.8600	20	13	4	3	2	0.3639	0.2488	0.1260	0.0844	0.0632	0.0014	0.0000	0.0000	-2.8400	1000	True	1281.3000
incl	1000	10.0000	40.0000	40.0000	2002	12002	>20000	>20000	>20000	False	0.7460	0.6860	0.7100	0.8600	0.8600	19	10	6	3	3	0.3816	0.2371	0.1420	0.0786	0.0702	0.0004	0.0000	0.0000	-2.8040	1000	True	1290.9000
incl	1000	10.0000	40.0000	40.0000	2003	12003	>20000	>20000	>20000	False	0.7840	0.3680	0.3980	0.4320	0.8300	22	11	4	3	2	0.3859	0.2454	0.1356	0.0845	0.0648	0.0000	0.0000	0.0000	-2.8980	1000	True	1310.3000
incl	1000	10.0000	40.0000	40.0000	2004	12004	500	500	6500	False	0.3820	0.7200	0.9600	1.0000	1.0000	22	11	3	1	1	0.3738	0.2416	0.1252	0.0734	0.0732	0.0000	0.0000	0.0000	-2.8780	1000	True	1223.9000
incl	1000	10.0000	40.0000	40.0000	2005	12005	500	200	8000	False	0.8020	0.5100	0.9680	1.0000	1.0000	18	13	4	1	1	0.3738	0.2513	0.1210	0.0650	0.0500	0.0000	0.0000	0.0000	-2.9240	1000	True	1293.5000
incl	1000	10.0000	40.0000	40.0000	2006	12006	2500	2500	13500	False	0.7880	0.7720	0.8200	0.9100	1.0000	15	10	4	2	1	0.3640	0.2459	0.1498	0.0747	0.0495	0.0000	0.0000	0.0000	-2.8300	1000	True	1333.8000
incl	1000	10.0000	40.0000	40.0000	2007	12007	>20000	>20000	>20000	False	0.5740	0.6680	0.7200	0.7840	0.7840	29	13	5	2	2	0.3586	0.2498	0.1243	0.0787	0.0653	0.0001	0.0000	0.0000	-2.8420	1000	True	1325.1000
incl	1000	10.0000	40.0000	40.0000	2008	12008	16000	200	16000	False	0.7540	0.7220	0.8200	0.8200	1.0000	13	6	2	2	1	0.3718	0.2494	0.1366	0.0794	0.0499	0.0000	0.0000	0.0000	-2.8800	1000	True	1315.5000
incl	1000	10.0000	40.0000	40.0000	2009	12009	>20000	>20000	>20000	False	0.7780	0.8040	0.5720	0.5760	0.5760	18	12	6	3	3	0.3630	0.2496	0.1336	0.0808	0.0808	0.0000	0.0000	0.0000	-2.6660	1000	True	1281.0000
incl	1000	10.0000	40.0000	40.0000	2010	12010	11000	11000	>20000	False	0.4400	0.4860	0.5120	0.5120	0.9140	24	12	5	3	2	0.3676	0.2550	0.1340	0.0810	0.0611	0.0000	0.0000	0.0000	-2.6320	1000	True	1351.6000
incl	1000	10.0000	40.0000	40.0000	2011	12011	1000	1000	10000	False	0.5940	0.5040	0.9640	1.0000	1.0000	10	7	3	1	1	0.3619	0.2439	0.1216	0.0838	0.0809	0.0000	0.0000	0.0000	-2.5980	1000	True	1282.0000
incl	1000	10.0000	40.0000	40.0000	2012	12012	500	100	>20000	False	0.7800	0.9160	0.9440	0.9940	0.9940	17	10	3	2	2	0.3800	0.2523	0.1269	0.0517	0.0509	0.0000	0.0000	0.0000	-2.6580	1000	True	1321.9000
incl	1000	10.0000	40.0000	40.0000	2013	12013	8500	10	8500	False	0.9040	0.6940	0.6620	1.0000	1.0000	17	12	5	1	1	0.3617	0.2427	0.1381	0.0536	0.0469	0.0000	0.0000	0.0000	-2.9340	1000	True	1400.4000
incl	1000	10.0000	40.0000	40.0000	2014	12014	20000	100	20000	False	0.4400	0.9420	0.4960	0.5040	1.0000	16	9	3	2	1	0.3591	0.2489	0.1163	0.0696	0.0679	0.0000	0.0000	0.0000	-3.0340	1000	True	1273.3000
incl	1000	10.0000	40.0000	40.0000	2015	12015	19000	19000	19000	False	0.8440	0.2460	0.6720	0.7760	1.0000	13	11	4	2	1	0.3678	0.2423	0.1374	0.0693	0.0568	0.0000	0.0000	0.0000	-2.7120	1000	True	1254.8000
incl	1000	10.0000	40.0000	40.0000	2016	12016	12500	12500	19500	False	0.5600	0.7000	0.8820	0.8840	1.0000	18	12	4	3	1	0.3787	0.2470	0.1264	0.0664	0.0476	0.0000	0.0000	0.0000	-2.8700	1000	True	1210.8000
incl	1000	10.0000	40.0000	40.0000	2017	12017	5500	5500	11000	False	0.4360	0.7780	0.8200	0.9960	1.0000	27	13	6	2	1	0.3794	0.2417	0.1321	0.0609	0.0491	0.0000	0.0000	0.0000	-2.8460	1000	True	1239.0000
incl	1000	10.0000	40.0000	40.0000	2018	12018	500	500	2500	False	0.6940	0.8800	0.9780	1.0000	1.0000	14	10	3	1	1	0.3712	0.2304	0.1347	0.0522	0.0465	0.0000	0.0000	0.0000	-2.6880	1000	True	1250.3000
incl	1000	10.0000	40.0000	40.0000	2019	12019	18500	18500	18500	False	0.7720	0.7660	0.7920	0.8960	1.0000	19	13	5	2	1	0.3529	0.2449	0.1383	0.0693	0.0589	0.0000	0.0000	0.0000	-2.7200	1000	True	1284.8000
incl	1000	10.0000	40.0000	40.0000	2020	12020	8500	8500	8500	False	0.3660	0.6960	0.7400	1.0000	1.0000	21	11	4	1	1	0.3678	0.2424	0.1422	0.0546	0.0486	0.0000	0.0000	0.0000	-2.9840	1000	True	1242.2000
incl	1000	10.0000	40.0000	40.0000	2021	12021	>20000	>20000	>20000	False	0.5980	0.6400	0.4640	0.4640	0.6740	20	11	6	4	3	0.3821	0.2472	0.1290	0.0984	0.0797	0.0000	0.0000	0.0000	-2.7400	1000	True	1250.6000
incl	1000	10.0000	40.0000	40.0000	2022	12022	6500	6500	7500	False	0.5840	0.6720	0.7500	1.0000	1.0000	23	13	5	1	1	0.3776	0.2452	0.1401	0.0568	0.0544	0.0000	0.0000	0.0000	-2.8140	1000	True	1241.2000
incl	1000	10.0000	40.0000	40.0000	2023	12023	500	500	>20000	False	0.8180	0.8420	0.9260	0.9780	0.9780	16	9	3	2	2	0.3835	0.2596	0.1336	0.0729	0.0553	0.0000	0.0000	0.0000	-2.9540	1000	True	1270.9000
incl	1000	10.0000	40.0000	40.0000	2024	12024	>20000	>20000	>20000	False	0.4740	0.6600	0.3480	0.5180	0.5180	22	13	8	2	2	0.3822	0.2523	0.1476	0.0729	0.0680	0.0000	0.0000	0.0000	-2.9260	1000	True	1294.7000
incl	1000	10.0000	40.0000	40.0000	2025	12025	1000	1000	6500	False	0.6340	0.8600	0.9140	1.0000	1.0000	25	15	3	1	1	0.3774	0.2567	0.1269	0.0471	0.0488	0.0000	0.0000	0.0000	-2.7680	1000	True	851.8000
incl	1000	10.0000	40.0000	40.0000	2026	12026	2000	2000	4000	False	0.4760	0.6720	0.8600	1.0000	1.0000	27	15	5	1	1	0.3787	0.2548	0.1460	0.0487	0.0473	0.0000	0.0000	0.0000	-2.7140	1000	True	848.9000
incl	1000	10.0000	40.0000	40.0000	2027	12027	1500	1500	>20000	False	0.7260	0.7680	0.8180	0.9300	0.9300	20	12	4	2	2	0.3692	0.2460	0.1361	0.0731	0.0593	0.0000	0.0000	0.0000	-2.9140	1000	True	828.5000
incl	1000	10.0000	40.0000	40.0000	2028	12028	>20000	>20000	>20000	False	0.4820	0.4800	0.8820	0.6860	0.6860	15	9	4	2	2	0.3670	0.2406	0.1437	0.0672	0.0667	0.0004	0.0000	0.0000	-2.7140	1000	True	836.5000
incl	1000	10.0000	40.0000	40.0000	2029	12029	13000	13000	13000	False	0.5420	0.5280	0.8120	0.8120	1.0000	13	6	4	2	1	0.3588	0.2365	0.1233	0.0650	0.0474	0.0000	0.0000	0.0000	-2.6580	1000	True	831.0000
incl	1000	10.0000	40.0000	40.0000	2030	12030	13000	13000	>20000	False	0.8020	0.5060	0.5260	0.5900	0.9400	22	12	5	3	2	0.3814	0.2464	0.1265	0.0770	0.0599	0.0000	0.0000	0.0000	-2.9940	1000	True	841.0000
