point	k	largest@1e4 (mean±SE)	Δ vs dist (p)	frac ≥0.90 @1e4	frac t90≤5000	Δ vs dist (p)	frac t90≤1e4	frac t90≤2e4	t90 median [IQR]	t90 restricted mean	largest@2e4	F_dl@1e4	Δ vs dist (p)	F_dl@10	F_dl@100	F_dl@1e3	F_dM@1e4	clusters@1e4	Δa@1e3 (l−d)
dist (T = 10, n = 1000, page)	30	0.826 ± 0.036	—	0.47 ± 0.09	0.37 ± 0.09	—	0.50 ± 0.09	0.77 ± 0.08	8500 [1000, 20000]	10100	0.918 ± 0.025	0.0697 ± 0.0023	—	0.371 ± 0.002	0.247 ± 0.001	0.133 ± 0.002	0.0000 ± 0.0000	2.00 ± 0.15	-2.81 ± 0.02
(a) T = 5	16	0.674 ± 0.051	-0.152 (p=0.016)	0.12 ± 0.08	0.12 ± 0.08	-0.242 (p=0.100)	0.12 ± 0.08	0.12 ± 0.08	>20000 [>20000, >20000]	17688	0.675 ± 0.051	0.1208 ± 0.0035	+0.0511 (p=0.000)	0.387 ± 0.003	0.297 ± 0.002	0.187 ± 0.003	0.0001 ± 0.0000	7.06 ± 0.50	-2.82 ± 0.03
(a) T = 7	16	0.719 ± 0.043	-0.108 (p=0.070)	0.06 ± 0.06	0.00 ± 0.03	-0.367 (p=0.008)	0.06 ± 0.06	0.12 ± 0.08	>20000 [>20000, >20000]	18906	0.750 ± 0.042	0.0967 ± 0.0040	+0.0270 (p=0.000)	0.379 ± 0.002	0.267 ± 0.002	0.155 ± 0.002	0.0000 ± 0.0000	4.50 ± 0.46	-2.88 ± 0.04
(a) T = 14	16	0.904 ± 0.041	+0.078 (p=0.178)	0.75 ± 0.11	0.75 ± 0.11	+0.383 (p=0.027)	0.81 ± 0.10	1.00 ± 0.03	500 [500, 5000]	4031	0.976 ± 0.024	0.0638 ± 0.0021	-0.0059 (p=0.096)	0.366 ± 0.002	0.235 ± 0.002	0.123 ± 0.002	0.0000 ± 0.0000	1.31 ± 0.12	-2.73 ± 0.04
(a) T = 20	16	0.979 ± 0.021	+0.153 (p=0.004)	0.94 ± 0.06	0.75 ± 0.11	+0.383 (p=0.027)	0.94 ± 0.06	1.00 ± 0.03	1500 [500, 5000]	3719	1.000 ± 0.000	0.0684 ± 0.0031	-0.0013 (p=0.725)	0.362 ± 0.002	0.230 ± 0.002	0.124 ± 0.002	0.0000 ± 0.0000	1.06 ± 0.06	-2.75 ± 0.04
(b) equal sizes	16	0.738 ± 0.038	-0.088 (p=0.122)	0.19 ± 0.10	0.12 ± 0.08	-0.242 (p=0.098)	0.19 ± 0.10	0.56 ± 0.12	18500 [11000, >20000]	15156	0.835 ± 0.048	0.0751 ± 0.0016	+0.0054 (p=0.111)	0.373 ± 0.002	0.248 ± 0.001	0.136 ± 0.002	0.0000 ± 0.0000	2.69 ± 0.20	-0.16 ± 0.04
(c) n = 500	16	0.898 ± 0.042	+0.072 (p=0.218)	0.69 ± 0.12	0.62 ± 0.12	+0.258 (p=0.125)	0.69 ± 0.12	1.00 ± 0.03	2000 [500, 10500]	4906	1.000 ± 0.000	0.0798 ± 0.0040	+0.0101 (p=0.021)	0.363 ± 0.003	0.244 ± 0.002	0.136 ± 0.004	0.0000 ± 0.0000	1.38 ± 0.12	-2.63 ± 0.06
(c) n = 1500	16	0.814 ± 0.042	-0.012 (p=0.837)	0.38 ± 0.12	0.25 ± 0.11	-0.117 (p=0.512)	0.38 ± 0.12	0.50 ± 0.12	16000 [3000, >20000]	13344	0.829 ± 0.043	0.0702 ± 0.0019	+0.0005 (p=0.879)	0.379 ± 0.002	0.249 ± 0.002	0.135 ± 0.001	0.0000 ± 0.0000	2.50 ± 0.27	-2.90 ± 0.03
fresh (page, seeds 5001–5020)	20	0.850 ± 0.041	+0.024 (p=0.671)	0.55 ± 0.11	0.45 ± 0.11	+0.083 (p=0.772)	0.55 ± 0.11	0.75 ± 0.10	6000 [2000, 16500]	9525	0.903 ± 0.039	0.0720 ± 0.0020	+0.0023 (p=0.477)	0.375 ± 0.002	0.244 ± 0.001	0.136 ± 0.002	0.0000 ± 0.0000	1.85 ± 0.17	-2.86 ± 0.04
