k	file	rows	bytes	sha256
0	Potts.jl_5T_MonolayerGrowth_1000_Data/cell_data_no_inhibition_0.csv	1000	81216	88dcea59042cc78ff104d65d34f23dcc06100aec6e68150f1ef8cf224194a39e
1	Potts.jl_5T_MonolayerGrowth_1000_Data/cell_data_no_inhibition_1.csv	1000	81087	e298acc40de37ffc8360c0549a8efb240b1b53f181a296628d9f7fab163ff0ad
2	Potts.jl_5T_MonolayerGrowth_1000_Data/cell_data_no_inhibition_2.csv	1000	80939	8e296154bb85e92c31061ea1f62d2e08321705eca8b1ebc443975aced9956af0
3	Potts.jl_5T_MonolayerGrowth_1000_Data/cell_data_no_inhibition_3.csv	1001	81253	891fbc2d10951ed14d00963bfe98c06eb85b99f8a3d0b567795a34d6cbba72f8
4	Potts.jl_5T_MonolayerGrowth_1000_Data/cell_data_no_inhibition_4.csv	1000	81188	c45336501d59af1249aa6a1f1da116d402ab13748c088f6e8ba94998a0892590
5	Potts.jl_5T_MonolayerGrowth_1000_Data/cell_data_no_inhibition_5.csv	1000	81125	d52a397fb49b7d11ac992bc155399c8aa8c7665e23f410cb8b6f5a5a0e2a245c
6	Potts.jl_5T_MonolayerGrowth_1000_Data/cell_data_no_inhibition_6.csv	1000	81095	2f3dbff1eefc70fa7979a9ecfa22276f316c40317638c59bdbbc6f8af131f43c
7	Potts.jl_5T_MonolayerGrowth_1000_Data/cell_data_no_inhibition_7.csv	1000	81194	2942acacc57f6e15c0c648089698746ba10da0fb49ae95c7e037362ccce1a650
8	Potts.jl_5T_MonolayerGrowth_1000_Data/cell_data_no_inhibition_8.csv	1000	81107	0e77335b423771f2bceecefb12ee8c5c68b16206aa10321776828ca37a5d5174
9	Potts.jl_5T_MonolayerGrowth_1000_Data/cell_data_no_inhibition_9.csv	1001	81199	190b8934d0e3996be777b907f6c8c05dc121b7706196e5544ab18c633a1e9929
10	Potts.jl_5T_MonolayerGrowth_1000_Data/cell_data_no_inhibition_10.csv	1000	81071	c059b8cdfbad0e7ca96fda836b7be41e9e316e555fb213c9a0e587fce69e522c
11	Potts.jl_5T_MonolayerGrowth_1000_Data/cell_data_no_inhibition_11.csv	1000	81110	3f5201b9a7919d94d87c18d85d8e14ff6ab62e3af56e7bcdd6713e0f9b6dde54
12	Potts.jl_5T_MonolayerGrowth_1000_Data/cell_data_no_inhibition_12.csv	1000	81095	47b810b8424cf7bc7ce647374169acc57be56f17ab28a219a5b7c699f0ba1299
13	Potts.jl_5T_MonolayerGrowth_1000_Data/cell_data_no_inhibition_13.csv	1000	81297	d7d42f4b199a6dec1d8160cf69db971e53adc7110074570953bea3259183deba
14	Potts.jl_5T_MonolayerGrowth_1000_Data/cell_data_no_inhibition_14.csv	1000	81191	c532f6bb8ff25dfd033edaa356f6bb770d9ac0b8eb9a5affba907e345a9ebdce
15	Potts.jl_5T_MonolayerGrowth_1000_Data/cell_data_no_inhibition_15.csv	1002	81209	8d808d9cfd3835dbd17d60db4ce22ecbbb66a533777c7d8aae9e24c6d8b47090
16	Potts.jl_5T_MonolayerGrowth_1000_Data/cell_data_no_inhibition_16.csv	1000	81228	83f8c0ec12e0af01dd12fe9588799bc90f800d7bd213b6c0ddb3449f1ff80e0a
17	Potts.jl_5T_MonolayerGrowth_1000_Data/cell_data_no_inhibition_17.csv	1001	81375	cb2e3ad49464f2b4cb7a27c7d5811693b74801d250b85f7d9475f17758209a9c
18	Potts.jl_5T_MonolayerGrowth_1000_Data/cell_data_no_inhibition_18.csv	1001	81201	5f01aa500e009034c4c9c118f52cf7e95370774f3cbb7b9b312b55378f3a9baa
19	Potts.jl_5T_MonolayerGrowth_1000_Data/cell_data_no_inhibition_19.csv	1000	81059	1a3ec0c3f4fcc795cc6863e3989fabff48e0c61dbc213350939e99e17a8497aa
20	Potts.jl_5T_MonolayerGrowth_1000_Data/cell_data_no_inhibition_20.csv	1000	81272	c6947092abe7292a4ccf147c29e8bdc743af77903b58bd158d9cb903b1c95dd5
21	Potts.jl_5T_MonolayerGrowth_1000_Data/cell_data_no_inhibition_21.csv	1000	81280	502d1e40359659d4d1a81742c9be51e82ef25e688bf51d388023a7d3c14abbb3
22	Potts.jl_5T_MonolayerGrowth_1000_Data/cell_data_no_inhibition_22.csv	1000	81261	193df4af1615e95e1c5074b247a990f71c32729fef2b2833b6d095c3a4a083b2
23	Potts.jl_5T_MonolayerGrowth_1000_Data/cell_data_no_inhibition_23.csv	1000	81188	ebedec80036cddfb9c25cb36c843a27e4d0357a751a66da7da9c09a37feb0ab8
24	Potts.jl_5T_MonolayerGrowth_1000_Data/cell_data_no_inhibition_24.csv	1000	81111	248f22fdddcdefdbb387c8a9a6479b9b9623a1c84b0ca532e1b862629d698949
25	Potts.jl_5T_MonolayerGrowth_1000_Data/cell_data_no_inhibition_25.csv	1000	81163	e710fdb23671a06a60ee0636d53c6e071eaf47ddf4d76c897c1ad333a2f4ab7c
26	Potts.jl_5T_MonolayerGrowth_1000_Data/cell_data_no_inhibition_26.csv	1000	81253	da6427924af0e0e579c8bf8d8e3d9a4f2b6831897637bc1ba0557362ae398a0f
27	Potts.jl_5T_MonolayerGrowth_1000_Data/cell_data_no_inhibition_27.csv	1000	81248	0a5c8c2b450a5b19d91406253364dd18d92a443e01cd183d4b761913003957e1
28	Potts.jl_5T_MonolayerGrowth_1000_Data/cell_data_no_inhibition_28.csv	1000	81269	824b0fa1432abec6570ab4d270d3a0cd2e0b34152963309e4f4749033d096564
29	Potts.jl_5T_MonolayerGrowth_1000_Data/cell_data_no_inhibition_29.csv	1000	81152	33c6137a64c10e3e5cf3bbf8afbf14b4eaca669c019515e05626d131c97adc71
30	Potts.jl_5T_MonolayerGrowth_1000_Data/cell_data_no_inhibition_30.csv	1000	81190	7209cb0733d6c82e5d1b7a6d43f1dde619e54f4f561309e2730328298d13325f
31	Potts.jl_5T_MonolayerGrowth_1000_Data/cell_data_no_inhibition_31.csv	1000	81244	26dc9c44850b7ef82af2943b98d7fbdd5b6f9423e9acf48842e36919d4417c4d
32	Potts.jl_5T_MonolayerGrowth_1000_Data/cell_data_no_inhibition_32.csv	1001	81387	fc73e8a0a0ab7946f41accaf707ee681f92a1cbf0703114347e79f0e44aa2447
33	Potts.jl_5T_MonolayerGrowth_1000_Data/cell_data_no_inhibition_33.csv	1001	81324	6af11cbec56123fed5a3bdcc64d6e1539ba9d91169f15a9ead224fc094e05db7
34	Potts.jl_5T_MonolayerGrowth_1000_Data/cell_data_no_inhibition_34.csv	1000	81281	e3f9dda1c165eb9582feb15f75f327d83cd44c6e409ce796a0bfda97c54ba476
35	Potts.jl_5T_MonolayerGrowth_1000_Data/cell_data_no_inhibition_35.csv	1001	81097	274cf2ae5961a8ad4cbbfba7f03af9c4fae14d124b6480682a3216a86b766a72
36	Potts.jl_5T_MonolayerGrowth_1000_Data/cell_data_no_inhibition_36.csv	1001	81373	01b953dddcf4ad28f9097acdd2b53422762e7e202d52f88493bc7de262ed3ebb
37	Potts.jl_5T_MonolayerGrowth_1000_Data/cell_data_no_inhibition_37.csv	1001	81382	e6038986c4846c6bacdc0504d4c3a51b22cb959bcb5d56c39ffaaa9a5d7e9dd2
38	Potts.jl_5T_MonolayerGrowth_1000_Data/cell_data_no_inhibition_38.csv	1000	81164	f446a3640156b9d0492b2e7cbb6f43ee611fb8a2c4a1bd5ae49070344eaf1ced
39	Potts.jl_5T_MonolayerGrowth_1000_Data/cell_data_no_inhibition_39.csv	1000	81204	ecafb40097b37418d9ff1e37489526c9d34b31343ebdc4d606f20f77d8971837
40	Potts.jl_5T_MonolayerGrowth_1000_Data/cell_data_no_inhibition_40.csv	1000	81219	ab2abbfcdb0d545db844c58c9546320e9cc527dc9cc2ebef982f2ea915f3429c
41	Potts.jl_5T_MonolayerGrowth_1000_Data/cell_data_no_inhibition_41.csv	1001	81264	e56f1ab2aa59ab18d1a8c704bdadcd12468fc93f101bc5dee4d0b620b0322d87
42	Potts.jl_5T_MonolayerGrowth_1000_Data/cell_data_no_inhibition_42.csv	1000	81013	5272b3ff10067f802ef5ceeb1d577fb6b2f0f8b4456f6e66a60958ae2ec4115a
43	Potts.jl_5T_MonolayerGrowth_1000_Data/cell_data_no_inhibition_43.csv	1002	81272	e11d62bac930fcf87f32186bbab1eb25f55606604798aef19c607a8ffb3334b9
44	Potts.jl_5T_MonolayerGrowth_1000_Data/cell_data_no_inhibition_44.csv	1000	81187	1f60a79d9e7264ffe6e1494b651cdfe3c0f8b2e3540fed5205820bbce52c8abe
45	Potts.jl_5T_MonolayerGrowth_1000_Data/cell_data_no_inhibition_45.csv	1001	81317	fec64d24706191ef9374ddfc6e9b543182c09e22005316cfccc32df049bc22c6
46	Potts.jl_5T_MonolayerGrowth_1000_Data/cell_data_no_inhibition_46.csv	1003	81517	11e06d5eeca99c829b73dfe7a6813698f489c08dcf4d614c534dc5a6d9a7f026
47	Potts.jl_5T_MonolayerGrowth_1000_Data/cell_data_no_inhibition_47.csv	1001	81231	e5b6acbbbd123923782e3f405aedbe9ac53a61b8a4ced33650a77d0eefd19581
48	Potts.jl_5T_MonolayerGrowth_1000_Data/cell_data_no_inhibition_48.csv	1000	81448	c76ca2c811043cbfe153c939de5340090129d2202c4b8229656df56e5fb1b530
49	Potts.jl_5T_MonolayerGrowth_1000_Data/cell_data_no_inhibition_49.csv	1000	81185	efc9912d65e599367af6ef8894cfd9212d197bafa9854d5c94d2fd49de1af8c0
50	Potts.jl_5T_MonolayerGrowth_1000_Data/cell_data_no_inhibition_50.csv	1000	81256	7113272e04a793bdcfcee9149b083f3531207963bb7447d5a3591af1f3196f6d
51	Potts.jl_5T_MonolayerGrowth_1000_Data/cell_data_no_inhibition_51.csv	1000	81130	db023f2b586b5cf26a2c7ffae0dcad4ddf8a5a2d7e066453b4a7120d09e964f3
52	Potts.jl_5T_MonolayerGrowth_1000_Data/cell_data_no_inhibition_52.csv	1000	81107	7ddc7b88481e615bf0db472d74e3aa321b12271ff0609d0bb5a6774a6d0ef22e
53	Potts.jl_5T_MonolayerGrowth_1000_Data/cell_data_no_inhibition_53.csv	1003	81284	8f707073814c2e47ed92f9a3fc9429a3fc7d6b090f48381b5e477230984e19c7
54	Potts.jl_5T_MonolayerGrowth_1000_Data/cell_data_no_inhibition_54.csv	1000	81228	0f358b05b9c8ba1409c89d661f7f096794c5153117713351956d6a3f32f495fa
55	Potts.jl_5T_MonolayerGrowth_1000_Data/cell_data_no_inhibition_55.csv	1000	81277	ae6fd9cbf4e7841da401f47e9089378f762abb3d2bee79227d1f87f0e7204925
56	Potts.jl_5T_MonolayerGrowth_1000_Data/cell_data_no_inhibition_56.csv	1000	81283	8067ab918bc4431cdeed5fe576024cade68a97ddb0f3589afa73ff6a1dd27b22
57	Potts.jl_5T_MonolayerGrowth_1000_Data/cell_data_no_inhibition_57.csv	1000	81237	25fbfb1ed50a3a3623a7a698ab0ba21ad088aea60882fadc38656cdf91b2f582
58	Potts.jl_5T_MonolayerGrowth_1000_Data/cell_data_no_inhibition_58.csv	1000	81299	0e336593127a597752ab99dd5227cc0a4294916c75a1a95a36be35e5adc74fe5
59	Potts.jl_5T_MonolayerGrowth_1000_Data/cell_data_no_inhibition_59.csv	1001	81312	ae217458ca7f61e9e6320d1295864f04e77e8867610da622f5509a508c49657c
60	Potts.jl_5T_MonolayerGrowth_1000_Data/cell_data_no_inhibition_60.csv	1000	81257	fbfd51ab158e93b47d7822b84320e8b0b3c880a88275dcd3e6714403a342af01
61	Potts.jl_5T_MonolayerGrowth_1000_Data/cell_data_no_inhibition_61.csv	1000	81127	c6daa133067ac22722aa288ac1a786e7e27623fc5633d3dec1f993d99c0faae9
62	Potts.jl_5T_MonolayerGrowth_1000_Data/cell_data_no_inhibition_62.csv	1000	81284	5aa5e0a973193d6aa8574df6c9025dcbe4f27a05628a85bfef4abe22937e4b5f
63	Potts.jl_5T_MonolayerGrowth_1000_Data/cell_data_no_inhibition_63.csv	1000	81066	49f1af2ddea402c2272ad9a6e3d6656e745d2dd3a07c06585d18260377ed26cf
64	Potts.jl_5T_MonolayerGrowth_1000_Data/cell_data_no_inhibition_64.csv	1000	81189	31be07278836a78487be199ca6286d69ec7cd7aa9162aaee64301b148808789e
65	Potts.jl_5T_MonolayerGrowth_1000_Data/cell_data_no_inhibition_65.csv	1000	81128	e48dd51c261184eaa1e2ea9ad6e7940ce3ad1b97631094a769bda7ff4a0bfa24
66	Potts.jl_5T_MonolayerGrowth_1000_Data/cell_data_no_inhibition_66.csv	1000	81101	56f8f1b0ca771e0ca7c3d09e462dc0e5830278a6ab9baee1f95c53a042fe1a6f
67	Potts.jl_5T_MonolayerGrowth_1000_Data/cell_data_no_inhibition_67.csv	1000	81056	1f77392c912ac20eb3216d56809a09b16ccc8478239ceeecde0556784bdb5820
68	Potts.jl_5T_MonolayerGrowth_1000_Data/cell_data_no_inhibition_68.csv	1002	81398	bd1bc819830dfb4b44e70efca5e58f3d510d9dfab72585ca10f1476747c03bdb
69	Potts.jl_5T_MonolayerGrowth_1000_Data/cell_data_no_inhibition_69.csv	1000	81199	e8522511783007e459249af7c9715ffd2363578015cec9c99c68456e44795d31
70	Potts.jl_5T_MonolayerGrowth_1000_Data/cell_data_no_inhibition_70.csv	1000	81224	85dbeffe7efc9011bcf5090ce892f16e155f084cfcb99f1ac68e4930d953ba32
71	Potts.jl_5T_MonolayerGrowth_1000_Data/cell_data_no_inhibition_71.csv	1000	81163	1ee1390b1dd6cd406bd6efd7d76f4e11bde27dc3d67f23f712aaf271e28e4932
72	Potts.jl_5T_MonolayerGrowth_1000_Data/cell_data_no_inhibition_72.csv	1000	81225	76e014353c8e5af8f4858c424e43403635471cdea2290e037c2ea429382d19fe
73	Potts.jl_5T_MonolayerGrowth_1000_Data/cell_data_no_inhibition_73.csv	1000	81176	ef3c25a9487e3640a9d559deb60a924dbb0c96dfddefffac402261d83947cbbb
74	Potts.jl_5T_MonolayerGrowth_1000_Data/cell_data_no_inhibition_74.csv	1000	81297	e9367682260db4429e4adc07780d17ea4268a72cbf24fd3977ca413f9719ecb4
75	Potts.jl_5T_MonolayerGrowth_1000_Data/cell_data_no_inhibition_75.csv	1000	81253	d1eeaea0e34bde23b008d1adb3f57014c519d1e83fb93261501ffe662985defd
76	Potts.jl_5T_MonolayerGrowth_1000_Data/cell_data_no_inhibition_76.csv	1000	81312	d82aee5d23e9feead0de2d78bb130f9e51f20226b79d1938a51aada043314cf7
77	Potts.jl_5T_MonolayerGrowth_1000_Data/cell_data_no_inhibition_77.csv	1000	81107	8614c733a5ad7b9d1f53a5759a58ff39eef22d47231ff339d8664f1f9ddf0996
78	Potts.jl_5T_MonolayerGrowth_1000_Data/cell_data_no_inhibition_78.csv	1000	81232	d33ecd4f719d4381122ff5dec7edee02031f4be01798feac59349db06993f415
79	Potts.jl_5T_MonolayerGrowth_1000_Data/cell_data_no_inhibition_79.csv	1000	81128	9583998424b543104558a4e7f1da466f32205865b95c13b398d160540a0247bf
80	Potts.jl_5T_MonolayerGrowth_1000_Data/cell_data_no_inhibition_80.csv	1000	81045	e4d645122555c244bb3e5ca4b56ffd119523597bef3da42d7ee6c7c0f760ad90
81	Potts.jl_5T_MonolayerGrowth_1000_Data/cell_data_no_inhibition_81.csv	1000	81192	76927a67f7f7435ef3128bf94a9c79fe260e6345b3015f1f7684f84ea2494086
82	Potts.jl_5T_MonolayerGrowth_1000_Data/cell_data_no_inhibition_82.csv	1000	81073	808607aa6411c9c9aeb342fe53654b128e64b1cad0ba919054a6b602094eb99a
83	Potts.jl_5T_MonolayerGrowth_1000_Data/cell_data_no_inhibition_83.csv	1000	81028	6f34e39e4fa517565f7c1eadb58c02d129d86edd5463e74f3e50d759ff53b4bc
84	Potts.jl_5T_MonolayerGrowth_1000_Data/cell_data_no_inhibition_84.csv	1000	81142	cc512e931555cb562a3bc9fb720a5b2aeae02899066e574264b607683d5fcdab
85	Potts.jl_5T_MonolayerGrowth_1000_Data/cell_data_no_inhibition_85.csv	1000	80948	ccc38f9b9b2d85698db34230fcdb91e907c8e1f34a96446cfcc16c390f286634
86	Potts.jl_5T_MonolayerGrowth_1000_Data/cell_data_no_inhibition_86.csv	1000	81111	d802fd8820fd730a1e687e76b550b7e89251bd2cd5f80ea82981858ed3ddf9c5
87	Potts.jl_5T_MonolayerGrowth_1000_Data/cell_data_no_inhibition_87.csv	1000	81174	80a49f79de15fa7b4fc03b622792df65b2f9c61b69ddce26f8a2851c317da598
88	Potts.jl_5T_MonolayerGrowth_1000_Data/cell_data_no_inhibition_88.csv	1001	81201	2f63c5c4d9055ea3c2c98afc947c4152e23a3a1249560c3f3cb0cb81bd15e694
89	Potts.jl_5T_MonolayerGrowth_1000_Data/cell_data_no_inhibition_89.csv	1000	81209	61a156dd3dcdd81d73ff3f35c7a5913dc38075bbf90fca1519a7675496e7e66a
90	Potts.jl_5T_MonolayerGrowth_1000_Data/cell_data_no_inhibition_90.csv	1000	81256	9e111d232100a9654d9447d08f2d122af7e76e0dce83bcaaeddd9ef654f967f3
91	Potts.jl_5T_MonolayerGrowth_1000_Data/cell_data_no_inhibition_91.csv	1000	81063	86782d40c13acac219488433d133c7ea82a8095e267af4c114b4a9fc2ea26e45
92	Potts.jl_5T_MonolayerGrowth_1000_Data/cell_data_no_inhibition_92.csv	1001	81198	925d334bb27771b5209baf824321645c98888d4faac9a761d75bb581990591a9
93	Potts.jl_5T_MonolayerGrowth_1000_Data/cell_data_no_inhibition_93.csv	1000	81217	58788444ca841d074afa2d0451053a3e56c9459acccfa212481d77faf92371ef
94	Potts.jl_5T_MonolayerGrowth_1000_Data/cell_data_no_inhibition_94.csv	1000	81098	26d11bac2ed152f2faebdfa30448249d3f4bebcf7c3bfac3058527a96e0f295f
95	Potts.jl_5T_MonolayerGrowth_1000_Data/cell_data_no_inhibition_95.csv	1000	81221	08facff8569f9db001d5b6d8de0074e17f6650f482e72683d7d8ba82434810d1
96	Potts.jl_5T_MonolayerGrowth_1000_Data/cell_data_no_inhibition_96.csv	1001	81297	501ef5216fa07fccdca532b6a6c0ac0466a945cd58c40264dde3eda9319b022b
97	Potts.jl_5T_MonolayerGrowth_1000_Data/cell_data_no_inhibition_97.csv	1001	81264	f64138d258059a62cce674dd03eb48a602a133727d7aea7f284d944fbc5b4671
98	Potts.jl_5T_MonolayerGrowth_1000_Data/cell_data_no_inhibition_98.csv	1000	81187	0177cb93abd6473fedfcaa8c6bff4ae58b133ec1cadb036afb9d37402f6a8d24
99	Potts.jl_5T_MonolayerGrowth_1000_Data/cell_data_no_inhibition_99.csv	1000	81195	9f0e1c93076bd4a1249dd1ba5854af749dccffb8b6ae1e41d2905e05a9bb1c25
