slice_point	J_LF	lambda	PP	replicate	seed	paper_mcs	invasive	infiltrative	singles	fingers	detached	clusters	divisions
1	-5.0	0.0	0.5	1	1000101	700	2522.0	2522.0	0	0	0	0	95
1	-5.0	0.0	0.5	2	1000102	700	1998.0	1998.0	0	0	0	0	108
1	-5.0	0.0	0.5	3	1000103	700	3031.0	3031.0	0	0	0	0	115
1	-5.0	0.0	0.5	4	1000104	700	2824.5	2824.5	0	0	0	0	104
1	-5.0	0.0	0.5	5	1000105	700	2596.0	2596.0	0	0	0	0	97
1	-5.0	0.0	0.5	6	1000106	700	2533.5	2533.5	0	0	0	0	100
1	-5.0	0.0	0.5	7	1000107	700	2456.0	2456.0	0	0	0	0	86
1	-5.0	0.0	0.5	8	1000108	700	2357.0	2357.0	0	0	0	0	95
1	-5.0	0.0	0.5	9	1000109	700	2423.0	2423.0	0	0	0	0	95
1	-5.0	0.0	0.5	10	1000110	700	2264.5	2264.5	0	0	0	0	103
2	-5.0	3.0	0.5	1	1000201	700	2422.0	2422.0	0	0	0	0	95
2	-5.0	3.0	0.5	2	1000202	700	3072.0	3072.0	0	0	0	0	107
2	-5.0	3.0	0.5	3	1000203	700	1699.0	1699.0	0	0	0	0	108
2	-5.0	3.0	0.5	4	1000204	700	3238.5	3238.5	0	0	0	0	124
2	-5.0	3.0	0.5	5	1000205	700	2130.0	2130.0	0	0	0	0	98
2	-5.0	3.0	0.5	6	1000206	700	1907.0	1907.0	0	0	0	0	110
2	-5.0	3.0	0.5	7	1000207	700	3104.5	3104.5	0	0	0	0	109
2	-5.0	3.0	0.5	8	1000208	700	2170.0	2170.0	0	0	0	0	112
2	-5.0	3.0	0.5	9	1000209	700	3308.5	3308.5	0	0	0	0	99
2	-5.0	3.0	0.5	10	1000210	700	2489.5	2489.5	0	0	0	0	110
3	-5.0	6.0	0.5	1	1000301	700	2544.0	2544.0	0	0	0	0	109
3	-5.0	6.0	0.5	2	1000302	700	2758.5	2758.5	0	0	0	0	115
3	-5.0	6.0	0.5	3	1000303	700	2567.0	2567.0	0	0	0	0	108
3	-5.0	6.0	0.5	4	1000304	700	3254.0	3254.0	0	0	0	0	124
3	-5.0	6.0	0.5	5	1000305	700	2285.5	2285.5	0	0	0	0	116
3	-5.0	6.0	0.5	6	1000306	700	2041.5	2041.5	0	0	0	0	118
3	-5.0	6.0	0.5	7	1000307	700	3433.0	3433.0	0	0	0	0	120
3	-5.0	6.0	0.5	8	1000308	700	2552.5	2552.5	0	0	0	0	132
3	-5.0	6.0	0.5	9	1000309	700	4185.0	4185.0	0	0	0	0	115
3	-5.0	6.0	0.5	10	1000310	700	2640.5	2640.5	0	0	0	0	126
4	-5.0	9.0	0.5	1	1000401	700	2897.0	2897.0	0	0	0	0	141
4	-5.0	9.0	0.5	2	1000402	700	2224.0	2224.0	0	0	0	0	138
4	-5.0	9.0	0.5	3	1000403	700	3419.0	3419.0	0	0	0	0	113
4	-5.0	9.0	0.5	4	1000404	700	2313.0	2313.0	0	0	0	0	151
4	-5.0	9.0	0.5	5	1000405	700	2369.5	2369.5	0	0	0	0	136
4	-5.0	9.0	0.5	6	1000406	700	2593.0	2593.0	0	1	0	0	106
4	-5.0	9.0	0.5	7	1000407	700	2342.0	2342.0	0	1	0	0	120
4	-5.0	9.0	0.5	8	1000408	700	2898.0	2898.0	0	0	0	0	145
4	-5.0	9.0	0.5	9	1000409	700	1903.0	1903.0	0	0	0	0	134
4	-5.0	9.0	0.5	10	1000410	700	2972.0	2972.0	0	0	0	0	134
5	-5.0	12.0	0.5	1	1000501	700	2158.0	2158.0	0	1	0	0	158
5	-5.0	12.0	0.5	2	1000502	700	2206.5	2206.5	0	0	0	0	169
5	-5.0	12.0	0.5	3	1000503	700	3409.0	3409.0	0	0	0	0	137
5	-5.0	12.0	0.5	4	1000504	700	2572.0	2572.0	0	1	0	0	154
5	-5.0	12.0	0.5	5	1000505	700	3459.0	3459.0	0	2	0	0	156
5	-5.0	12.0	0.5	6	1000506	700	2269.0	2269.0	0	1	0	0	183
5	-5.0	12.0	0.5	7	1000507	700	1809.0	1809.0	0	0	0	0	142
5	-5.0	12.0	0.5	8	1000508	700	2308.0	2308.0	0	0	0	0	145
5	-5.0	12.0	0.5	9	1000509	700	2932.0	2932.0	0	0	0	0	163
5	-5.0	12.0	0.5	10	1000510	700	2883.0	2883.0	0	0	0	0	147
6	-5.0	15.0	0.5	1	1000601	700	2120.0	2120.0	0	0	0	0	147
6	-5.0	15.0	0.5	2	1000602	700	4212.0	4212.0	0	0	0	0	187
6	-5.0	15.0	0.5	3	1000603	700	2289.0	2289.0	0	1	0	0	160
6	-5.0	15.0	0.5	4	1000604	700	2446.0	2446.0	0	1	0	0	170
6	-5.0	15.0	0.5	5	1000605	700	3492.5	3492.5	0	1	0	0	168
6	-5.0	15.0	0.5	6	1000606	700	2987.5	2987.5	0	0	0	0	169
6	-5.0	15.0	0.5	7	1000607	700	3166.5	3166.5	0	2	0	0	180
6	-5.0	15.0	0.5	8	1000608	700	2976.0	2976.0	0	1	0	0	168
6	-5.0	15.0	0.5	9	1000609	700	2410.5	2410.5	0	1	0	0	186
6	-5.0	15.0	0.5	10	1000610	700	2736.5	2736.5	0	1	0	0	174
7	-5.0	18.0	0.5	1	1000701	700	3284.5	3284.5	0	0	0	0	227
7	-5.0	18.0	0.5	2	1000702	700	1825.0	1825.0	0	1	0	0	212
7	-5.0	18.0	0.5	3	1000703	700	2822.0	2822.0	0	1	0	0	231
7	-5.0	18.0	0.5	4	1000704	700	2172.5	2172.5	0	1	0	0	223
7	-5.0	18.0	0.5	5	1000705	700	2709.0	2709.0	0	0	0	0	194
7	-5.0	18.0	0.5	6	1000706	700	3180.0	3180.0	0	2	0	0	231
7	-5.0	18.0	0.5	7	1000707	700	3406.0	3406.0	0	0	0	0	250
7	-5.0	18.0	0.5	8	1000708	700	4124.5	4124.5	0	3	0	0	218
7	-5.0	18.0	0.5	9	1000709	700	3372.0	3372.0	0	1	0	0	217
7	-5.0	18.0	0.5	10	1000710	700	2893.0	2893.0	0	2	0	0	189
8	-5.0	21.0	0.5	1	1000801	700	3114.5	3114.5	0	1	0	0	257
8	-5.0	21.0	0.5	2	1000802	700	2296.0	2296.0	0	0	0	0	244
8	-5.0	21.0	0.5	3	1000803	700	3220.5	3220.5	0	2	0	0	232
8	-5.0	21.0	0.5	4	1000804	700	4377.5	4377.5	0	2	0	0	241
8	-5.0	21.0	0.5	5	1000805	700	3074.0	3074.0	0	2	0	0	265
8	-5.0	21.0	0.5	6	1000806	700	2660.0	2660.0	0	2	0	0	258
8	-5.0	21.0	0.5	7	1000807	700	4128.5	4128.5	0	3	0	0	280
8	-5.0	21.0	0.5	8	1000808	700	4426.5	4426.5	0	2	0	0	279
8	-5.0	21.0	0.5	9	1000809	700	4156.5	4156.5	0	3	0	0	246
8	-5.0	21.0	0.5	10	1000810	700	4049.0	4049.0	0	1	0	0	279
9	-5.0	24.0	0.5	1	1000901	700	3916.0	3916.0	0	4	0	0	372
9	-5.0	24.0	0.5	2	1000902	700	4312.0	4312.0	0	1	0	0	320
9	-5.0	24.0	0.5	3	1000903	700	4457.5	4457.5	0	5	0	0	351
9	-5.0	24.0	0.5	4	1000904	700	3692.5	3692.5	0	3	0	0	329
9	-5.0	24.0	0.5	5	1000905	700	4664.0	4664.0	0	7	0	0	282
9	-5.0	24.0	0.5	6	1000906	700	4599.0	4599.0	0	5	0	0	360
9	-5.0	24.0	0.5	7	1000907	700	3472.0	3472.0	0	6	0	0	326
9	-5.0	24.0	0.5	8	1000908	700	5084.5	5084.5	0	6	0	0	315
9	-5.0	24.0	0.5	9	1000909	700	4770.5	4770.5	0	4	0	0	391
9	-5.0	24.0	0.5	10	1000910	700	4126.5	4126.5	0	3	0	0	419
10	-5.0	27.0	0.5	1	1001001	700	7246.5	7246.5	0	8	0	0	418
10	-5.0	27.0	0.5	2	1001002	700	4392.0	4392.0	0	4	0	0	416
10	-5.0	27.0	0.5	3	1001003	700	5622.0	5622.0	0	9	0	0	438
10	-5.0	27.0	0.5	4	1001004	700	6450.0	6450.0	0	5	0	0	390
10	-5.0	27.0	0.5	5	1001005	700	6185.5	6185.5	0	5	0	0	361
10	-5.0	27.0	0.5	6	1001006	700	4705.5	4705.5	0	7	0	0	426
10	-5.0	27.0	0.5	7	1001007	700	4939.5	4939.5	0	7	0	0	344
10	-5.0	27.0	0.5	8	1001008	700	5821.5	5821.5	0	7	0	0	402
10	-5.0	27.0	0.5	9	1001009	700	6070.5	6070.5	0	4	0	0	430
10	-5.0	27.0	0.5	10	1001010	700	5028.5	5028.5	0	6	0	0	429
11	-5.0	30.0	0.5	1	1001101	700	5206.0	5206.0	0	10	0	0	491
11	-5.0	30.0	0.5	2	1001102	700	4890.5	5037.5	1	7	1	0	439
11	-5.0	30.0	0.5	3	1001103	700	5992.0	5992.0	0	11	0	0	470
11	-5.0	30.0	0.5	4	1001104	700	6255.0	6351.0	0	8	3	1	470
11	-5.0	30.0	0.5	5	1001105	700	6671.0	6671.0	0	8	0	0	449
11	-5.0	30.0	0.5	6	1001106	700	5170.5	5438.5	1	9	3	1	456
11	-5.0	30.0	0.5	7	1001107	700	6297.0	6468.0	1	9	1	0	485
11	-5.0	30.0	0.5	8	1001108	700	5588.5	5650.5	1	9	1	0	467
11	-5.0	30.0	0.5	9	1001109	700	6113.0	6113.0	0	12	0	0	461
11	-5.0	30.0	0.5	10	1001110	700	6224.0	6224.0	0	7	0	0	495
12	-4.0	0.0	0.5	1	1001201	700	2138.0	2138.0	0	0	0	0	84
12	-4.0	0.0	0.5	2	1001202	700	2349.0	2349.0	0	0	0	0	93
12	-4.0	0.0	0.5	3	1001203	700	2560.0	2560.0	0	0	0	0	93
12	-4.0	0.0	0.5	4	1001204	700	1701.0	1701.0	0	0	0	0	85
12	-4.0	0.0	0.5	5	1001205	700	3060.0	3060.0	0	0	0	0	90
12	-4.0	0.0	0.5	6	1001206	700	2499.0	2499.0	0	0	0	0	82
12	-4.0	0.0	0.5	7	1001207	700	2978.0	2978.0	0	0	0	0	102
12	-4.0	0.0	0.5	8	1001208	700	2660.5	2660.5	0	0	0	0	121
12	-4.0	0.0	0.5	9	1001209	700	2208.0	2208.0	0	0	0	0	95
12	-4.0	0.0	0.5	10	1001210	700	2527.0	2527.0	0	0	0	0	104
13	-4.0	3.0	0.5	1	1001301	700	2375.0	2375.0	0	0	0	0	113
13	-4.0	3.0	0.5	2	1001302	700	2630.5	2630.5	0	0	0	0	98
13	-4.0	3.0	0.5	3	1001303	700	2752.0	2752.0	0	0	0	0	109
13	-4.0	3.0	0.5	4	1001304	700	2267.5	2267.5	0	0	0	0	74
13	-4.0	3.0	0.5	5	1001305	700	2246.0	2246.0	0	0	0	0	107
13	-4.0	3.0	0.5	6	1001306	700	3489.5	3489.5	0	0	0	0	98
13	-4.0	3.0	0.5	7	1001307	700	2644.5	2644.5	0	0	0	0	95
13	-4.0	3.0	0.5	8	1001308	700	2377.0	2377.0	0	0	0	0	119
13	-4.0	3.0	0.5	9	1001309	700	2302.0	2302.0	0	0	0	0	89
13	-4.0	3.0	0.5	10	1001310	700	1618.0	1618.0	0	0	0	0	106
14	-4.0	6.0	0.5	1	1001401	700	2240.5	2240.5	0	0	0	0	105
14	-4.0	6.0	0.5	2	1001402	700	2850.5	2850.5	0	0	0	0	90
14	-4.0	6.0	0.5	3	1001403	700	1919.5	1919.5	0	0	0	0	120
14	-4.0	6.0	0.5	4	1001404	700	1926.0	1926.0	0	0	0	0	104
14	-4.0	6.0	0.5	5	1001405	700	2025.5	2025.5	0	0	0	0	113
14	-4.0	6.0	0.5	6	1001406	700	2378.0	2378.0	0	0	0	0	114
14	-4.0	6.0	0.5	7	1001407	700	2281.5	2281.5	0	0	0	0	110
14	-4.0	6.0	0.5	8	1001408	700	2446.0	2446.0	0	0	0	0	118
14	-4.0	6.0	0.5	9	1001409	700	2871.0	2871.0	0	1	0	0	102
14	-4.0	6.0	0.5	10	1001410	700	3037.0	3037.0	0	1	0	0	113
15	-4.0	9.0	0.5	1	1001501	700	3214.0	3214.0	0	0	0	0	137
15	-4.0	9.0	0.5	2	1001502	700	3239.5	3239.5	0	1	0	0	148
15	-4.0	9.0	0.5	3	1001503	700	2980.5	2980.5	0	1	0	0	106
15	-4.0	9.0	0.5	4	1001504	700	2809.5	2809.5	0	1	0	0	147
15	-4.0	9.0	0.5	5	1001505	700	3061.0	3061.0	0	0	0	0	148
15	-4.0	9.0	0.5	6	1001506	700	2488.5	2488.5	0	1	0	0	154
15	-4.0	9.0	0.5	7	1001507	700	2837.5	2837.5	0	1	0	0	136
15	-4.0	9.0	0.5	8	1001508	700	2475.0	2475.0	0	0	0	0	139
15	-4.0	9.0	0.5	9	1001509	700	3371.0	3371.0	0	1	0	0	156
15	-4.0	9.0	0.5	10	1001510	700	2562.0	2562.0	0	0	0	0	165
16	-4.0	12.0	0.5	1	1001601	700	2350.0	2350.0	0	0	0	0	189
16	-4.0	12.0	0.5	2	1001602	700	2678.0	2678.0	0	0	0	0	200
16	-4.0	12.0	0.5	3	1001603	700	3284.0	3284.0	0	2	0	0	194
16	-4.0	12.0	0.5	4	1001604	700	2269.5	2269.5	0	1	0	0	206
16	-4.0	12.0	0.5	5	1001605	700	2916.0	2916.0	0	1	0	0	183
16	-4.0	12.0	0.5	6	1001606	700	2564.0	2564.0	0	1	0	0	203
16	-4.0	12.0	0.5	7	1001607	700	2306.0	2306.0	0	0	0	0	181
16	-4.0	12.0	0.5	8	1001608	700	2252.5	2252.5	0	0	0	0	185
16	-4.0	12.0	0.5	9	1001609	700	3090.0	3090.0	0	1	0	0	187
16	-4.0	12.0	0.5	10	1001610	700	2933.0	2933.0	0	0	0	0	210
17	-4.0	15.0	0.5	1	1001701	700	3607.5	3607.5	0	2	0	0	246
17	-4.0	15.0	0.5	2	1001702	700	3089.5	3089.5	0	1	0	0	265
17	-4.0	15.0	0.5	3	1001703	700	3216.0	3216.0	0	1	0	0	219
17	-4.0	15.0	0.5	4	1001704	700	2701.0	2701.0	0	1	0	0	251
17	-4.0	15.0	0.5	5	1001705	700	2095.5	2095.5	0	1	0	0	241
17	-4.0	15.0	0.5	6	1001706	700	2604.5	2604.5	0	1	0	0	261
17	-4.0	15.0	0.5	7	1001707	700	3185.0	3185.0	0	3	0	0	270
17	-4.0	15.0	0.5	8	1001708	700	3765.0	3765.0	0	2	0	0	265
17	-4.0	15.0	0.5	9	1001709	700	3534.0	3534.0	0	1	0	0	253
17	-4.0	15.0	0.5	10	1001710	700	3312.0	3312.0	0	0	0	0	261
18	-4.0	18.0	0.5	1	1001801	700	3795.5	3795.5	0	1	0	0	309
18	-4.0	18.0	0.5	2	1001802	700	4060.0	4060.0	0	2	0	0	343
18	-4.0	18.0	0.5	3	1001803	700	3764.0	3764.0	0	2	0	0	371
18	-4.0	18.0	0.5	4	1001804	700	4183.5	4183.5	0	4	0	0	364
18	-4.0	18.0	0.5	5	1001805	700	4752.0	4752.0	0	4	0	0	411
18	-4.0	18.0	0.5	6	1001806	700	3497.0	3497.0	0	2	0	0	346
18	-4.0	18.0	0.5	7	1001807	700	3308.0	3308.0	0	2	0	0	338
18	-4.0	18.0	0.5	8	1001808	700	3032.0	3032.0	0	2	0	0	364
18	-4.0	18.0	0.5	9	1001809	700	3642.0	3642.0	0	3	0	0	357
18	-4.0	18.0	0.5	10	1001810	700	3347.5	3347.5	0	2	0	0	384
19	-4.0	21.0	0.5	1	1001901	700	6495.5	6495.5	0	4	0	0	441
19	-4.0	21.0	0.5	2	1001902	700	5785.5	5785.5	0	5	0	0	475
19	-4.0	21.0	0.5	3	1001903	700	5483.5	5483.5	0	4	0	0	407
19	-4.0	21.0	0.5	4	1001904	700	4785.5	4785.5	0	7	0	0	436
19	-4.0	21.0	0.5	5	1001905	700	5474.0	5474.0	0	5	0	0	469
19	-4.0	21.0	0.5	6	1001906	700	3763.0	3763.0	0	4	0	0	436
19	-4.0	21.0	0.5	7	1001907	700	4046.0	4046.0	0	4	0	0	468
19	-4.0	21.0	0.5	8	1001908	700	3757.0	3757.0	0	5	0	0	480
19	-4.0	21.0	0.5	9	1001909	700	3888.0	3888.0	0	5	0	0	468
19	-4.0	21.0	0.5	10	1001910	700	4262.0	4262.0	0	6	0	0	469
20	-4.0	24.0	0.5	1	1002001	700	4952.0	5020.0	1	8	1	0	513
20	-4.0	24.0	0.5	2	1002002	700	7834.0	7834.0	0	9	0	0	551
20	-4.0	24.0	0.5	3	1002003	700	5727.0	5727.0	0	6	0	0	514
20	-4.0	24.0	0.5	4	1002004	700	6674.5	6674.5	0	7	0	0	520
20	-4.0	24.0	0.5	5	1002005	700	5230.0	5230.0	0	6	0	0	492
20	-4.0	24.0	0.5	6	1002006	700	4594.5	4594.5	0	8	0	0	538
20	-4.0	24.0	0.5	7	1002007	700	5095.0	5095.0	0	9	0	0	510
20	-4.0	24.0	0.5	8	1002008	700	7302.0	7302.0	0	6	0	0	502
20	-4.0	24.0	0.5	9	1002009	700	7441.0	7650.0	1	5	1	0	501
20	-4.0	24.0	0.5	10	1002010	700	6502.0	6502.0	0	4	0	0	523
21	-4.0	27.0	0.5	1	1002101	700	8839.5	9102.5	2	10	2	0	525
21	-4.0	27.0	0.5	2	1002102	700	6734.5	6967.5	2	11	2	0	545
21	-4.0	27.0	0.5	3	1002103	700	6888.5	6938.5	1	8	1	0	507
21	-4.0	27.0	0.5	4	1002104	700	6550.5	6778.5	4	12	4	0	573
21	-4.0	27.0	0.5	5	1002105	700	9481.0	9914.0	2	9	2	0	544
21	-4.0	27.0	0.5	6	1002106	700	7765.0	7939.0	1	7	1	0	569
21	-4.0	27.0	0.5	7	1002107	700	8373.0	8528.0	1	12	1	0	579
21	-4.0	27.0	0.5	8	1002108	700	7627.0	7627.0	0	8	0	0	542
21	-4.0	27.0	0.5	9	1002109	700	8682.0	8682.0	0	9	0	0	544
21	-4.0	27.0	0.5	10	1002110	700	7639.0	8247.0	2	12	2	0	584
22	-4.0	30.0	0.5	1	1002201	700	10595.5	11113.5	2	11	4	1	553
22	-4.0	30.0	0.5	2	1002202	700	7258.0	7828.0	3	10	5	1	563
22	-4.0	30.0	0.5	3	1002203	700	10053.5	10319.5	1	11	4	1	566
22	-4.0	30.0	0.5	4	1002204	700	7918.0	8652.0	3	11	13	2	552
22	-4.0	30.0	0.5	5	1002205	700	9895.0	10263.0	1	10	8	2	581
22	-4.0	30.0	0.5	6	1002206	700	8894.5	9160.5	1	13	1	0	528
22	-4.0	30.0	0.5	7	1002207	700	7170.0	8000.0	1	9	13	3	528
22	-4.0	30.0	0.5	8	1002208	700	8583.0	8954.0	1	12	7	2	555
22	-4.0	30.0	0.5	9	1002209	700	9352.0	9352.0	0	13	0	0	529
22	-4.0	30.0	0.5	10	1002210	700	8074.0	8289.0	2	13	2	0	528
23	-3.0	0.0	0.5	1	1002301	700	2254.0	2254.0	0	0	0	0	86
23	-3.0	0.0	0.5	2	1002302	700	2272.5	2272.5	0	0	0	0	77
23	-3.0	0.0	0.5	3	1002303	700	2784.5	2784.5	0	0	0	0	103
23	-3.0	0.0	0.5	4	1002304	700	2261.0	2261.0	0	0	0	0	64
23	-3.0	0.0	0.5	5	1002305	700	2383.0	2383.0	0	0	0	0	75
23	-3.0	0.0	0.5	6	1002306	700	2672.5	2672.5	0	0	0	0	84
23	-3.0	0.0	0.5	7	1002307	700	2125.0	2125.0	0	0	0	0	78
23	-3.0	0.0	0.5	8	1002308	700	2286.5	2286.5	0	0	0	0	80
23	-3.0	0.0	0.5	9	1002309	700	1887.0	1887.0	0	0	0	0	70
23	-3.0	0.0	0.5	10	1002310	700	2394.0	2394.0	0	0	0	0	91
24	-3.0	3.0	0.5	1	1002401	700	2295.5	2295.5	0	0	0	0	98
24	-3.0	3.0	0.5	2	1002402	700	2421.5	2421.5	0	0	0	0	96
24	-3.0	3.0	0.5	3	1002403	700	2407.5	2407.5	0	0	0	0	97
24	-3.0	3.0	0.5	4	1002404	700	1891.5	1891.5	0	0	0	0	99
24	-3.0	3.0	0.5	5	1002405	700	3029.5	3029.5	0	1	0	0	82
24	-3.0	3.0	0.5	6	1002406	700	2601.0	2601.0	0	0	0	0	99
24	-3.0	3.0	0.5	7	1002407	700	2382.5	2382.5	0	0	0	0	93
24	-3.0	3.0	0.5	8	1002408	700	2099.0	2099.0	0	0	0	0	106
24	-3.0	3.0	0.5	9	1002409	700	2924.0	2924.0	0	0	0	0	121
24	-3.0	3.0	0.5	10	1002410	700	2530.0	2530.0	0	0	0	0	91
25	-3.0	6.0	0.5	1	1002501	700	2363.0	2363.0	0	0	0	0	148
25	-3.0	6.0	0.5	2	1002502	700	2206.5	2206.5	0	0	0	0	129
25	-3.0	6.0	0.5	3	1002503	700	2762.5	2762.5	0	0	0	0	140
25	-3.0	6.0	0.5	4	1002504	700	2008.0	2008.0	0	0	0	0	127
25	-3.0	6.0	0.5	5	1002505	700	2347.5	2347.5	0	0	0	0	123
25	-3.0	6.0	0.5	6	1002506	700	1984.0	1984.0	0	0	0	0	136
25	-3.0	6.0	0.5	7	1002507	700	3428.0	3428.0	0	0	0	0	147
25	-3.0	6.0	0.5	8	1002508	700	2478.5	2478.5	0	0	0	0	148
25	-3.0	6.0	0.5	9	1002509	700	2594.5	2594.5	0	0	0	0	120
25	-3.0	6.0	0.5	10	1002510	700	2527.5	2527.5	0	1	0	0	128
26	-3.0	9.0	0.5	1	1002601	700	3170.5	3170.5	0	0	0	0	206
26	-3.0	9.0	0.5	2	1002602	700	2832.0	2832.0	0	0	0	0	210
26	-3.0	9.0	0.5	3	1002603	700	3482.5	3482.5	0	0	0	0	198
26	-3.0	9.0	0.5	4	1002604	700	3353.5	3353.5	0	0	0	0	199
26	-3.0	9.0	0.5	5	1002605	700	2819.0	2819.0	0	1	0	0	212
26	-3.0	9.0	0.5	6	1002606	700	3010.0	3010.0	0	1	0	0	195
26	-3.0	9.0	0.5	7	1002607	700	2167.0	2167.0	0	0	0	0	225
26	-3.0	9.0	0.5	8	1002608	700	3162.5	3162.5	0	0	0	0	200
26	-3.0	9.0	0.5	9	1002609	700	2731.0	2731.0	0	2	0	0	208
26	-3.0	9.0	0.5	10	1002610	700	2268.5	2268.5	0	0	0	0	218
27	-3.0	12.0	0.5	1	1002701	700	3481.5	3481.5	0	3	0	0	315
27	-3.0	12.0	0.5	2	1002702	700	2300.0	2300.0	0	0	0	0	276
27	-3.0	12.0	0.5	3	1002703	700	2110.0	2110.0	0	0	0	0	371
27	-3.0	12.0	0.5	4	1002704	700	3220.0	3220.0	0	3	0	0	337
27	-3.0	12.0	0.5	5	1002705	700	3632.0	3632.0	0	2	0	0	334
27	-3.0	12.0	0.5	6	1002706	700	3613.0	3613.0	0	2	0	0	326
27	-3.0	12.0	0.5	7	1002707	700	3023.0	3023.0	0	0	0	0	374
27	-3.0	12.0	0.5	8	1002708	700	3018.0	3018.0	0	2	0	0	327
27	-3.0	12.0	0.5	9	1002709	700	3464.0	3464.0	0	1	0	0	351
27	-3.0	12.0	0.5	10	1002710	700	4636.0	4636.0	0	0	0	0	347
28	-3.0	15.0	0.5	1	1002801	700	4479.5	4479.5	0	1	0	0	481
28	-3.0	15.0	0.5	2	1002802	700	3747.0	3747.0	0	3	0	0	469
28	-3.0	15.0	0.5	3	1002803	700	3254.5	3254.5	0	3	0	0	520
28	-3.0	15.0	0.5	4	1002804	700	4970.0	4970.0	0	5	0	0	476
28	-3.0	15.0	0.5	5	1002805	700	2538.0	2538.0	0	2	0	0	539
28	-3.0	15.0	0.5	6	1002806	700	3913.0	3913.0	0	5	0	0	512
28	-3.0	15.0	0.5	7	1002807	700	4306.5	4306.5	0	3	0	0	493
28	-3.0	15.0	0.5	8	1002808	700	4258.0	4258.0	0	4	0	0	517
28	-3.0	15.0	0.5	9	1002809	700	4236.5	4236.5	0	2	0	0	485
28	-3.0	15.0	0.5	10	1002810	700	4369.5	4369.5	0	3	0	0	466
29	-3.0	18.0	0.5	1	1002901	700	4592.0	4592.0	0	4	0	0	552
29	-3.0	18.0	0.5	2	1002902	700	8412.0	8412.0	0	8	0	0	543
29	-3.0	18.0	0.5	3	1002903	700	6381.0	6381.0	0	5	0	0	556
29	-3.0	18.0	0.5	4	1002904	700	4920.0	4920.0	0	5	0	0	558
29	-3.0	18.0	0.5	5	1002905	700	8330.0	8330.0	0	5	0	0	547
29	-3.0	18.0	0.5	6	1002906	700	5345.0	5345.0	0	5	0	0	530
29	-3.0	18.0	0.5	7	1002907	700	5159.5	5159.5	0	4	0	0	532
29	-3.0	18.0	0.5	8	1002908	700	5366.0	5366.0	0	5	0	0	543
29	-3.0	18.0	0.5	9	1002909	700	4785.0	4785.0	0	4	0	0	546
29	-3.0	18.0	0.5	10	1002910	700	4921.5	4921.5	0	3	0	0	507
30	-3.0	21.0	0.5	1	1003001	700	6864.5	6864.5	0	7	0	0	545
30	-3.0	21.0	0.5	2	1003002	700	6826.0	6826.0	0	6	0	0	593
30	-3.0	21.0	0.5	3	1003003	700	6131.0	6131.0	0	5	0	0	541
30	-3.0	21.0	0.5	4	1003004	700	6573.0	6573.0	0	9	0	0	541
30	-3.0	21.0	0.5	5	1003005	700	8719.0	8883.0	1	10	1	0	547
30	-3.0	21.0	0.5	6	1003006	700	7588.0	7588.0	0	10	0	0	561
30	-3.0	21.0	0.5	7	1003007	700	6545.0	6545.0	0	6	0	0	529
30	-3.0	21.0	0.5	8	1003008	700	6795.5	6795.5	0	9	0	0	565
30	-3.0	21.0	0.5	9	1003009	700	5860.0	5860.0	0	6	0	0	535
30	-3.0	21.0	0.5	10	1003010	700	6574.5	6574.5	0	8	0	0	563
31	-3.0	24.0	0.5	1	1003101	700	8675.0	8675.0	0	9	0	0	591
31	-3.0	24.0	0.5	2	1003102	700	11998.0	12287.0	1	9	1	0	536
31	-3.0	24.0	0.5	3	1003103	700	7504.0	7645.0	1	8	1	0	518
31	-3.0	24.0	0.5	4	1003104	700	9338.0	9338.0	0	10	0	0	564
31	-3.0	24.0	0.5	5	1003105	700	7605.0	7923.0	2	11	2	0	549
31	-3.0	24.0	0.5	6	1003106	700	7750.0	7826.0	1	10	1	0	559
31	-3.0	24.0	0.5	7	1003107	700	8550.0	8550.0	0	10	0	0	552
31	-3.0	24.0	0.5	8	1003108	700	13520.0	13815.0	1	8	1	0	578
31	-3.0	24.0	0.5	9	1003109	700	10902.0	11215.0	1	10	1	0	556
31	-3.0	24.0	0.5	10	1003110	700	10567.5	10984.5	2	12	2	0	551
32	-3.0	27.0	0.5	1	1003201	700	13125.0	14008.0	5	10	5	0	574
32	-3.0	27.0	0.5	2	1003202	700	12209.5	13476.5	8	12	8	0	562
32	-3.0	27.0	0.5	3	1003203	700	17001.0	17361.0	2	12	4	1	522
32	-3.0	27.0	0.5	4	1003204	700	13658.0	14419.0	6	13	9	1	576
32	-3.0	27.0	0.5	5	1003205	700	11513.5	12044.5	3	11	3	0	563
32	-3.0	27.0	0.5	6	1003206	700	12036.0	12269.0	2	13	2	0	560
32	-3.0	27.0	0.5	7	1003207	700	10497.5	10843.5	1	12	4	1	583
32	-3.0	27.0	0.5	8	1003208	700	11673.0	12145.0	2	11	8	2	552
32	-3.0	27.0	0.5	9	1003209	700	14111.0	14246.0	1	13	1	0	560
32	-3.0	27.0	0.5	10	1003210	700	13883.0	14055.0	0	10	4	2	560
33	-3.0	30.0	0.5	1	1003301	700	16313.5	18619.5	8	11	21	1	580
33	-3.0	30.0	0.5	2	1003302	700	17178.5	18321.5	5	15	8	1	558
33	-3.0	30.0	0.5	3	1003303	700	15050.0	17235.0	10	12	26	3	569
33	-3.0	30.0	0.5	4	1003304	700	18155.5	19534.5	9	11	12	1	584
33	-3.0	30.0	0.5	5	1003305	700	13229.0	14210.0	9	11	13	1	561
33	-3.0	30.0	0.5	6	1003306	700	14221.5	16225.5	11	12	17	2	558
33	-3.0	30.0	0.5	7	1003307	700	9712.5	10850.5	7	13	11	1	571
33	-3.0	30.0	0.5	8	1003308	700	15343.0	17525.0	13	15	17	1	582
33	-3.0	30.0	0.5	9	1003309	700	13668.5	17102.5	18	13	18	0	568
33	-3.0	30.0	0.5	10	1003310	700	15479.5	17040.5	8	11	11	1	594
34	-2.0	0.0	0.5	1	1003401	700	2385.0	2385.0	0	0	0	0	87
34	-2.0	0.0	0.5	2	1003402	700	1871.0	1871.0	0	0	0	0	90
34	-2.0	0.0	0.5	3	1003403	700	1947.0	1947.0	0	0	0	0	90
34	-2.0	0.0	0.5	4	1003404	700	2388.0	2388.0	0	0	0	0	82
34	-2.0	0.0	0.5	5	1003405	700	1964.5	1964.5	0	0	0	0	81
34	-2.0	0.0	0.5	6	1003406	700	1866.5	1866.5	0	0	0	0	84
34	-2.0	0.0	0.5	7	1003407	700	1774.0	1774.0	0	0	0	0	61
34	-2.0	0.0	0.5	8	1003408	700	2076.0	2076.0	0	0	0	0	67
34	-2.0	0.0	0.5	9	1003409	700	2520.0	2520.0	0	0	0	0	93
34	-2.0	0.0	0.5	10	1003410	700	2543.0	2543.0	0	0	0	0	89
35	-2.0	3.0	0.5	1	1003501	700	1498.5	1498.5	0	0	0	0	108
35	-2.0	3.0	0.5	2	1003502	700	2482.0	2482.0	0	0	0	0	118
35	-2.0	3.0	0.5	3	1003503	700	2278.5	2278.5	0	0	0	0	115
35	-2.0	3.0	0.5	4	1003504	700	1586.0	1586.0	0	0	0	0	108
35	-2.0	3.0	0.5	5	1003505	700	3214.0	3214.0	0	0	0	0	95
35	-2.0	3.0	0.5	6	1003506	700	1881.0	1881.0	0	0	0	0	109
35	-2.0	3.0	0.5	7	1003507	700	1845.0	1845.0	0	0	0	0	108
35	-2.0	3.0	0.5	8	1003508	700	2507.0	2507.0	0	1	0	0	117
35	-2.0	3.0	0.5	9	1003509	700	2392.0	2392.0	0	0	0	0	106
35	-2.0	3.0	0.5	10	1003510	700	1314.0	1314.0	0	0	0	0	136
36	-2.0	6.0	0.5	1	1003601	700	2515.0	2515.0	0	0	0	0	208
36	-2.0	6.0	0.5	2	1003602	700	2900.0	2900.0	0	1	0	0	219
36	-2.0	6.0	0.5	3	1003603	700	2421.0	2421.0	0	1	0	0	219
36	-2.0	6.0	0.5	4	1003604	700	2668.5	2668.5	0	0	0	0	201
36	-2.0	6.0	0.5	5	1003605	700	2218.0	2218.0	0	0	0	0	200
36	-2.0	6.0	0.5	6	1003606	700	2263.0	2263.0	0	0	0	0	223
36	-2.0	6.0	0.5	7	1003607	700	1801.0	1801.0	0	0	0	0	182
36	-2.0	6.0	0.5	8	1003608	700	1832.5	1832.5	0	0	0	0	187
36	-2.0	6.0	0.5	9	1003609	700	2997.5	2997.5	0	0	0	0	208
36	-2.0	6.0	0.5	10	1003610	700	3858.0	3858.0	0	1	0	0	201
37	-2.0	9.0	0.5	1	1003701	700	3678.5	3678.5	0	2	0	0	398
37	-2.0	9.0	0.5	2	1003702	700	2962.0	2962.0	0	0	0	0	464
37	-2.0	9.0	0.5	3	1003703	700	2554.5	2554.5	0	1	0	0	395
37	-2.0	9.0	0.5	4	1003704	700	3322.5	3322.5	0	2	0	0	444
37	-2.0	9.0	0.5	5	1003705	700	2508.0	2508.0	0	1	0	0	383
37	-2.0	9.0	0.5	6	1003706	700	4334.0	4334.0	0	1	0	0	406
37	-2.0	9.0	0.5	7	1003707	700	3629.0	3629.0	0	2	0	0	380
37	-2.0	9.0	0.5	8	1003708	700	2963.0	2963.0	0	0	0	0	441
37	-2.0	9.0	0.5	9	1003709	700	2794.5	2794.5	0	0	0	0	412
37	-2.0	9.0	0.5	10	1003710	700	2782.0	2782.0	0	1	0	0	427
38	-2.0	12.0	0.5	1	1003801	700	3262.0	3262.0	0	1	0	0	542
38	-2.0	12.0	0.5	2	1003802	700	2906.5	2906.5	0	1	0	0	584
38	-2.0	12.0	0.5	3	1003803	700	7265.0	7265.0	0	4	0	0	538
38	-2.0	12.0	0.5	4	1003804	700	3819.0	3819.0	0	3	0	0	570
38	-2.0	12.0	0.5	5	1003805	700	3603.0	3603.0	0	3	0	0	557
38	-2.0	12.0	0.5	6	1003806	700	4215.5	4215.5	0	4	0	0	527
38	-2.0	12.0	0.5	7	1003807	700	2851.0	2851.0	0	2	0	0	559
38	-2.0	12.0	0.5	8	1003808	700	5672.0	5672.0	0	3	0	0	546
38	-2.0	12.0	0.5	9	1003809	700	3738.0	3738.0	0	1	0	0	530
38	-2.0	12.0	0.5	10	1003810	700	3522.0	3522.0	0	3	0	0	567
39	-2.0	15.0	0.5	1	1003901	700	5844.0	5871.0	1	5	1	0	553
39	-2.0	15.0	0.5	2	1003902	700	5559.0	5559.0	0	4	0	0	563
39	-2.0	15.0	0.5	3	1003903	700	5256.0	5256.0	0	4	0	0	547
39	-2.0	15.0	0.5	4	1003904	700	5642.0	5642.0	0	7	0	0	578
39	-2.0	15.0	0.5	5	1003905	700	5570.0	5570.0	0	6	0	0	562
39	-2.0	15.0	0.5	6	1003906	700	5209.0	5209.0	0	4	0	0	582
39	-2.0	15.0	0.5	7	1003907	700	5228.0	5228.0	0	7	0	0	571
39	-2.0	15.0	0.5	8	1003908	700	5753.5	5753.5	0	7	0	0	567
39	-2.0	15.0	0.5	9	1003909	700	6825.0	6825.0	0	4	0	0	575
39	-2.0	15.0	0.5	10	1003910	700	5706.0	5706.0	0	5	0	0	590
40	-2.0	18.0	0.5	1	1004001	700	6820.0	6820.0	0	6	0	0	580
40	-2.0	18.0	0.5	2	1004002	700	8277.5	8277.5	0	10	0	0	546
40	-2.0	18.0	0.5	3	1004003	700	8395.5	8578.5	1	9	1	0	594
40	-2.0	18.0	0.5	4	1004004	700	9369.0	9701.0	1	6	1	0	571
40	-2.0	18.0	0.5	5	1004005	700	6176.0	6176.0	0	7	0	0	565
40	-2.0	18.0	0.5	6	1004006	700	4661.0	4876.0	1	7	1	0	542
40	-2.0	18.0	0.5	7	1004007	700	8314.5	8314.5	0	10	0	0	567
40	-2.0	18.0	0.5	8	1004008	700	8931.5	8931.5	0	5	0	0	578
40	-2.0	18.0	0.5	9	1004009	700	10223.0	10223.0	0	6	0	0	564
40	-2.0	18.0	0.5	10	1004010	700	6800.0	6800.0	0	7	0	0	559
41	-2.0	21.0	0.5	1	1004101	700	9712.5	9798.5	1	10	1	0	543
41	-2.0	21.0	0.5	2	1004102	700	8132.5	8387.5	1	8	1	0	577
41	-2.0	21.0	0.5	3	1004103	700	7729.0	7794.0	2	12	2	0	537
41	-2.0	21.0	0.5	4	1004104	700	10155.0	10395.0	3	9	3	0	583
41	-2.0	21.0	0.5	5	1004105	700	11798.0	11857.0	1	10	1	0	570
41	-2.0	21.0	0.5	6	1004106	700	9972.0	9972.0	0	8	0	0	581
41	-2.0	21.0	0.5	7	1004107	700	11739.5	12418.5	3	11	3	0	577
41	-2.0	21.0	0.5	8	1004108	700	8852.0	8950.0	1	8	1	0	578
41	-2.0	21.0	0.5	9	1004109	700	13392.0	13694.0	1	10	1	0	559
41	-2.0	21.0	0.5	10	1004110	700	12363.5	12363.5	0	9	0	0	568
42	-2.0	24.0	0.5	1	1004201	700	11798.5	12699.5	8	11	8	0	558
42	-2.0	24.0	0.5	2	1004202	700	17008.0	17650.0	7	10	7	0	574
42	-2.0	24.0	0.5	3	1004203	700	10188.5	11289.5	9	12	9	0	562
42	-2.0	24.0	0.5	4	1004204	700	11243.5	12183.5	7	12	7	0	586
42	-2.0	24.0	0.5	5	1004205	700	11375.0	12651.0	8	12	8	0	584
42	-2.0	24.0	0.5	6	1004206	700	17056.0	18272.0	7	12	7	0	556
42	-2.0	24.0	0.5	7	1004207	700	17657.5	18615.5	5	12	5	0	583
42	-2.0	24.0	0.5	8	1004208	700	11363.0	11644.0	2	12	7	1	572
42	-2.0	24.0	0.5	9	1004209	700	14284.5	14790.5	4	12	4	0	570
42	-2.0	24.0	0.5	10	1004210	700	13700.5	13847.5	2	10	2	0	575
43	-2.0	27.0	0.5	1	1004301	700	14958.5	17575.5	18	13	18	0	570
43	-2.0	27.0	0.5	2	1004302	700	18973.0	20906.0	9	15	16	2	580
43	-2.0	27.0	0.5	3	1004303	700	15743.0	18270.0	17	13	23	2	585
43	-2.0	27.0	0.5	4	1004304	700	16885.0	20429.0	22	15	28	2	588
43	-2.0	27.0	0.5	5	1004305	700	19157.0	21868.5	20	9	22	1	579
43	-2.0	27.0	0.5	6	1004306	700	17008.0	18884.0	15	14	18	1	569
43	-2.0	27.0	0.5	7	1004307	700	19143.0	21251.0	15	14	15	0	568
43	-2.0	27.0	0.5	8	1004308	700	17427.0	20207.5	17	10	22	2	593
43	-2.0	27.0	0.5	9	1004309	700	13658.5	16182.5	19	12	22	1	615
43	-2.0	27.0	0.5	10	1004310	700	17712.0	20369.0	19	11	23	1	580
44	-2.0	30.0	0.5	1	1004401	700	19020.5	22735.5	20	13	38	5	610
44	-2.0	30.0	0.5	2	1004402	700	17966.5	23820.5	32	13	45	4	620
44	-2.0	30.0	0.5	3	1004403	700	21016.0	26110.0	29	13	38	3	566
44	-2.0	30.0	0.5	4	1004404	700	15462.0	21326.0	30	12	38	3	624
44	-2.0	30.0	0.5	5	1004405	700	18657.0	23496.0	28	15	44	3	599
44	-2.0	30.0	0.5	6	1004406	700	19139.0	24525.0	31	13	45	3	612
44	-2.0	30.0	0.5	7	1004407	700	20581.5	26419.5	33	11	45	4	612
44	-2.0	30.0	0.5	8	1004408	700	19359.5	25841.5	33	13	58	5	623
44	-2.0	30.0	0.5	9	1004409	700	19290.0	23941.0	24	14	31	2	625
44	-2.0	30.0	0.5	10	1004410	700	15471.0	21666.0	31	13	38	2	581
45	-1.0	0.0	0.5	1	1004501	700	1222.5	1222.5	0	0	0	0	83
45	-1.0	0.0	0.5	2	1004502	700	2252.5	2252.5	0	0	0	0	104
45	-1.0	0.0	0.5	3	1004503	700	2927.0	2927.0	0	0	0	0	89
45	-1.0	0.0	0.5	4	1004504	700	1800.0	1800.0	0	0	0	0	90
45	-1.0	0.0	0.5	5	1004505	700	1784.0	1784.0	0	0	0	0	117
45	-1.0	0.0	0.5	6	1004506	700	1364.0	1364.0	0	0	0	0	83
45	-1.0	0.0	0.5	7	1004507	700	1811.0	1811.0	0	0	0	0	90
45	-1.0	0.0	0.5	8	1004508	700	2387.5	2387.5	0	0	0	0	88
45	-1.0	0.0	0.5	9	1004509	700	1321.0	1321.0	0	0	0	0	84
45	-1.0	0.0	0.5	10	1004510	700	1191.0	1191.0	0	0	0	0	79
46	-1.0	3.0	0.5	1	1004601	700	2209.0	2209.0	0	0	0	0	163
46	-1.0	3.0	0.5	2	1004602	700	2700.0	2700.0	0	0	0	0	168
46	-1.0	3.0	0.5	3	1004603	700	1682.5	1682.5	0	0	0	0	159
46	-1.0	3.0	0.5	4	1004604	700	2301.0	2301.0	0	0	0	0	145
46	-1.0	3.0	0.5	5	1004605	700	1652.0	1652.0	0	0	0	0	158
46	-1.0	3.0	0.5	6	1004606	700	2190.0	2190.0	0	0	0	0	198
46	-1.0	3.0	0.5	7	1004607	700	2319.0	2319.0	0	0	0	0	193
46	-1.0	3.0	0.5	8	1004608	700	2525.5	2525.5	0	0	0	0	168
46	-1.0	3.0	0.5	9	1004609	700	1963.0	1963.0	0	0	0	0	141
46	-1.0	3.0	0.5	10	1004610	700	2172.0	2172.0	0	1	0	0	176
47	-1.0	6.0	0.5	1	1004701	700	2780.0	2780.0	0	0	0	0	436
47	-1.0	6.0	0.5	2	1004702	700	2335.0	2335.0	0	0	0	0	395
47	-1.0	6.0	0.5	3	1004703	700	2889.0	2889.0	0	1	0	0	446
47	-1.0	6.0	0.5	4	1004704	700	2972.0	2972.0	0	0	0	0	437
47	-1.0	6.0	0.5	5	1004705	700	2243.0	2243.0	0	0	0	0	384
47	-1.0	6.0	0.5	6	1004706	700	2751.5	2751.5	0	0	0	0	438
47	-1.0	6.0	0.5	7	1004707	700	2276.0	2276.0	0	0	0	0	424
47	-1.0	6.0	0.5	8	1004708	700	2728.0	2728.0	0	2	0	0	383
47	-1.0	6.0	0.5	9	1004709	700	2664.0	2664.0	0	0	0	0	383
47	-1.0	6.0	0.5	10	1004710	700	2329.0	2329.0	0	0	0	0	403
48	-1.0	9.0	0.5	1	1004801	700	3047.0	3047.0	0	2	0	0	577
48	-1.0	9.0	0.5	2	1004802	700	3114.0	3114.0	0	2	0	0	579
48	-1.0	9.0	0.5	3	1004803	700	3783.5	3783.5	0	2	0	0	569
48	-1.0	9.0	0.5	4	1004804	700	3296.5	3296.5	0	0	0	0	599
48	-1.0	9.0	0.5	5	1004805	700	5618.0	5618.0	0	2	0	0	559
48	-1.0	9.0	0.5	6	1004806	700	4007.5	4007.5	0	3	0	0	554
48	-1.0	9.0	0.5	7	1004807	700	3497.0	3497.0	0	2	0	0	611
48	-1.0	9.0	0.5	8	1004808	700	3024.0	3024.0	0	1	0	0	559
48	-1.0	9.0	0.5	9	1004809	700	4516.0	4516.0	0	2	0	0	566
48	-1.0	9.0	0.5	10	1004810	700	3193.5	3193.5	0	1	0	0	550
49	-1.0	12.0	0.5	1	1004901	700	6197.0	6197.0	0	4	0	0	572
49	-1.0	12.0	0.5	2	1004902	700	5996.0	5996.0	0	7	0	0	579
49	-1.0	12.0	0.5	3	1004903	700	5256.0	5256.0	0	4	0	0	571
49	-1.0	12.0	0.5	4	1004904	700	3665.5	3665.5	0	3	0	0	575
49	-1.0	12.0	0.5	5	1004905	700	3651.5	3651.5	0	3	0	0	573
49	-1.0	12.0	0.5	6	1004906	700	4449.0	4449.0	0	4	0	0	566
49	-1.0	12.0	0.5	7	1004907	700	4639.0	4639.0	0	4	0	0	574
49	-1.0	12.0	0.5	8	1004908	700	3979.5	3979.5	0	3	0	0	575
49	-1.0	12.0	0.5	9	1004909	700	5396.0	5396.0	0	4	0	0	571
49	-1.0	12.0	0.5	10	1004910	700	5020.5	5020.5	0	6	0	0	568
50	-1.0	15.0	0.5	1	1005001	700	7116.0	7116.0	0	5	0	0	605
50	-1.0	15.0	0.5	2	1005002	700	5887.5	5887.5	0	6	0	0	580
50	-1.0	15.0	0.5	3	1005003	700	6000.0	6265.0	2	6	2	0	571
50	-1.0	15.0	0.5	4	1005004	700	6953.0	6953.0	0	7	0	0	574
50	-1.0	15.0	0.5	5	1005005	700	10599.0	10599.0	0	7	0	0	528
50	-1.0	15.0	0.5	6	1005006	700	8587.5	8587.5	0	5	0	0	583
50	-1.0	15.0	0.5	7	1005007	700	7854.0	7854.0	0	5	0	0	576
50	-1.0	15.0	0.5	8	1005008	700	5720.5	5858.5	1	7	1	0	557
50	-1.0	15.0	0.5	9	1005009	700	9502.5	9693.5	1	4	1	0	576
50	-1.0	15.0	0.5	10	1005010	700	5663.5	5695.5	1	6	1	0	562
51	-1.0	18.0	0.5	1	1005101	700	16185.0	16185.0	0	6	0	0	622
51	-1.0	18.0	0.5	2	1005102	700	10159.0	10490.0	2	9	2	0	581
51	-1.0	18.0	0.5	3	1005103	700	6776.5	7121.5	3	8	3	0	584
51	-1.0	18.0	0.5	4	1005104	700	13771.5	14474.5	5	10	5	0	564
51	-1.0	18.0	0.5	5	1005105	700	12713.5	12815.5	1	12	1	0	576
51	-1.0	18.0	0.5	6	1005106	700	9707.0	9971.0	1	12	1	0	568
51	-1.0	18.0	0.5	7	1005107	700	7784.5	8092.5	3	9	3	0	565
51	-1.0	18.0	0.5	8	1005108	700	13525.5	14165.5	4	9	4	0	578
51	-1.0	18.0	0.5	9	1005109	700	12638.5	13057.0	5	9	5	0	553
51	-1.0	18.0	0.5	10	1005110	700	7318.5	7959.5	5	11	5	0	587
52	-1.0	21.0	0.5	1	1005201	700	18373.0	19737.0	7	11	10	1	608
52	-1.0	21.0	0.5	2	1005202	700	11013.0	13532.0	17	14	23	2	592
52	-1.0	21.0	0.5	3	1005203	700	9317.5	11045.5	12	12	18	1	592
52	-1.0	21.0	0.5	4	1005204	700	12297.5	14048.5	16	11	16	0	589
52	-1.0	21.0	0.5	5	1005205	700	16389.0	17627.0	7	10	7	0	586
52	-1.0	21.0	0.5	6	1005206	700	9171.5	11116.5	15	12	15	0	592
52	-1.0	21.0	0.5	7	1005207	700	17128.5	19210.5	10	11	10	0	582
52	-1.0	21.0	0.5	8	1005208	700	12516.0	14395.0	13	11	13	0	566
52	-1.0	21.0	0.5	9	1005209	700	8981.0	10544.0	11	13	11	0	598
52	-1.0	21.0	0.5	10	1005210	700	14273.5	15336.5	9	13	12	1	569
53	-1.0	24.0	0.5	1	1005301	700	16762.5	20017.0	22	13	22	0	650
53	-1.0	24.0	0.5	2	1005302	700	20877.0	23886.0	21	12	28	2	605
53	-1.0	24.0	0.5	3	1005303	700	19590.5	22901.5	21	10	31	2	620
53	-1.0	24.0	0.5	4	1005304	700	16454.5	19307.5	21	14	21	0	581
53	-1.0	24.0	0.5	5	1005305	700	21486.0	26446.0	29	11	33	1	580
53	-1.0	24.0	0.5	6	1005306	700	20271.5	24293.5	24	12	32	2	607
53	-1.0	24.0	0.5	7	1005307	700	21493.0	26116.0	31	16	35	1	601
53	-1.0	24.0	0.5	8	1005308	700	13664.5	16555.5	25	13	25	0	631
53	-1.0	24.0	0.5	9	1005309	700	18860.5	22048.5	26	12	30	1	666
53	-1.0	24.0	0.5	10	1005310	700	11272.0	15493.0	28	10	28	0	640
54	-1.0	27.0	0.5	1	1005401	700	21490.0	29745.0	52	12	55	1	610
54	-1.0	27.0	0.5	2	1005402	700	21513.0	29329.5	41	15	54	3	610
54	-1.0	27.0	0.5	3	1005403	700	19872.5	29174.5	56	15	73	3	617
54	-1.0	27.0	0.5	4	1005404	700	22223.0	28775.5	44	13	55	3	635
54	-1.0	27.0	0.5	5	1005405	700	18022.5	24596.5	42	11	61	4	617
54	-1.0	27.0	0.5	6	1005406	700	23133.0	29054.0	42	12	51	2	623
54	-1.0	27.0	0.5	7	1005407	700	20754.5	27284.5	39	13	61	6	673
54	-1.0	27.0	0.5	8	1005408	700	21450.5	29308.5	51	13	60	1	617
54	-1.0	27.0	0.5	9	1005409	700	21754.0	29285.5	45	11	54	2	603
54	-1.0	27.0	0.5	10	1005410	700	20771.0	28057.0	44	10	56	2	619
55	-1.0	30.0	0.5	1	1005501	700	17285.0	29475.0	71	13	76	2	613
55	-1.0	30.0	0.5	2	1005502	700	22582.5	32526.5	63	13	70	1	636
55	-1.0	30.0	0.5	3	1005503	700	21611.0	33516.0	71	13	79	2	640
55	-1.0	30.0	0.5	4	1005504	700	17249.5	27516.5	58	14	77	5	634
55	-1.0	30.0	0.5	5	1005505	700	21532.0	33022.5	65	13	78	5	640
55	-1.0	30.0	0.5	6	1005506	700	20216.5	32142.5	58	13	112	10	660
55	-1.0	30.0	0.5	7	1005507	700	22643.0	31451.0	66	13	71	2	641
55	-1.0	30.0	0.5	8	1005508	700	20589.0	32305.0	59	12	75	5	592
55	-1.0	30.0	0.5	9	1005509	700	22431.0	31455.0	54	13	69	3	655
55	-1.0	30.0	0.5	10	1005510	700	20819.0	31276.0	67	13	85	4	631
56	0.0	0.0	0.5	1	1005601	700	1643.0	1643.0	0	0	0	0	130
56	0.0	0.0	0.5	2	1005602	700	2112.0	2112.0	0	0	0	0	118
56	0.0	0.0	0.5	3	1005603	700	2185.0	2185.0	0	0	0	0	143
56	0.0	0.0	0.5	4	1005604	700	1781.0	1781.0	0	0	0	0	128
56	0.0	0.0	0.5	5	1005605	700	2696.0	2696.0	0	0	0	0	139
56	0.0	0.0	0.5	6	1005606	700	2216.0	2216.0	0	0	0	0	125
56	0.0	0.0	0.5	7	1005607	700	1531.5	1531.5	0	0	0	0	119
56	0.0	0.0	0.5	8	1005608	700	2093.0	2093.0	0	0	0	0	117
56	0.0	0.0	0.5	9	1005609	700	1467.0	1467.0	0	0	0	0	127
56	0.0	0.0	0.5	10	1005610	700	2603.0	2603.0	0	0	0	0	125
57	0.0	3.0	0.5	1	1005701	700	1823.0	1823.0	0	0	0	0	311
57	0.0	3.0	0.5	2	1005702	700	2229.5	2229.5	0	0	0	0	275
57	0.0	3.0	0.5	3	1005703	700	2228.0	2228.0	0	0	0	0	298
57	0.0	3.0	0.5	4	1005704	700	2272.5	2272.5	0	1	0	0	286
57	0.0	3.0	0.5	5	1005705	700	1439.0	1439.0	0	0	0	0	299
57	0.0	3.0	0.5	6	1005706	700	2538.0	2538.0	0	0	0	0	285
57	0.0	3.0	0.5	7	1005707	700	1813.5	1813.5	0	0	0	0	306
57	0.0	3.0	0.5	8	1005708	700	2604.5	2604.5	0	0	0	0	311
57	0.0	3.0	0.5	9	1005709	700	2071.0	2071.0	0	0	0	0	284
57	0.0	3.0	0.5	10	1005710	700	3263.0	3263.0	0	0	0	0	266
58	0.0	6.0	0.5	1	1005801	700	2240.0	2240.0	0	0	0	0	583
58	0.0	6.0	0.5	2	1005802	700	3244.0	3244.0	0	1	0	0	571
58	0.0	6.0	0.5	3	1005803	700	3419.0	3419.0	0	4	0	0	567
58	0.0	6.0	0.5	4	1005804	700	4028.0	4028.0	0	2	0	0	577
58	0.0	6.0	0.5	5	1005805	700	2840.5	2840.5	0	0	0	0	512
58	0.0	6.0	0.5	6	1005806	700	4279.5	4279.5	0	0	0	0	568
58	0.0	6.0	0.5	7	1005807	700	2986.0	2986.0	0	0	0	0	578
58	0.0	6.0	0.5	8	1005808	700	3071.0	3071.0	0	2	0	0	587
58	0.0	6.0	0.5	9	1005809	700	1786.0	1786.0	0	0	0	0	596
58	0.0	6.0	0.5	10	1005810	700	3765.0	3765.0	0	3	0	0	571
59	0.0	9.0	0.5	1	1005901	700	4539.5	4539.5	0	2	0	0	567
59	0.0	9.0	0.5	2	1005902	700	4728.5	4728.5	0	2	0	0	574
59	0.0	9.0	0.5	3	1005903	700	3676.5	3676.5	0	4	0	0	589
59	0.0	9.0	0.5	4	1005904	700	3660.0	3660.0	0	6	0	0	591
59	0.0	9.0	0.5	5	1005905	700	4573.0	4573.0	0	3	0	0	572
59	0.0	9.0	0.5	6	1005906	700	4104.5	4104.5	0	1	0	0	587
59	0.0	9.0	0.5	7	1005907	700	2878.0	2878.0	0	3	0	0	604
59	0.0	9.0	0.5	8	1005908	700	3596.5	3596.5	0	3	0	0	571
59	0.0	9.0	0.5	9	1005909	700	4697.5	4697.5	0	4	0	0	552
59	0.0	9.0	0.5	10	1005910	700	3105.0	3105.0	0	2	0	0	579
60	0.0	12.0	0.5	1	1006001	700	4842.5	4862.5	1	5	1	0	610
60	0.0	12.0	0.5	2	1006002	700	4448.0	4551.0	1	6	1	0	561
60	0.0	12.0	0.5	3	1006003	700	6609.0	6717.0	3	5	3	0	564
60	0.0	12.0	0.5	4	1006004	700	5393.0	5631.0	2	8	2	0	569
60	0.0	12.0	0.5	5	1006005	700	4651.0	4651.0	0	6	0	0	579
60	0.0	12.0	0.5	6	1006006	700	5044.0	5143.0	1	5	1	0	575
60	0.0	12.0	0.5	7	1006007	700	5921.0	5921.0	0	5	0	0	593
60	0.0	12.0	0.5	8	1006008	700	4653.5	4752.5	1	4	1	0	607
60	0.0	12.0	0.5	9	1006009	700	4738.0	4738.0	0	5	0	0	579
60	0.0	12.0	0.5	10	1006010	700	3140.0	3140.0	0	5	0	0	586
61	0.0	15.0	0.5	1	1006101	700	5768.0	6245.0	6	7	6	0	596
61	0.0	15.0	0.5	2	1006102	700	7756.0	8449.0	8	10	8	0	559
61	0.0	15.0	0.5	3	1006103	700	12896.0	13380.0	7	10	7	0	586
61	0.0	15.0	0.5	4	1006104	700	5455.0	6223.0	8	5	8	0	595
61	0.0	15.0	0.5	5	1006105	700	8010.0	8668.0	8	10	8	0	554
61	0.0	15.0	0.5	6	1006106	700	7022.0	8025.0	10	7	10	0	577
61	0.0	15.0	0.5	7	1006107	700	7441.0	7991.0	6	8	6	0	604
61	0.0	15.0	0.5	8	1006108	700	10141.5	10360.5	2	10	2	0	583
61	0.0	15.0	0.5	9	1006109	700	8478.0	9724.0	12	11	12	0	581
61	0.0	15.0	0.5	10	1006110	700	11589.0	12070.0	6	9	6	0	563
62	0.0	18.0	0.5	1	1006201	700	13210.5	17393.5	29	10	29	0	597
62	0.0	18.0	0.5	2	1006202	700	9199.5	11664.5	20	11	20	0	594
62	0.0	18.0	0.5	3	1006203	700	12666.5	14527.0	19	12	21	1	644
62	0.0	18.0	0.5	4	1006204	700	11761.0	15239.0	28	8	35	1	614
62	0.0	18.0	0.5	5	1006205	700	13071.0	16645.0	27	11	27	0	599
62	0.0	18.0	0.5	6	1006206	700	11982.0	14194.0	24	9	24	0	589
62	0.0	18.0	0.5	7	1006207	700	11474.0	13874.5	24	8	24	0	575
62	0.0	18.0	0.5	8	1006208	700	14286.0	16364.0	19	9	19	0	607
62	0.0	18.0	0.5	9	1006209	700	9951.0	13081.0	25	11	28	1	578
62	0.0	18.0	0.5	10	1006210	700	22585.0	25500.0	21	8	21	0	574
63	0.0	21.0	0.5	1	1006301	700	15240.5	19846.0	39	11	43	1	628
63	0.0	21.0	0.5	2	1006302	700	21522.0	27634.0	43	13	52	2	599
63	0.0	21.0	0.5	3	1006303	700	16606.5	23420.5	50	9	50	0	651
63	0.0	21.0	0.5	4	1006304	700	21038.5	26256.5	42	12	42	0	610
63	0.0	21.0	0.5	5	1006305	700	19241.5	25696.5	50	12	50	0	588
63	0.0	21.0	0.5	6	1006306	700	14048.0	19247.0	43	10	47	1	603
63	0.0	21.0	0.5	7	1006307	700	13307.0	19390.5	51	13	55	1	614
63	0.0	21.0	0.5	8	1006308	700	15713.0	22362.0	43	12	50	2	635
63	0.0	21.0	0.5	9	1006309	700	19296.0	23373.0	30	12	39	2	639
63	0.0	21.0	0.5	10	1006310	700	14701.0	19540.5	35	11	39	1	633
64	0.0	24.0	0.5	1	1006401	700	21825.0	31987.0	66	13	76	2	644
64	0.0	24.0	0.5	2	1006402	700	23832.5	33202.0	69	12	69	0	644
64	0.0	24.0	0.5	3	1006403	700	22030.5	30644.0	64	13	75	2	613
64	0.0	24.0	0.5	4	1006404	700	17470.5	28373.0	65	15	85	4	604
64	0.0	24.0	0.5	5	1006405	700	21672.5	31346.0	75	11	79	1	622
64	0.0	24.0	0.5	6	1006406	700	18551.5	28082.0	71	11	83	3	647
64	0.0	24.0	0.5	7	1006407	700	22237.5	33534.5	73	11	90	3	614
64	0.0	24.0	0.5	8	1006408	700	19937.0	29720.5	75	12	77	1	657
64	0.0	24.0	0.5	9	1006409	700	18595.0	31066.0	75	13	97	6	646
64	0.0	24.0	0.5	10	1006410	700	20744.5	31110.5	65	11	74	2	636
65	0.0	27.0	0.5	1	1006501	700	21937.5	34923.5	90	12	105	2	627
65	0.0	27.0	0.5	2	1006502	700	20024.0	36152.0	99	11	136	8	647
65	0.0	27.0	0.5	3	1006503	700	19615.5	35213.0	100	13	119	3	640
65	0.0	27.0	0.5	4	1006504	700	20687.5	34869.5	86	13	100	3	646
65	0.0	27.0	0.5	5	1006505	700	22656.0	34147.5	86	14	112	5	652
65	0.0	27.0	0.5	6	1006506	700	21624.0	32718.0	81	13	81	0	610
65	0.0	27.0	0.5	7	1006507	700	22683.0	37140.0	89	13	105	3	631
65	0.0	27.0	0.5	8	1006508	700	20491.0	34058.0	85	15	101	4	632
65	0.0	27.0	0.5	9	1006509	700	23196.0	38134.0	88	14	119	6	620
65	0.0	27.0	0.5	10	1006510	700	22587.0	35170.0	81	12	89	2	624
66	0.0	30.0	0.5	1	1006601	700	21639.5	38598.5	115	14	133	5	659
66	0.0	30.0	0.5	2	1006602	700	22506.5	42184.5	119	12	132	4	658
66	0.0	30.0	0.5	3	1006603	700	20884.5	40930.5	127	13	169	7	685
66	0.0	30.0	0.5	4	1006604	700	21055.0	40116.0	121	13	146	6	584
66	0.0	30.0	0.5	5	1006605	700	21248.0	40716.0	110	11	142	7	562
66	0.0	30.0	0.5	6	1006606	700	20350.0	39409.0	117	13	154	6	601
66	0.0	30.0	0.5	7	1006607	700	20679.0	40850.0	118	9	155	8	640
66	0.0	30.0	0.5	8	1006608	700	19957.0	39497.0	119	13	149	6	611
66	0.0	30.0	0.5	9	1006609	700	24980.5	44847.5	117	10	122	1	585
66	0.0	30.0	0.5	10	1006610	700	20070.0	38028.5	116	12	146	7	600
67	1.0	0.0	0.5	1	1006701	700	1731.0	1731.0	0	0	0	0	134
67	1.0	0.0	0.5	2	1006702	700	1816.0	1816.0	0	0	0	0	168
67	1.0	0.0	0.5	3	1006703	700	2186.0	2186.0	0	0	0	0	172
67	1.0	0.0	0.5	4	1006704	700	1153.5	1153.5	0	0	0	0	158
67	1.0	0.0	0.5	5	1006705	700	1833.5	1833.5	0	0	0	0	167
67	1.0	0.0	0.5	6	1006706	700	2462.0	2462.0	0	0	0	0	159
67	1.0	0.0	0.5	7	1006707	700	2293.5	2293.5	0	0	0	0	169
67	1.0	0.0	0.5	8	1006708	700	1727.5	1727.5	0	0	0	0	180
67	1.0	0.0	0.5	9	1006709	700	1747.0	1747.0	0	0	0	0	167
67	1.0	0.0	0.5	10	1006710	700	1973.0	1973.0	0	0	0	0	173
68	1.0	3.0	0.5	1	1006801	700	2668.0	2668.0	0	0	0	0	412
68	1.0	3.0	0.5	2	1006802	700	2220.0	2220.0	0	0	0	0	467
68	1.0	3.0	0.5	3	1006803	700	2810.0	2810.0	0	0	0	0	458
68	1.0	3.0	0.5	4	1006804	700	2804.0	2804.0	0	1	0	0	406
68	1.0	3.0	0.5	5	1006805	700	2780.0	2780.0	0	0	0	0	460
68	1.0	3.0	0.5	6	1006806	700	2496.5	2496.5	0	0	0	0	471
68	1.0	3.0	0.5	7	1006807	700	1718.5	1718.5	0	0	0	0	376
68	1.0	3.0	0.5	8	1006808	700	2809.0	2809.0	0	0	0	0	459
68	1.0	3.0	0.5	9	1006809	700	3826.5	3826.5	0	0	0	0	456
68	1.0	3.0	0.5	10	1006810	700	2029.5	2029.5	0	0	0	0	404
69	1.0	6.0	0.5	1	1006901	700	5011.0	5011.0	0	1	0	0	589
69	1.0	6.0	0.5	2	1006902	700	2903.0	2903.0	0	3	0	0	582
69	1.0	6.0	0.5	3	1006903	700	2923.0	2978.0	1	1	1	0	579
69	1.0	6.0	0.5	4	1006904	700	1943.0	1943.0	0	2	0	0	609
69	1.0	6.0	0.5	5	1006905	700	3788.0	3788.0	0	2	0	0	586
69	1.0	6.0	0.5	6	1006906	700	2412.0	2412.0	0	3	0	0	595
69	1.0	6.0	0.5	7	1006907	700	3924.5	3924.5	0	3	0	0	564
69	1.0	6.0	0.5	8	1006908	700	2412.5	2412.5	0	1	0	0	597
69	1.0	6.0	0.5	9	1006909	700	3161.5	3161.5	0	1	0	0	548
69	1.0	6.0	0.5	10	1006910	700	3776.5	3776.5	0	3	0	0	570
70	1.0	9.0	0.5	1	1007001	700	4333.0	4402.0	1	3	1	0	620
70	1.0	9.0	0.5	2	1007002	700	4450.0	4624.0	4	3	4	0	574
70	1.0	9.0	0.5	3	1007003	700	5322.5	5426.5	3	6	3	0	614
70	1.0	9.0	0.5	4	1007004	700	5602.0	5631.0	1	5	1	0	602
70	1.0	9.0	0.5	5	1007005	700	3757.0	3890.0	3	5	3	0	570
70	1.0	9.0	0.5	6	1007006	700	4375.0	4375.0	0	5	0	0	556
70	1.0	9.0	0.5	7	1007007	700	3810.5	3975.5	2	4	2	0	543
70	1.0	9.0	0.5	8	1007008	700	5420.0	5420.0	0	3	0	0	559
70	1.0	9.0	0.5	9	1007009	700	5217.0	5431.0	2	5	2	0	590
70	1.0	9.0	0.5	10	1007010	700	4664.0	5067.0	4	6	4	0	576
71	1.0	12.0	0.5	1	1007101	700	10226.5	10919.0	9	7	9	0	596
71	1.0	12.0	0.5	2	1007102	700	6780.5	7760.5	14	5	14	0	576
71	1.0	12.0	0.5	3	1007103	700	9744.0	10696.5	11	8	11	0	611
71	1.0	12.0	0.5	4	1007104	700	6381.0	6932.0	7	7	7	0	589
71	1.0	12.0	0.5	5	1007105	700	6331.0	6664.0	5	5	5	0	572
71	1.0	12.0	0.5	6	1007106	700	7859.5	8912.5	13	7	13	0	584
71	1.0	12.0	0.5	7	1007107	700	6090.5	7158.5	13	8	13	0	578
71	1.0	12.0	0.5	8	1007108	700	7474.0	8236.0	10	5	10	0	569
71	1.0	12.0	0.5	9	1007109	700	5431.5	6111.5	10	6	10	0	579
71	1.0	12.0	0.5	10	1007110	700	7434.0	8653.0	14	6	14	0	568
72	1.0	15.0	0.5	1	1007201	700	11874.0	16241.0	42	7	42	0	573
72	1.0	15.0	0.5	2	1007202	700	9730.0	12524.0	27	11	27	0	579
72	1.0	15.0	0.5	3	1007203	700	7533.5	11505.5	37	11	37	0	569
72	1.0	15.0	0.5	4	1007204	700	9602.5	13125.5	37	9	37	0	593
72	1.0	15.0	0.5	5	1007205	700	8376.0	12722.0	42	9	42	0	603
72	1.0	15.0	0.5	6	1007206	700	16690.0	20707.0	35	8	35	0	576
72	1.0	15.0	0.5	7	1007207	700	12952.5	15951.5	33	10	33	0	580
72	1.0	15.0	0.5	8	1007208	700	8546.5	12519.0	37	9	37	0	543
72	1.0	15.0	0.5	9	1007209	700	20385.0	23377.0	32	7	32	0	628
72	1.0	15.0	0.5	10	1007210	700	10099.0	13695.0	36	13	36	0	589
73	1.0	18.0	0.5	1	1007301	700	17691.5	26290.5	73	12	73	0	603
73	1.0	18.0	0.5	2	1007302	700	14501.5	22916.0	73	12	73	0	590
73	1.0	18.0	0.5	3	1007303	700	17052.0	27394.0	80	11	80	0	638
73	1.0	18.0	0.5	4	1007304	700	16287.0	24602.0	74	10	76	0	591
73	1.0	18.0	0.5	5	1007305	700	11620.0	19280.5	65	9	69	1	593
73	1.0	18.0	0.5	6	1007306	700	16841.5	25265.0	79	9	79	0	593
73	1.0	18.0	0.5	7	1007307	700	13895.5	22725.0	77	12	82	1	608
73	1.0	18.0	0.5	8	1007308	700	14494.5	22556.0	65	10	65	0	626
73	1.0	18.0	0.5	9	1007309	700	16957.5	24971.0	67	9	69	0	580
73	1.0	18.0	0.5	10	1007310	700	20147.0	27331.0	70	12	72	0	629
74	1.0	21.0	0.5	1	1007401	700	18956.5	31514.5	101	12	106	2	605
74	1.0	21.0	0.5	2	1007402	700	16711.0	30735.5	102	11	102	0	606
74	1.0	21.0	0.5	3	1007403	700	21248.0	34081.0	98	12	115	4	615
74	1.0	21.0	0.5	4	1007404	700	13064.0	28058.0	112	13	120	2	645
74	1.0	21.0	0.5	5	1007405	700	19580.0	31444.0	97	13	118	5	621
74	1.0	21.0	0.5	6	1007406	700	14257.0	26204.0	99	13	103	1	630
74	1.0	21.0	0.5	7	1007407	700	19954.5	35169.0	96	12	120	6	599
74	1.0	21.0	0.5	8	1007408	700	20740.5	34232.5	99	12	113	2	595
74	1.0	21.0	0.5	9	1007409	700	20525.5	33910.0	110	11	122	3	619
74	1.0	21.0	0.5	10	1007410	700	18914.0	33027.0	112	13	116	0	594
75	1.0	24.0	0.5	1	1007501	700	20876.5	40487.5	151	12	161	4	611
75	1.0	24.0	0.5	2	1007502	700	21167.0	38996.0	131	11	150	3	593
75	1.0	24.0	0.5	3	1007503	700	20134.0	38518.5	132	12	152	4	578
75	1.0	24.0	0.5	4	1007504	700	21928.0	39971.5	128	11	138	3	587
75	1.0	24.0	0.5	5	1007505	700	17133.0	34751.0	125	10	158	6	620
75	1.0	24.0	0.5	6	1007506	700	19351.5	39291.0	139	11	174	7	641
75	1.0	24.0	0.5	7	1007507	700	17172.0	35926.0	138	14	156	2	624
75	1.0	24.0	0.5	8	1007508	700	19557.0	39131.5	122	11	150	4	627
75	1.0	24.0	0.5	9	1007509	700	20511.0	36467.0	116	12	120	1	637
75	1.0	24.0	0.5	10	1007510	700	20647.5	38772.5	126	11	154	7	604
76	1.0	27.0	0.5	1	1007601	700	17197.5	41677.5	158	12	190	6	595
76	1.0	27.0	0.5	2	1007602	700	19919.0	43373.0	162	13	196	5	590
76	1.0	27.0	0.5	3	1007603	700	18242.0	42840.5	165	11	208	7	604
76	1.0	27.0	0.5	4	1007604	700	18031.0	43385.5	151	9	209	10	577
76	1.0	27.0	0.5	5	1007605	700	19571.0	44823.0	158	9	195	6	617
76	1.0	27.0	0.5	6	1007606	700	15566.0	38774.0	161	13	209	9	625
76	1.0	27.0	0.5	7	1007607	700	17582.5	43472.0	172	11	256	11	637
76	1.0	27.0	0.5	8	1007608	700	18577.0	41325.0	163	11	179	3	573
76	1.0	27.0	0.5	9	1007609	700	18116.5	44422.5	172	13	195	5	592
76	1.0	27.0	0.5	10	1007610	700	17914.5	42340.5	159	12	218	12	595
77	1.0	30.0	0.5	1	1007701	700	16841.5	47050.0	189	10	230	8	643
77	1.0	30.0	0.5	2	1007702	700	18159.5	45422.0	178	11	233	8	584
77	1.0	30.0	0.5	3	1007703	700	17699.5	46532.5	180	11	214	6	594
77	1.0	30.0	0.5	4	1007704	700	18849.0	46817.0	183	14	238	14	611
77	1.0	30.0	0.5	5	1007705	700	17667.0	45657.5	184	14	225	5	568
77	1.0	30.0	0.5	6	1007706	700	18778.5	46979.5	198	11	250	7	602
77	1.0	30.0	0.5	7	1007707	700	20928.5	47424.5	172	14	211	6	631
77	1.0	30.0	0.5	8	1007708	700	15511.0	44566.5	181	10	234	8	592
77	1.0	30.0	0.5	9	1007709	700	18157.5	46000.5	167	12	253	15	637
77	1.0	30.0	0.5	10	1007710	700	18054.5	43412.0	177	10	208	5	609
78	2.0	0.0	0.5	1	1007801	700	1431.0	1431.0	0	0	0	0	185
78	2.0	0.0	0.5	2	1007802	700	2368.0	2368.0	0	0	0	0	179
78	2.0	0.0	0.5	3	1007803	700	1412.0	1412.0	0	0	0	0	207
78	2.0	0.0	0.5	4	1007804	700	1936.0	1936.0	0	0	0	0	202
78	2.0	0.0	0.5	5	1007805	700	1559.0	1559.0	0	0	0	0	200
78	2.0	0.0	0.5	6	1007806	700	1809.5	1809.5	0	0	0	0	181
78	2.0	0.0	0.5	7	1007807	700	1956.5	1956.5	0	0	0	0	193
78	2.0	0.0	0.5	8	1007808	700	1839.5	1839.5	0	0	0	0	193
78	2.0	0.0	0.5	9	1007809	700	1839.0	1839.0	0	0	0	0	187
78	2.0	0.0	0.5	10	1007810	700	1854.5	1854.5	0	0	0	0	193
79	2.0	3.0	0.5	1	1007901	700	2745.0	2745.0	0	0	0	0	524
79	2.0	3.0	0.5	2	1007902	700	2326.5	2326.5	0	0	0	0	461
79	2.0	3.0	0.5	3	1007903	700	2604.0	2604.0	0	1	0	0	521
79	2.0	3.0	0.5	4	1007904	700	2894.5	2894.5	0	1	0	0	483
79	2.0	3.0	0.5	5	1007905	700	2385.5	2385.5	0	0	0	0	535
79	2.0	3.0	0.5	6	1007906	700	3435.5	3435.5	0	1	0	0	495
79	2.0	3.0	0.5	7	1007907	700	2636.5	2636.5	0	0	0	0	521
79	2.0	3.0	0.5	8	1007908	700	2554.0	2554.0	0	0	0	0	536
79	2.0	3.0	0.5	9	1007909	700	2671.0	2671.0	0	1	0	0	505
79	2.0	3.0	0.5	10	1007910	700	2605.5	2605.5	0	0	0	0	512
80	2.0	6.0	0.5	1	1008001	700	3895.0	3952.0	1	3	1	0	587
80	2.0	6.0	0.5	2	1008002	700	3830.5	3864.5	2	2	2	0	588
80	2.0	6.0	0.5	3	1008003	700	4952.5	5007.5	3	2	3	0	557
80	2.0	6.0	0.5	4	1008004	700	3244.5	3288.5	1	3	1	0	563
80	2.0	6.0	0.5	5	1008005	700	3354.5	3385.5	1	2	1	0	574
80	2.0	6.0	0.5	6	1008006	700	4336.0	4336.0	0	2	0	0	585
80	2.0	6.0	0.5	7	1008007	700	3890.0	4047.0	2	3	2	0	571
80	2.0	6.0	0.5	8	1008008	700	3225.5	3225.5	0	2	0	0	551
80	2.0	6.0	0.5	9	1008009	700	3107.0	3195.0	2	2	2	0	602
80	2.0	6.0	0.5	10	1008010	700	2912.0	2966.0	1	2	1	0	603
81	2.0	9.0	0.5	1	1008101	700	4243.0	5443.0	13	6	13	0	570
81	2.0	9.0	0.5	2	1008102	700	4350.5	5060.5	11	5	11	0	586
81	2.0	9.0	0.5	3	1008103	700	4042.5	5517.5	18	2	18	0	598
81	2.0	9.0	0.5	4	1008104	700	4702.5	5853.5	13	7	13	0	564
81	2.0	9.0	0.5	5	1008105	700	5352.0	6440.0	18	4	18	0	592
81	2.0	9.0	0.5	6	1008106	700	5689.0	7272.0	19	7	19	0	614
81	2.0	9.0	0.5	7	1008107	700	5793.0	6884.0	14	6	14	0	575
81	2.0	9.0	0.5	8	1008108	700	5755.0	7053.0	18	6	18	0	569
81	2.0	9.0	0.5	9	1008109	700	5615.0	6726.0	15	4	15	0	582
81	2.0	9.0	0.5	10	1008110	700	5905.5	7361.5	17	6	17	0	586
82	2.0	12.0	0.5	1	1008201	700	7648.5	13261.5	57	9	57	0	564
82	2.0	12.0	0.5	2	1008202	700	7374.5	11305.0	46	7	46	0	592
82	2.0	12.0	0.5	3	1008203	700	9217.0	14160.5	55	8	55	0	601
82	2.0	12.0	0.5	4	1008204	700	8386.5	12141.0	42	10	46	1	626
82	2.0	12.0	0.5	5	1008205	700	7604.0	11782.5	47	9	47	0	575
82	2.0	12.0	0.5	6	1008206	700	9222.0	13239.0	43	8	43	0	566
82	2.0	12.0	0.5	7	1008207	700	8893.0	13234.0	54	10	58	1	599
82	2.0	12.0	0.5	8	1008208	700	6313.5	11219.0	51	9	53	0	576
82	2.0	12.0	0.5	9	1008209	700	9664.0	14412.0	47	9	47	0	578
82	2.0	12.0	0.5	10	1008210	700	7466.0	11659.5	50	9	50	0	595
83	2.0	15.0	0.5	1	1008301	700	16281.5	25377.0	87	10	91	0	616
83	2.0	15.0	0.5	2	1008302	700	11165.5	21532.5	91	9	93	0	609
83	2.0	15.0	0.5	3	1008303	700	10488.0	20451.0	100	12	102	0	605
83	2.0	15.0	0.5	4	1008304	700	12163.0	23972.0	107	7	107	0	607
83	2.0	15.0	0.5	5	1008305	700	14605.0	24611.0	93	11	98	1	611
83	2.0	15.0	0.5	6	1008306	700	16196.5	26348.0	97	9	97	0	596
83	2.0	15.0	0.5	7	1008307	700	9467.5	18964.5	90	10	92	0	586
83	2.0	15.0	0.5	8	1008308	700	11046.0	19695.0	88	11	90	1	587
83	2.0	15.0	0.5	9	1008309	700	19713.0	27903.0	77	12	79	0	589
83	2.0	15.0	0.5	10	1008310	700	18165.5	27596.0	85	11	85	0	579
84	2.0	18.0	0.5	1	1008401	700	14349.0	34687.5	152	14	161	1	572
84	2.0	18.0	0.5	2	1008402	700	12650.5	27930.5	131	9	144	2	610
84	2.0	18.0	0.5	3	1008403	700	16428.5	31953.0	133	11	135	0	615
84	2.0	18.0	0.5	4	1008404	700	17811.5	33373.5	137	11	146	2	592
84	2.0	18.0	0.5	5	1008405	700	16201.0	31617.0	130	10	132	0	615
84	2.0	18.0	0.5	6	1008406	700	13817.0	31378.0	137	10	148	2	596
84	2.0	18.0	0.5	7	1008407	700	20625.0	35451.0	128	10	137	2	604
84	2.0	18.0	0.5	8	1008408	700	11104.0	28108.5	139	14	153	3	592
84	2.0	18.0	0.5	9	1008409	700	13951.5	31203.5	145	11	155	2	589
84	2.0	18.0	0.5	10	1008410	700	17822.0	34541.0	144	11	148	1	565
85	2.0	21.0	0.5	1	1008501	700	14565.0	36751.0	171	10	205	4	613
85	2.0	21.0	0.5	2	1008502	700	15328.5	38450.0	167	12	207	6	596
85	2.0	21.0	0.5	3	1008503	700	13240.5	37551.0	194	12	212	3	573
85	2.0	21.0	0.5	4	1008504	700	14085.0	37512.0	169	15	189	3	582
85	2.0	21.0	0.5	5	1008505	700	14596.0	37610.0	168	15	184	1	565
85	2.0	21.0	0.5	6	1008506	700	11276.0	35378.0	180	12	220	5	592
85	2.0	21.0	0.5	7	1008507	700	16539.0	38805.0	185	13	207	5	578
85	2.0	21.0	0.5	8	1008508	700	13021.5	36017.5	178	10	198	5	579
85	2.0	21.0	0.5	9	1008509	700	14861.5	38362.0	183	12	207	3	621
85	2.0	21.0	0.5	10	1008510	700	15720.5	38498.5	182	11	192	2	594
86	2.0	24.0	0.5	1	1008601	700	17099.5	47943.5	199	11	240	7	612
86	2.0	24.0	0.5	2	1008602	700	16767.5	39783.5	189	11	207	5	584
86	2.0	24.0	0.5	3	1008603	700	17905.5	44538.0	187	12	207	4	609
86	2.0	24.0	0.5	4	1008604	700	15034.5	44487.0	208	11	255	10	599
86	2.0	24.0	0.5	5	1008605	700	18846.5	44224.5	190	13	211	4	552
86	2.0	24.0	0.5	6	1008606	700	16874.5	44462.5	210	10	254	9	608
86	2.0	24.0	0.5	7	1008607	700	16169.0	45806.0	203	13	251	7	572
86	2.0	24.0	0.5	8	1008608	700	14812.0	42282.0	193	10	232	4	569
86	2.0	24.0	0.5	9	1008609	700	13961.5	44719.5	207	9	254	5	583
86	2.0	24.0	0.5	10	1008610	700	15004.5	42879.0	206	14	240	5	584
87	2.0	27.0	0.5	1	1008701	700	14360.0	48324.0	229	12	284	9	579
87	2.0	27.0	0.5	2	1008702	700	16591.0	47437.0	217	11	263	8	610
87	2.0	27.0	0.5	3	1008703	700	14178.0	48476.0	228	10	281	8	584
87	2.0	27.0	0.5	4	1008704	700	13286.5	48150.0	225	11	304	14	601
87	2.0	27.0	0.5	5	1008705	700	12301.5	46936.5	228	10	285	8	592
87	2.0	27.0	0.5	6	1008706	700	15273.5	49343.5	212	10	306	15	599
87	2.0	27.0	0.5	7	1008707	700	15097.0	49469.5	218	9	287	11	553
87	2.0	27.0	0.5	8	1008708	700	13517.5	45660.0	224	11	278	8	572
87	2.0	27.0	0.5	9	1008709	700	13871.0	47869.5	230	13	302	12	608
87	2.0	27.0	0.5	10	1008710	700	15301.5	46648.0	218	11	267	6	559
88	2.0	30.0	0.5	1	1008801	700	13640.5	51946.0	243	7	314	10	562
88	2.0	30.0	0.5	2	1008802	700	13745.0	51035.0	235	10	311	15	599
88	2.0	30.0	0.5	3	1008803	700	11196.5	49169.5	243	12	334	13	617
88	2.0	30.0	0.5	4	1008804	700	14304.5	51819.0	240	12	323	13	559
88	2.0	30.0	0.5	5	1008805	700	12421.5	50196.0	256	9	326	11	577
88	2.0	30.0	0.5	6	1008806	700	12331.0	50764.0	249	12	336	11	589
88	2.0	30.0	0.5	7	1008807	700	16623.0	51271.0	232	10	277	10	585
88	2.0	30.0	0.5	8	1008808	700	14758.0	52350.5	230	8	321	15	557
88	2.0	30.0	0.5	9	1008809	700	14768.5	51850.5	244	9	310	12	585
88	2.0	30.0	0.5	10	1008810	700	14609.0	54079.5	237	10	318	11	598
89	3.0	0.0	0.5	1	1008901	700	1626.5	1626.5	0	0	0	0	202
89	3.0	0.0	0.5	2	1008902	700	1754.5	1754.5	0	0	0	0	227
89	3.0	0.0	0.5	3	1008903	700	1763.5	1763.5	0	0	0	0	225
89	3.0	0.0	0.5	4	1008904	700	1719.0	1719.0	0	0	0	0	234
89	3.0	0.0	0.5	5	1008905	700	1806.5	1806.5	0	0	0	0	224
89	3.0	0.0	0.5	6	1008906	700	1835.5	1835.5	0	0	0	0	262
89	3.0	0.0	0.5	7	1008907	700	1838.0	1838.0	0	0	0	0	236
89	3.0	0.0	0.5	8	1008908	700	1774.5	1774.5	0	0	0	0	256
89	3.0	0.0	0.5	9	1008909	700	1742.0	1742.0	0	0	0	0	225
89	3.0	0.0	0.5	10	1008910	700	2393.5	2393.5	0	0	0	0	227
90	3.0	3.0	0.5	1	1009001	700	2504.5	2550.5	1	0	1	0	519
90	3.0	3.0	0.5	2	1009002	700	2677.5	2737.5	1	0	1	0	517
90	3.0	3.0	0.5	3	1009003	700	3068.5	3068.5	0	1	0	0	555
90	3.0	3.0	0.5	4	1009004	700	2123.0	2123.0	0	1	0	0	566
90	3.0	3.0	0.5	5	1009005	700	1925.5	1925.5	0	0	0	0	540
90	3.0	3.0	0.5	6	1009006	700	2792.5	2807.5	1	1	1	0	493
90	3.0	3.0	0.5	7	1009007	700	2809.5	2809.5	0	0	0	0	523
90	3.0	3.0	0.5	8	1009008	700	2327.5	2368.5	1	1	1	0	583
90	3.0	3.0	0.5	9	1009009	700	3005.0	3005.0	0	1	0	0	555
90	3.0	3.0	0.5	10	1009010	700	2439.5	2439.5	0	0	0	0	556
91	3.0	6.0	0.5	1	1009101	700	4738.5	5555.5	13	1	13	0	578
91	3.0	6.0	0.5	2	1009102	700	3863.0	4302.0	8	6	8	0	588
91	3.0	6.0	0.5	3	1009103	700	4339.0	4749.0	9	4	9	0	573
91	3.0	6.0	0.5	4	1009104	700	3379.0	3978.0	9	3	9	0	577
91	3.0	6.0	0.5	5	1009105	700	3528.0	4459.0	14	5	14	0	561
91	3.0	6.0	0.5	6	1009106	700	2687.0	3120.0	9	4	9	0	606
91	3.0	6.0	0.5	7	1009107	700	3841.0	4421.0	10	4	10	0	567
91	3.0	6.0	0.5	8	1009108	700	4178.0	4754.0	11	4	11	0	599
91	3.0	6.0	0.5	9	1009109	700	3180.0	3494.0	6	4	6	0	568
91	3.0	6.0	0.5	10	1009110	700	3864.5	4668.5	13	3	13	0	589
92	3.0	9.0	0.5	1	1009201	700	4799.0	7301.0	37	6	37	0	610
92	3.0	9.0	0.5	2	1009202	700	5682.0	9626.5	57	8	57	0	593
92	3.0	9.0	0.5	3	1009203	700	6325.5	9339.0	46	7	46	0	593
92	3.0	9.0	0.5	4	1009204	700	4691.5	8280.5	43	8	43	0	590
92	3.0	9.0	0.5	5	1009205	700	5432.0	10484.0	66	9	66	0	571
92	3.0	9.0	0.5	6	1009206	700	8809.5	11883.5	42	7	42	0	539
92	3.0	9.0	0.5	7	1009207	700	4723.0	8102.0	46	9	46	0	557
92	3.0	9.0	0.5	8	1009208	700	7739.5	11006.0	45	7	45	0	596
92	3.0	9.0	0.5	9	1009209	700	6735.0	10639.5	50	5	50	0	576
92	3.0	9.0	0.5	10	1009210	700	4181.0	8476.0	53	7	53	0	575
93	3.0	12.0	0.5	1	1009301	700	6583.0	15421.0	101	11	101	0	575
93	3.0	12.0	0.5	2	1009302	700	6198.0	16665.0	121	6	123	0	580
93	3.0	12.0	0.5	3	1009303	700	7631.0	19173.0	121	4	123	0	579
93	3.0	12.0	0.5	4	1009304	700	7240.0	16459.0	101	9	101	0	582
93	3.0	12.0	0.5	5	1009305	700	6499.5	15182.0	99	10	101	0	609
93	3.0	12.0	0.5	6	1009306	700	7362.5	18204.5	126	13	126	0	580
93	3.0	12.0	0.5	7	1009307	700	7200.0	16062.0	95	8	95	0	580
93	3.0	12.0	0.5	8	1009308	700	6125.0	16485.0	117	7	121	0	592
93	3.0	12.0	0.5	9	1009309	700	9727.0	18449.0	102	11	102	0	613
93	3.0	12.0	0.5	10	1009310	700	5005.0	15295.0	112	7	114	0	571
94	3.0	15.0	0.5	1	1009401	700	7812.5	22571.0	156	12	156	0	573
94	3.0	15.0	0.5	2	1009402	700	17986.0	34489.0	154	9	156	0	606
94	3.0	15.0	0.5	3	1009403	700	10159.5	26436.5	159	9	162	1	580
94	3.0	15.0	0.5	4	1009404	700	9798.5	29465.0	176	11	178	0	588
94	3.0	15.0	0.5	5	1009405	700	8161.0	26780.5	169	9	172	1	596
94	3.0	15.0	0.5	6	1009406	700	11939.5	30111.5	166	10	174	0	593
94	3.0	15.0	0.5	7	1009407	700	11195.5	29315.0	161	9	170	2	596
94	3.0	15.0	0.5	8	1009408	700	6128.5	21671.5	168	10	174	0	590
94	3.0	15.0	0.5	9	1009409	700	10146.5	29382.5	169	11	183	2	586
94	3.0	15.0	0.5	10	1009410	700	11105.5	27873.5	163	9	167	0	634
95	3.0	18.0	0.5	1	1009501	700	13769.0	37900.5	199	14	203	0	586
95	3.0	18.0	0.5	2	1009502	700	13554.5	39442.0	229	11	234	1	571
95	3.0	18.0	0.5	3	1009503	700	12034.0	37148.5	212	12	223	1	579
95	3.0	18.0	0.5	4	1009504	700	14838.0	37856.5	219	12	225	0	579
95	3.0	18.0	0.5	5	1009505	700	13669.5	38620.0	204	12	223	2	598
95	3.0	18.0	0.5	6	1009506	700	10736.0	36972.0	233	10	235	0	612
95	3.0	18.0	0.5	7	1009507	700	14444.0	38534.0	219	12	227	1	601
95	3.0	18.0	0.5	8	1009508	700	14901.0	40859.0	233	9	233	0	589
95	3.0	18.0	0.5	9	1009509	700	10607.0	38410.0	228	8	262	5	588
95	3.0	18.0	0.5	10	1009510	700	12916.5	37213.0	207	10	225	1	609
96	3.0	21.0	0.5	1	1009601	700	14517.0	44761.0	250	10	261	1	596
96	3.0	21.0	0.5	2	1009602	700	15352.5	44816.0	229	9	263	6	597
96	3.0	21.0	0.5	3	1009603	700	10894.0	40221.5	245	15	279	6	606
96	3.0	21.0	0.5	4	1009604	700	13102.0	44788.5	245	13	285	6	590
96	3.0	21.0	0.5	5	1009605	700	13055.0	44519.5	244	11	260	2	587
96	3.0	21.0	0.5	6	1009606	700	14300.0	43859.5	239	12	271	5	605
96	3.0	21.0	0.5	7	1009607	700	13382.0	46317.0	255	13	270	2	582
96	3.0	21.0	0.5	8	1009608	700	12344.5	43884.0	254	12	281	5	614
96	3.0	21.0	0.5	9	1009609	700	11639.0	44777.0	248	9	285	7	565
96	3.0	21.0	0.5	10	1009610	700	13155.5	44603.0	248	12	271	2	598
97	3.0	24.0	0.5	1	1009701	700	10958.0	47660.0	247	9	304	7	586
97	3.0	24.0	0.5	2	1009702	700	11140.0	46820.5	258	10	309	8	622
97	3.0	24.0	0.5	3	1009703	700	10629.5	47265.0	255	9	313	9	566
97	3.0	24.0	0.5	4	1009704	700	12138.5	48966.0	263	9	313	7	591
97	3.0	24.0	0.5	5	1009705	700	12497.5	48940.5	261	11	301	6	588
97	3.0	24.0	0.5	6	1009706	700	9399.0	48049.5	275	11	335	10	597
97	3.0	24.0	0.5	7	1009707	700	8028.0	43281.0	270	11	310	7	626
97	3.0	24.0	0.5	8	1009708	700	10340.5	48000.0	276	10	327	7	585
97	3.0	24.0	0.5	9	1009709	700	9366.0	45961.5	265	11	300	5	595
97	3.0	24.0	0.5	10	1009710	700	12138.0	47735.0	268	10	324	7	572
98	3.0	27.0	0.5	1	1009801	700	12262.5	54325.0	270	8	345	12	595
98	3.0	27.0	0.5	2	1009802	700	11944.0	52799.5	297	9	338	3	575
98	3.0	27.0	0.5	3	1009803	700	10600.5	53509.0	300	8	358	12	598
98	3.0	27.0	0.5	4	1009804	700	11410.5	51672.5	269	11	330	10	562
98	3.0	27.0	0.5	5	1009805	700	10946.5	51502.0	270	9	318	9	567
98	3.0	27.0	0.5	6	1009806	700	11954.5	51736.0	277	9	333	12	587
98	3.0	27.0	0.5	7	1009807	700	9163.0	49905.5	271	8	347	13	591
98	3.0	27.0	0.5	8	1009808	700	7763.0	48360.0	284	7	346	11	578
98	3.0	27.0	0.5	9	1009809	700	11157.0	51387.0	276	7	335	8	580
98	3.0	27.0	0.5	10	1009810	700	10856.0	52409.0	277	8	338	9	570
99	3.0	30.0	0.5	1	1009901	700	7964.0	52196.5	292	9	338	9	565
99	3.0	30.0	0.5	2	1009902	700	9621.5	52752.0	288	7	362	12	608
99	3.0	30.0	0.5	3	1009903	700	8180.0	51638.0	285	6	328	7	600
99	3.0	30.0	0.5	4	1009904	700	12436.0	56925.5	295	9	332	7	578
99	3.0	30.0	0.5	5	1009905	700	8246.5	52662.5	274	8	337	10	545
99	3.0	30.0	0.5	6	1009906	700	11432.5	55257.0	289	8	331	5	588
99	3.0	30.0	0.5	7	1009907	700	9213.0	54352.0	273	9	369	11	556
99	3.0	30.0	0.5	8	1009908	700	9018.5	51844.0	292	10	354	10	569
99	3.0	30.0	0.5	9	1009909	700	10037.0	54454.5	284	9	344	11	579
99	3.0	30.0	0.5	10	1009910	700	9581.0	52881.0	260	7	351	17	599
100	4.0	0.0	0.5	1	1010001	700	2124.0	2124.0	0	0	0	0	293
100	4.0	0.0	0.5	2	1010002	700	2148.0	2148.0	0	0	0	0	285
100	4.0	0.0	0.5	3	1010003	700	1593.5	1617.5	1	0	1	0	285
100	4.0	0.0	0.5	4	1010004	700	2224.5	2224.5	0	0	0	0	251
100	4.0	0.0	0.5	5	1010005	700	1612.0	1612.0	0	0	0	0	228
100	4.0	0.0	0.5	6	1010006	700	1435.0	1435.0	0	0	0	0	266
100	4.0	0.0	0.5	7	1010007	700	1971.5	1971.5	0	0	0	0	255
100	4.0	0.0	0.5	8	1010008	700	1956.0	1956.0	0	0	0	0	240
100	4.0	0.0	0.5	9	1010009	700	1594.5	1594.5	0	0	0	0	279
100	4.0	0.0	0.5	10	1010010	700	1950.0	1950.0	0	0	0	0	258
101	4.0	3.0	0.5	1	1010101	700	3306.5	3306.5	0	0	0	0	531
101	4.0	3.0	0.5	2	1010102	700	3314.0	3377.0	2	1	2	0	586
101	4.0	3.0	0.5	3	1010103	700	2868.0	3054.0	4	1	4	0	556
101	4.0	3.0	0.5	4	1010104	700	2251.5	2303.5	1	0	1	0	549
101	4.0	3.0	0.5	5	1010105	700	2888.5	2919.5	1	2	1	0	511
101	4.0	3.0	0.5	6	1010106	700	2175.0	2199.0	1	1	1	0	537
101	4.0	3.0	0.5	7	1010107	700	2980.5	3064.5	3	0	3	0	523
101	4.0	3.0	0.5	8	1010108	700	2572.0	2667.0	2	1	2	0	514
101	4.0	3.0	0.5	9	1010109	700	2320.0	2346.0	1	1	1	0	564
101	4.0	3.0	0.5	10	1010110	700	3265.0	3492.0	5	0	5	0	551
102	4.0	6.0	0.5	1	1010201	700	3724.0	5701.5	29	5	29	0	584
102	4.0	6.0	0.5	2	1010202	700	3815.0	5036.0	25	4	25	0	566
102	4.0	6.0	0.5	3	1010203	700	3595.0	5009.0	25	3	25	0	605
102	4.0	6.0	0.5	4	1010204	700	4051.0	5595.0	30	3	30	0	578
102	4.0	6.0	0.5	5	1010205	700	3643.0	5537.0	33	5	33	0	593
102	4.0	6.0	0.5	6	1010206	700	4024.5	6115.5	34	5	34	0	605
102	4.0	6.0	0.5	7	1010207	700	3601.5	5084.5	26	2	26	0	583
102	4.0	6.0	0.5	8	1010208	700	3965.5	6132.0	36	3	36	0	577
102	4.0	6.0	0.5	9	1010209	700	3652.0	5294.0	30	3	30	0	591
102	4.0	6.0	0.5	10	1010210	700	3621.5	5399.5	32	4	32	0	622
103	4.0	9.0	0.5	1	1010301	700	4142.5	11320.5	87	7	87	0	568
103	4.0	9.0	0.5	2	1010302	700	4021.0	11274.0	97	4	97	0	594
103	4.0	9.0	0.5	3	1010303	700	5923.0	13695.5	98	4	100	0	606
103	4.0	9.0	0.5	4	1010304	700	5303.0	11393.5	84	4	84	0	586
103	4.0	9.0	0.5	5	1010305	700	5570.0	12695.0	93	6	93	0	575
103	4.0	9.0	0.5	6	1010306	700	5607.5	13674.0	106	5	108	0	585
103	4.0	9.0	0.5	7	1010307	700	5835.5	12769.0	95	6	97	0	602
103	4.0	9.0	0.5	8	1010308	700	5418.0	12223.0	87	6	87	0	584
103	4.0	9.0	0.5	9	1010309	700	6565.5	13254.0	96	4	96	0	569
103	4.0	9.0	0.5	10	1010310	700	4978.0	12513.5	106	5	106	0	591
104	4.0	12.0	0.5	1	1010401	700	5515.0	21146.5	175	7	177	0	585
104	4.0	12.0	0.5	2	1010402	700	13692.5	27892.5	162	7	164	0	588
104	4.0	12.0	0.5	3	1010403	700	4470.0	21136.0	181	6	183	0	586
104	4.0	12.0	0.5	4	1010404	700	11037.5	24795.5	158	8	160	0	588
104	4.0	12.0	0.5	5	1010405	700	8302.0	24132.0	171	7	173	0	587
104	4.0	12.0	0.5	6	1010406	700	6618.0	21699.0	166	8	168	0	629
104	4.0	12.0	0.5	7	1010407	700	6788.5	21852.0	156	11	162	1	577
104	4.0	12.0	0.5	8	1010408	700	6442.5	22487.0	164	8	172	0	614
104	4.0	12.0	0.5	9	1010409	700	5378.0	20459.0	169	9	169	0	589
104	4.0	12.0	0.5	10	1010410	700	8452.0	24439.5	177	7	183	0	588
105	4.0	15.0	0.5	1	1010501	700	7110.5	29876.0	223	8	225	0	577
105	4.0	15.0	0.5	2	1010502	700	9722.0	33918.0	224	12	237	2	587
105	4.0	15.0	0.5	3	1010503	700	11006.0	35438.5	248	11	248	0	590
105	4.0	15.0	0.5	4	1010504	700	9603.5	32744.0	226	9	232	0	624
105	4.0	15.0	0.5	5	1010505	700	9360.0	33256.0	225	12	229	0	559
105	4.0	15.0	0.5	6	1010506	700	8545.5	32904.0	245	8	253	0	585
105	4.0	15.0	0.5	7	1010507	700	8914.5	32117.5	236	8	240	0	592
105	4.0	15.0	0.5	8	1010508	700	10533.0	33632.5	213	8	223	2	590
105	4.0	15.0	0.5	9	1010509	700	8025.5	30893.0	217	7	226	1	603
105	4.0	15.0	0.5	10	1010510	700	10374.0	33379.0	242	7	242	0	590
106	4.0	18.0	0.5	1	1010601	700	8389.5	39937.5	274	10	285	1	586
106	4.0	18.0	0.5	2	1010602	700	6301.5	36571.5	257	9	277	4	576
106	4.0	18.0	0.5	3	1010603	700	10111.5	42246.0	275	10	287	1	593
106	4.0	18.0	0.5	4	1010604	700	11318.5	42704.0	271	10	286	2	581
106	4.0	18.0	0.5	5	1010605	700	13234.0	45141.5	282	10	288	0	554
106	4.0	18.0	0.5	6	1010606	700	10065.0	41229.5	266	11	278	1	571
106	4.0	18.0	0.5	7	1010607	700	8959.0	39206.0	266	12	270	0	584
106	4.0	18.0	0.5	8	1010608	700	10835.5	42379.5	265	11	283	3	600
106	4.0	18.0	0.5	9	1010609	700	7649.5	37070.0	270	11	278	0	578
106	4.0	18.0	0.5	10	1010610	700	9968.0	40279.5	259	12	283	1	587
107	4.0	21.0	0.5	1	1010701	700	8685.5	46275.5	285	8	305	2	565
107	4.0	21.0	0.5	2	1010702	700	8998.5	45201.5	283	8	311	3	573
107	4.0	21.0	0.5	3	1010703	700	11401.0	46729.5	285	10	301	2	593
107	4.0	21.0	0.5	4	1010704	700	10011.5	49375.0	285	10	307	2	577
107	4.0	21.0	0.5	5	1010705	700	9478.0	49504.0	299	9	322	5	602
107	4.0	21.0	0.5	6	1010706	700	8755.5	46766.0	304	9	317	2	601
107	4.0	21.0	0.5	7	1010707	700	9208.5	47535.5	311	9	330	3	576
107	4.0	21.0	0.5	8	1010708	700	8488.5	47730.0	299	8	315	2	576
107	4.0	21.0	0.5	9	1010709	700	6443.5	45135.5	312	10	326	1	571
107	4.0	21.0	0.5	10	1010710	700	9404.5	46017.0	299	9	321	3	586
108	4.0	24.0	0.5	1	1010801	700	7359.0	48743.0	302	7	345	6	589
108	4.0	24.0	0.5	2	1010802	700	7266.5	51879.0	321	7	352	4	587
108	4.0	24.0	0.5	3	1010803	700	6985.0	50743.0	314	8	348	6	558
108	4.0	24.0	0.5	4	1010804	700	8008.0	50294.0	301	6	348	6	602
108	4.0	24.0	0.5	5	1010805	700	7352.0	52177.0	303	9	333	5	562
108	4.0	24.0	0.5	6	1010806	700	6559.0	47175.5	300	9	340	7	586
108	4.0	24.0	0.5	7	1010807	700	7259.0	51396.5	313	12	342	5	575
108	4.0	24.0	0.5	8	1010808	700	9620.0	51451.0	292	7	346	8	619
108	4.0	24.0	0.5	9	1010809	700	8046.0	49042.5	287	8	333	6	561
108	4.0	24.0	0.5	10	1010810	700	8220.5	50617.0	301	9	342	9	574
109	4.0	27.0	0.5	1	1010901	700	7008.5	53243.0	296	8	332	6	577
109	4.0	27.0	0.5	2	1010902	700	6099.0	53207.0	325	6	345	4	565
109	4.0	27.0	0.5	3	1010903	700	7877.0	52450.5	294	7	324	5	563
109	4.0	27.0	0.5	4	1010904	700	6865.5	51848.5	292	10	342	9	630
109	4.0	27.0	0.5	5	1010905	700	6956.5	53275.5	306	7	344	5	597
109	4.0	27.0	0.5	6	1010906	700	7236.5	52262.0	306	7	342	5	569
109	4.0	27.0	0.5	7	1010907	700	5520.0	50121.5	303	8	343	8	559
109	4.0	27.0	0.5	8	1010908	700	7026.0	53564.0	298	9	352	7	567
109	4.0	27.0	0.5	9	1010909	700	8162.0	53966.0	314	8	352	7	596
109	4.0	27.0	0.5	10	1010910	700	7971.5	52838.0	293	9	324	6	593
110	4.0	30.0	0.5	1	1011001	700	8387.5	56420.0	298	7	345	7	561
110	4.0	30.0	0.5	2	1011002	700	7400.5	56068.5	304	6	356	10	565
110	4.0	30.0	0.5	3	1011003	700	6886.0	55113.0	304	6	378	11	590
110	4.0	30.0	0.5	4	1011004	700	7620.0	54975.0	296	8	341	7	573
110	4.0	30.0	0.5	5	1011005	700	4533.0	51013.5	319	7	346	4	579
110	4.0	30.0	0.5	6	1011006	700	7778.0	55416.0	299	9	343	5	577
110	4.0	30.0	0.5	7	1011007	700	5726.0	53286.0	303	5	343	4	566
110	4.0	30.0	0.5	8	1011008	700	8020.5	58173.5	306	7	346	7	595
110	4.0	30.0	0.5	9	1011009	700	5778.5	54237.5	308	5	351	5	594
110	4.0	30.0	0.5	10	1011010	700	8194.0	54451.5	307	9	331	2	586
111	5.0	0.0	0.5	1	1011101	700	1838.0	1838.0	0	0	0	0	266
111	5.0	0.0	0.5	2	1011102	700	1867.0	1867.0	0	0	0	0	279
111	5.0	0.0	0.5	3	1011103	700	1785.0	1785.0	0	0	0	0	274
111	5.0	0.0	0.5	4	1011104	700	2203.5	2203.5	0	0	0	0	281
111	5.0	0.0	0.5	5	1011105	700	1445.0	1445.0	0	0	0	0	289
111	5.0	0.0	0.5	6	1011106	700	2180.5	2180.5	0	0	0	0	255
111	5.0	0.0	0.5	7	1011107	700	2302.0	2302.0	0	0	0	0	301
111	5.0	0.0	0.5	8	1011108	700	1662.5	1662.5	0	0	0	0	311
111	5.0	0.0	0.5	9	1011109	700	1802.0	1802.0	0	0	0	0	298
111	5.0	0.0	0.5	10	1011110	700	1840.0	1840.0	0	0	0	0	264
112	5.0	3.0	0.5	1	1011201	700	2413.5	2583.5	6	1	6	0	536
112	5.0	3.0	0.5	2	1011202	700	2433.5	2632.5	5	0	5	0	533
112	5.0	3.0	0.5	3	1011203	700	2490.5	2978.5	11	0	11	0	579
112	5.0	3.0	0.5	4	1011204	700	2380.5	2791.5	9	2	9	0	536
112	5.0	3.0	0.5	5	1011205	700	2931.0	3150.0	7	1	7	0	538
112	5.0	3.0	0.5	6	1011206	700	3052.0	3400.0	9	2	9	0	536
112	5.0	3.0	0.5	7	1011207	700	2520.5	2622.5	3	0	3	0	553
112	5.0	3.0	0.5	8	1011208	700	2396.5	2714.5	9	0	9	0	520
112	5.0	3.0	0.5	9	1011209	700	2515.5	2798.5	9	1	9	0	515
112	5.0	3.0	0.5	10	1011210	700	3298.0	3526.0	6	0	6	0	573
113	5.0	6.0	0.5	1	1011301	700	2608.5	6159.5	55	1	55	0	578
113	5.0	6.0	0.5	2	1011302	700	3292.0	6730.0	61	2	61	0	616
113	5.0	6.0	0.5	3	1011303	700	4234.0	7590.0	60	4	60	0	580
113	5.0	6.0	0.5	4	1011304	700	3269.0	6921.5	54	1	54	0	565
113	5.0	6.0	0.5	5	1011305	700	3535.0	7116.0	63	1	63	0	579
113	5.0	6.0	0.5	6	1011306	700	3041.0	7299.0	62	2	64	0	574
113	5.0	6.0	0.5	7	1011307	700	2601.5	6467.0	64	3	64	0	578
113	5.0	6.0	0.5	8	1011308	700	2542.5	6174.5	58	3	58	0	590
113	5.0	6.0	0.5	9	1011309	700	2814.0	6745.5	64	3	66	0	607
113	5.0	6.0	0.5	10	1011310	700	4195.0	7895.5	57	5	57	0	603
114	5.0	9.0	0.5	1	1011401	700	4595.5	15853.0	139	4	141	0	588
114	5.0	9.0	0.5	2	1011402	700	4166.5	15022.5	145	5	145	0	569
114	5.0	9.0	0.5	3	1011403	700	4643.5	16001.0	130	4	130	0	596
114	5.0	9.0	0.5	4	1011404	700	3920.0	15392.0	140	6	142	0	582
114	5.0	9.0	0.5	5	1011405	700	4184.0	15635.5	141	5	141	0	596
114	5.0	9.0	0.5	6	1011406	700	4177.0	15988.5	136	5	138	0	575
114	5.0	9.0	0.5	7	1011407	700	3030.5	12475.0	126	6	128	0	580
114	5.0	9.0	0.5	8	1011408	700	3574.5	14106.5	136	5	140	0	587
114	5.0	9.0	0.5	9	1011409	700	4627.0	16030.5	135	5	139	0	583
114	5.0	9.0	0.5	10	1011410	700	5809.5	15494.5	129	6	129	0	549
115	5.0	12.0	0.5	1	1011501	700	4740.0	25266.0	215	6	227	1	566
115	5.0	12.0	0.5	2	1011502	700	4091.0	25388.0	222	4	227	0	588
115	5.0	12.0	0.5	3	1011503	700	9268.5	28660.0	216	6	216	0	545
115	5.0	12.0	0.5	4	1011504	700	6629.0	25748.5	208	5	208	0	573
115	5.0	12.0	0.5	5	1011505	700	9150.0	28001.5	199	5	203	0	600
115	5.0	12.0	0.5	6	1011506	700	8782.0	28203.0	212	7	214	0	590
115	5.0	12.0	0.5	7	1011507	700	11394.0	31334.0	198	7	200	0	568
115	5.0	12.0	0.5	8	1011508	700	6020.0	26954.0	222	4	226	0	554
115	5.0	12.0	0.5	9	1011509	700	7799.5	27981.5	212	6	216	1	583
115	5.0	12.0	0.5	10	1011510	700	4932.5	25129.0	221	5	221	0	579
116	5.0	15.0	0.5	1	1011601	700	8068.0	36733.5	267	7	277	0	562
116	5.0	15.0	0.5	2	1011602	700	7720.0	36994.5	271	10	277	0	586
116	5.0	15.0	0.5	3	1011603	700	8066.5	37456.5	271	8	278	1	607
116	5.0	15.0	0.5	4	1011604	700	8168.0	37116.5	251	11	263	0	597
116	5.0	15.0	0.5	5	1011605	700	7049.0	35516.5	272	9	274	0	582
116	5.0	15.0	0.5	6	1011606	700	6430.5	36433.5	269	9	287	1	570
116	5.0	15.0	0.5	7	1011607	700	6395.0	35352.0	282	8	284	0	599
116	5.0	15.0	0.5	8	1011608	700	9223.0	37919.0	277	9	281	0	577
116	5.0	15.0	0.5	9	1011609	700	7551.5	34503.5	262	5	268	0	596
116	5.0	15.0	0.5	10	1011610	700	7762.5	35980.5	271	10	275	0	590
117	5.0	18.0	0.5	1	1011701	700	6333.5	43353.0	304	8	316	2	620
117	5.0	18.0	0.5	2	1011702	700	8081.0	44225.5	285	8	307	2	607
117	5.0	18.0	0.5	3	1011703	700	6755.5	42741.0	306	6	316	0	593
117	5.0	18.0	0.5	4	1011704	700	9518.0	44467.5	294	8	304	0	586
117	5.0	18.0	0.5	5	1011705	700	7950.5	45916.0	312	9	316	0	582
117	5.0	18.0	0.5	6	1011706	700	6345.0	40539.0	303	11	309	0	577
117	5.0	18.0	0.5	7	1011707	700	5928.5	42693.0	309	7	311	0	587
117	5.0	18.0	0.5	8	1011708	700	5297.0	42318.5	303	6	313	1	606
117	5.0	18.0	0.5	9	1011709	700	6569.5	42827.0	296	8	310	0	578
117	5.0	18.0	0.5	10	1011710	700	7935.0	43332.5	293	7	310	0	557
118	5.0	21.0	0.5	1	1011801	700	6472.0	46716.5	303	6	319	1	560
118	5.0	21.0	0.5	2	1011802	700	5646.0	48357.0	311	4	323	0	591
118	5.0	21.0	0.5	3	1011803	700	6974.0	49716.0	309	5	331	1	572
118	5.0	21.0	0.5	4	1011804	700	6414.5	47126.5	315	6	324	2	556
118	5.0	21.0	0.5	5	1011805	700	7009.5	47245.5	301	8	313	1	582
118	5.0	21.0	0.5	6	1011806	700	6210.0	48797.0	327	7	335	0	589
118	5.0	21.0	0.5	7	1011807	700	5967.0	47326.0	293	9	310	2	590
118	5.0	21.0	0.5	8	1011808	700	5482.0	47663.0	315	7	338	3	555
118	5.0	21.0	0.5	9	1011809	700	6624.0	47014.5	302	8	328	6	587
118	5.0	21.0	0.5	10	1011810	700	5594.0	47342.5	301	8	326	2	539
119	5.0	24.0	0.5	1	1011901	700	5322.0	50243.5	319	4	331	1	515
119	5.0	24.0	0.5	2	1011902	700	5653.5	49714.0	297	3	322	1	563
119	5.0	24.0	0.5	3	1011903	700	4838.5	50136.0	297	6	330	1	566
119	5.0	24.0	0.5	4	1011904	700	7731.0	53667.0	316	5	338	0	577
119	5.0	24.0	0.5	5	1011905	700	5441.0	51641.0	303	6	327	1	537
119	5.0	24.0	0.5	6	1011906	700	7569.0	51885.5	293	6	316	2	539
119	5.0	24.0	0.5	7	1011907	700	5433.0	50672.5	301	4	318	0	575
119	5.0	24.0	0.5	8	1011908	700	4607.0	49513.0	319	5	338	1	583
119	5.0	24.0	0.5	9	1011909	700	6690.5	52196.5	308	7	327	3	600
119	5.0	24.0	0.5	10	1011910	700	5628.0	51146.5	307	4	326	1	585
120	5.0	27.0	0.5	1	1012001	700	4988.5	52976.5	307	7	324	1	586
120	5.0	27.0	0.5	2	1012002	700	4694.0	50717.5	299	5	318	0	560
120	5.0	27.0	0.5	3	1012003	700	6345.5	53711.5	304	5	344	4	542
120	5.0	27.0	0.5	4	1012004	700	4938.0	51429.5	296	4	331	3	563
120	5.0	27.0	0.5	5	1012005	700	5064.0	52676.0	302	4	322	1	578
120	5.0	27.0	0.5	6	1012006	700	3891.0	51893.0	290	3	320	3	546
120	5.0	27.0	0.5	7	1012007	700	5381.0	52991.0	289	4	314	2	541
120	5.0	27.0	0.5	8	1012008	700	4756.0	51646.0	286	6	313	1	593
120	5.0	27.0	0.5	9	1012009	700	5726.0	54060.5	317	6	342	3	576
120	5.0	27.0	0.5	10	1012010	700	5779.0	54812.0	293	3	322	3	576
121	5.0	30.0	0.5	1	1012101	700	4696.0	54713.5	296	7	338	2	557
121	5.0	30.0	0.5	2	1012102	700	4884.0	53678.5	300	7	323	2	540
121	5.0	30.0	0.5	3	1012103	700	4536.0	54696.0	297	6	338	4	595
121	5.0	30.0	0.5	4	1012104	700	3981.5	54858.5	305	3	317	1	526
121	5.0	30.0	0.5	5	1012105	700	4803.0	55396.0	304	3	320	0	554
121	5.0	30.0	0.5	6	1012106	700	4146.0	54070.0	299	5	319	0	582
121	5.0	30.0	0.5	7	1012107	700	6607.5	56973.0	300	4	332	0	539
121	5.0	30.0	0.5	8	1012108	700	5344.5	53806.5	288	7	310	2	553
121	5.0	30.0	0.5	9	1012109	700	6284.0	56276.5	307	7	323	1	576
121	5.0	30.0	0.5	10	1012110	700	4112.0	55111.5	312	5	337	3	597
