point	J_LF	lambda	PP	replicate	seed	paper_mcs	invasive	infiltrative	singles	fingers	detached	clusters	divisions
P1	2.0	24.0	0.5	1	10001	0	503.5	503.5	0	0	0	0	544
P1	2.0	24.0	0.5	1	10001	100	3514.0	3546.0	1	5	1	0	544
P1	2.0	24.0	0.5	1	10001	300	9215.0	12510.5	57	9	57	0	544
P1	2.0	24.0	0.5	1	10001	500	15418.0	29474.5	141	11	162	5	544
P1	2.0	24.0	0.5	1	10001	700	16435.5	45306.0	199	10	256	10	544
P1	2.0	24.0	0.5	2	10002	0	501.0	501.0	0	0	0	0	584
P1	2.0	24.0	0.5	2	10002	100	3919.0	3975.0	2	3	2	0	584
P1	2.0	24.0	0.5	2	10002	300	9680.0	12494.0	56	11	58	0	584
P1	2.0	24.0	0.5	2	10002	500	16247.0	29458.0	134	12	144	1	584
P1	2.0	24.0	0.5	2	10002	700	18211.0	44270.0	199	11	229	6	584
P1	2.0	24.0	0.5	3	10003	0	496.0	496.0	0	0	0	0	631
P1	2.0	24.0	0.5	3	10003	100	3427.0	3525.0	3	4	3	0	631
P1	2.0	24.0	0.5	3	10003	300	7435.0	11038.5	59	10	61	0	631
P1	2.0	24.0	0.5	3	10003	500	14082.5	27806.0	146	13	163	4	631
P1	2.0	24.0	0.5	3	10003	700	16270.0	44793.5	209	9	255	10	631
P1	2.0	24.0	0.5	4	10004	0	500.0	500.0	0	0	0	0	607
P1	2.0	24.0	0.5	4	10004	100	2890.0	3049.0	5	2	5	0	607
P1	2.0	24.0	0.5	4	10004	300	8146.5	11566.0	61	9	63	0	607
P1	2.0	24.0	0.5	4	10004	500	15484.0	29918.5	164	10	164	0	607
P1	2.0	24.0	0.5	4	10004	700	15622.0	45902.5	215	12	232	4	607
P1	2.0	24.0	0.5	5	10005	0	495.0	495.0	0	0	0	0	610
P1	2.0	24.0	0.5	5	10005	100	3074.0	3140.0	3	5	3	0	610
P1	2.0	24.0	0.5	5	10005	300	9798.0	12741.0	51	10	53	0	610
P1	2.0	24.0	0.5	5	10005	500	13490.0	26379.0	144	12	144	0	610
P1	2.0	24.0	0.5	5	10005	700	14196.0	41939.0	198	9	252	10	610
P1	2.0	24.0	0.5	6	10006	0	493.0	493.0	0	0	0	0	572
P1	2.0	24.0	0.5	6	10006	100	3137.0	3196.0	3	2	3	0	572
P1	2.0	24.0	0.5	6	10006	300	7023.0	9980.0	51	8	51	0	572
P1	2.0	24.0	0.5	6	10006	500	13348.5	25535.0	146	15	155	2	572
P1	2.0	24.0	0.5	6	10006	700	15728.5	43025.5	210	14	254	8	572
P1	2.0	24.0	0.5	7	10007	0	487.0	487.0	0	0	0	0	585
P1	2.0	24.0	0.5	7	10007	100	3724.0	3724.0	0	4	0	0	585
P1	2.0	24.0	0.5	7	10007	300	9516.5	12959.5	61	8	61	0	585
P1	2.0	24.0	0.5	7	10007	500	15441.5	28456.0	143	12	147	0	585
P1	2.0	24.0	0.5	7	10007	700	15876.0	43687.0	205	12	228	3	585
P1	2.0	24.0	0.5	8	10008	0	494.0	494.0	0	0	0	0	583
P1	2.0	24.0	0.5	8	10008	100	4280.0	4437.0	4	3	4	0	583
P1	2.0	24.0	0.5	8	10008	300	9811.0	12959.5	53	8	55	0	583
P1	2.0	24.0	0.5	8	10008	500	16587.5	28807.5	132	12	142	2	583
P1	2.0	24.0	0.5	8	10008	700	17335.5	43576.5	197	13	223	5	583
P1	2.0	24.0	0.5	9	10009	0	501.0	501.0	0	0	0	0	589
P1	2.0	24.0	0.5	9	10009	100	4258.0	4304.0	2	3	2	0	589
P1	2.0	24.0	0.5	9	10009	300	9938.5	13521.0	68	9	68	0	589
P1	2.0	24.0	0.5	9	10009	500	14433.5	28495.0	142	11	154	3	589
P1	2.0	24.0	0.5	9	10009	700	15126.5	43642.5	209	13	250	8	589
P1	2.0	24.0	0.5	10	10010	0	509.0	509.0	0	0	0	0	574
P1	2.0	24.0	0.5	10	10010	100	3471.5	3565.5	2	2	2	0	574
P1	2.0	24.0	0.5	10	10010	300	5904.5	8917.5	58	9	58	0	574
P1	2.0	24.0	0.5	10	10010	500	13500.5	26230.5	145	11	153	2	574
P1	2.0	24.0	0.5	10	10010	700	12814.0	40520.0	215	11	257	7	574
P2	2.0	30.0	0.5	1	20001	0	499.0	499.0	0	0	0	0	559
P2	2.0	30.0	0.5	1	20001	100	3415.5	3651.5	7	7	7	0	559
P2	2.0	30.0	0.5	1	20001	300	8635.0	14512.5	90	11	96	1	559
P2	2.0	30.0	0.5	1	20001	500	12813.0	32217.5	193	15	210	4	559
P2	2.0	30.0	0.5	1	20001	700	11031.5	50125.0	234	13	323	14	559
P2	2.0	30.0	0.5	2	20002	0	494.0	494.0	0	0	0	0	591
P2	2.0	30.0	0.5	2	20002	100	3917.0	4112.0	7	6	7	0	591
P2	2.0	30.0	0.5	2	20002	300	15098.0	20218.5	83	10	85	0	591
P2	2.0	30.0	0.5	2	20002	500	18447.5	36633.0	177	13	189	2	591
P2	2.0	30.0	0.5	2	20002	700	19398.0	54599.5	227	11	272	7	591
P2	2.0	30.0	0.5	3	20003	0	508.0	508.0	0	0	0	0	585
P2	2.0	30.0	0.5	3	20003	100	4555.5	4594.5	2	3	2	0	585
P2	2.0	30.0	0.5	3	20003	300	10112.5	15619.5	89	11	91	0	585
P2	2.0	30.0	0.5	3	20003	500	13405.5	34115.5	187	11	248	9	585
P2	2.0	30.0	0.5	3	20003	700	11431.0	50236.0	232	7	353	18	585
P2	2.0	30.0	0.5	4	20004	0	493.5	493.5	0	0	0	0	568
P2	2.0	30.0	0.5	4	20004	100	3604.0	3774.0	5	4	5	0	568
P2	2.0	30.0	0.5	4	20004	300	9233.5	15605.5	91	9	100	1	568
P2	2.0	30.0	0.5	4	20004	500	13754.5	34567.5	198	11	216	4	568
P2	2.0	30.0	0.5	4	20004	700	13034.0	51175.0	252	10	303	11	568
P2	2.0	30.0	0.5	5	20005	0	510.0	510.0	0	0	0	0	568
P2	2.0	30.0	0.5	5	20005	100	4042.0	4252.0	7	5	7	0	568
P2	2.0	30.0	0.5	5	20005	300	10277.5	16286.5	87	14	99	2	568
P2	2.0	30.0	0.5	5	20005	500	13903.5	34206.0	173	9	208	7	568
P2	2.0	30.0	0.5	5	20005	700	12445.0	50607.0	226	11	291	11	568
P2	2.0	30.0	0.5	6	20006	0	487.0	487.0	0	0	0	0	622
P2	2.0	30.0	0.5	6	20006	100	4452.5	4623.5	6	7	6	0	622
P2	2.0	30.0	0.5	6	20006	300	11472.0	17201.5	90	11	97	1	622
P2	2.0	30.0	0.5	6	20006	500	16840.5	36922.0	185	12	222	6	622
P2	2.0	30.0	0.5	6	20006	700	14355.5	53653.0	241	9	352	17	622
P2	2.0	30.0	0.5	7	20007	0	499.0	499.0	0	0	0	0	569
P2	2.0	30.0	0.5	7	20007	100	3274.0	3413.0	4	5	4	0	569
P2	2.0	30.0	0.5	7	20007	300	10288.0	15440.0	70	11	84	1	569
P2	2.0	30.0	0.5	7	20007	500	14683.0	32767.0	161	12	202	4	569
P2	2.0	30.0	0.5	7	20007	700	15216.5	52759.5	225	10	323	15	569
P2	2.0	30.0	0.5	8	20008	0	506.0	506.0	0	0	0	0	573
P2	2.0	30.0	0.5	8	20008	100	4493.0	4906.0	13	5	13	0	573
P2	2.0	30.0	0.5	8	20008	300	11459.5	18096.5	90	10	94	0	573
P2	2.0	30.0	0.5	8	20008	500	14002.0	34228.0	188	14	222	5	573
P2	2.0	30.0	0.5	8	20008	700	14098.5	52032.0	233	11	320	11	573
P2	2.0	30.0	0.5	9	20009	0	514.0	514.0	0	0	0	0	584
P2	2.0	30.0	0.5	9	20009	100	3557.5	3729.5	6	8	6	0	584
P2	2.0	30.0	0.5	9	20009	300	12142.5	17180.5	80	11	84	0	584
P2	2.0	30.0	0.5	9	20009	500	14901.5	35478.5	183	11	224	7	584
P2	2.0	30.0	0.5	9	20009	700	14494.0	53642.5	249	11	329	14	584
P2	2.0	30.0	0.5	10	20010	0	497.5	497.5	0	0	0	0	579
P2	2.0	30.0	0.5	10	20010	100	4050.5	4472.5	12	4	12	0	579
P2	2.0	30.0	0.5	10	20010	300	10245.0	16053.0	83	9	85	0	579
P2	2.0	30.0	0.5	10	20010	500	14946.5	35357.5	171	14	207	6	579
P2	2.0	30.0	0.5	10	20010	700	13446.0	51605.0	227	12	305	16	579
P3	5.0	30.0	0.5	1	30001	0	505.0	505.0	0	0	0	0	521
P3	5.0	30.0	0.5	1	30001	100	4517.5	5477.5	30	5	30	0	521
P3	5.0	30.0	0.5	1	30001	300	8591.0	22314.0	203	9	225	1	521
P3	5.0	30.0	0.5	1	30001	500	6416.5	40108.5	289	7	327	3	521
P3	5.0	30.0	0.5	1	30001	700	4991.5	56544.0	307	4	333	1	521
P3	5.0	30.0	0.5	2	30002	0	499.0	499.0	0	0	0	0	550
P3	5.0	30.0	0.5	2	30002	100	4297.0	5445.5	36	7	38	1	550
P3	5.0	30.0	0.5	2	30002	300	6873.5	21014.5	197	10	230	3	550
P3	5.0	30.0	0.5	2	30002	500	5164.0	38684.5	269	7	306	2	550
P3	5.0	30.0	0.5	2	30002	700	4413.5	53610.5	288	3	316	1	550
P3	5.0	30.0	0.5	3	30003	0	495.5	495.5	0	0	0	0	564
P3	5.0	30.0	0.5	3	30003	100	3424.0	4493.0	35	4	35	0	564
P3	5.0	30.0	0.5	3	30003	300	7391.0	20465.0	198	8	210	0	564
P3	5.0	30.0	0.5	3	30003	500	4676.0	36145.0	284	7	309	2	564
P3	5.0	30.0	0.5	3	30003	700	5203.0	53481.0	299	3	320	1	564
P3	5.0	30.0	0.5	4	30004	0	495.0	495.0	0	0	0	0	547
P3	5.0	30.0	0.5	4	30004	100	3226.0	4290.5	36	3	36	0	547
P3	5.0	30.0	0.5	4	30004	300	5526.5	19743.0	207	9	227	1	547
P3	5.0	30.0	0.5	4	30004	500	5542.5	38679.0	287	7	309	1	547
P3	5.0	30.0	0.5	4	30004	700	3108.5	53649.0	292	4	321	1	547
P3	5.0	30.0	0.5	5	30005	0	501.0	501.0	0	0	0	0	587
P3	5.0	30.0	0.5	5	30005	100	3213.5	4251.5	31	5	31	0	587
P3	5.0	30.0	0.5	5	30005	300	6360.5	20157.0	202	12	225	0	587
P3	5.0	30.0	0.5	5	30005	500	3851.0	36823.0	272	7	315	1	587
P3	5.0	30.0	0.5	5	30005	700	4578.0	53244.0	297	3	322	1	587
P3	5.0	30.0	0.5	6	30006	0	499.0	499.0	0	0	0	0	540
P3	5.0	30.0	0.5	6	30006	100	4215.0	5054.5	25	5	27	0	540
P3	5.0	30.0	0.5	6	30006	300	6892.0	21454.5	211	9	234	0	540
P3	5.0	30.0	0.5	6	30006	500	4697.5	37500.0	283	6	305	1	540
P3	5.0	30.0	0.5	6	30006	700	3786.0	54565.0	276	2	309	0	540
P3	5.0	30.0	0.5	7	30007	0	500.0	500.0	0	0	0	0	540
P3	5.0	30.0	0.5	7	30007	100	3705.5	5084.5	40	6	40	0	540
P3	5.0	30.0	0.5	7	30007	300	6071.0	20940.5	215	10	226	1	540
P3	5.0	30.0	0.5	7	30007	500	5940.0	39382.0	269	9	294	1	540
P3	5.0	30.0	0.5	7	30007	700	4574.5	52596.5	272	6	306	3	540
P3	5.0	30.0	0.5	8	30008	0	499.0	499.0	0	0	0	0	555
P3	5.0	30.0	0.5	8	30008	100	3218.0	4543.0	33	3	35	0	555
P3	5.0	30.0	0.5	8	30008	300	6792.5	20973.0	224	11	231	1	555
P3	5.0	30.0	0.5	8	30008	500	4914.0	38037.0	285	9	316	1	555
P3	5.0	30.0	0.5	8	30008	700	4106.0	53764.5	302	4	330	3	555
P3	5.0	30.0	0.5	9	30009	0	502.0	502.0	0	0	0	0	583
P3	5.0	30.0	0.5	9	30009	100	3557.5	4404.5	25	3	27	0	583
P3	5.0	30.0	0.5	9	30009	300	8104.0	21554.5	201	10	223	0	583
P3	5.0	30.0	0.5	9	30009	500	4939.0	38944.0	308	5	346	4	583
P3	5.0	30.0	0.5	9	30009	700	5137.5	56565.0	311	4	356	3	583
P3	5.0	30.0	0.5	10	30010	0	497.0	497.0	0	0	0	0	552
P3	5.0	30.0	0.5	10	30010	100	2992.5	4212.5	39	2	39	0	552
P3	5.0	30.0	0.5	10	30010	300	7433.0	21604.0	203	12	234	1	552
P3	5.0	30.0	0.5	10	30010	500	4870.0	38616.5	286	8	324	4	552
P3	5.0	30.0	0.5	10	30010	700	3938.5	54687.5	316	4	338	3	552
P4	-2.0	15.0	0.5	1	40001	0	500.0	500.0	0	0	0	0	570
P4	-2.0	15.0	0.5	1	40001	100	2645.5	2645.5	0	0	0	0	570
P4	-2.0	15.0	0.5	1	40001	300	2754.5	2754.5	0	3	0	0	570
P4	-2.0	15.0	0.5	1	40001	500	3082.0	3082.0	0	1	0	0	570
P4	-2.0	15.0	0.5	1	40001	700	3636.5	3636.5	0	4	0	0	570
P4	-2.0	15.0	0.5	2	40002	0	497.0	497.0	0	0	0	0	542
P4	-2.0	15.0	0.5	2	40002	100	2395.0	2395.0	0	0	0	0	542
P4	-2.0	15.0	0.5	2	40002	300	3293.5	3293.5	0	1	0	0	542
P4	-2.0	15.0	0.5	2	40002	500	3607.5	3607.5	0	3	0	0	542
P4	-2.0	15.0	0.5	2	40002	700	4282.5	4282.5	0	6	0	0	542
P4	-2.0	15.0	0.5	3	40003	0	496.0	496.0	0	0	0	0	571
P4	-2.0	15.0	0.5	3	40003	100	2059.5	2059.5	0	0	0	0	571
P4	-2.0	15.0	0.5	3	40003	300	4564.5	4564.5	0	3	0	0	571
P4	-2.0	15.0	0.5	3	40003	500	4128.5	4128.5	0	7	0	0	571
P4	-2.0	15.0	0.5	3	40003	700	5269.0	5269.0	0	6	0	0	571
P4	-2.0	15.0	0.5	4	40004	0	502.0	502.0	0	0	0	0	566
P4	-2.0	15.0	0.5	4	40004	100	2385.0	2385.0	0	1	0	0	566
P4	-2.0	15.0	0.5	4	40004	300	3336.0	3336.0	0	4	0	0	566
P4	-2.0	15.0	0.5	4	40004	500	4248.0	4248.0	0	3	0	0	566
P4	-2.0	15.0	0.5	4	40004	700	5097.0	5097.0	0	6	0	0	566
P4	-2.0	15.0	0.5	5	40005	0	492.0	492.0	0	0	0	0	540
P4	-2.0	15.0	0.5	5	40005	100	2673.0	2673.0	0	0	0	0	540
P4	-2.0	15.0	0.5	5	40005	300	4554.0	4554.0	0	3	0	0	540
P4	-2.0	15.0	0.5	5	40005	500	5233.5	5233.5	0	5	0	0	540
P4	-2.0	15.0	0.5	5	40005	700	5849.5	5849.5	0	6	0	0	540
P4	-2.0	15.0	0.5	6	40006	0	492.0	492.0	0	0	0	0	570
P4	-2.0	15.0	0.5	6	40006	100	2497.5	2497.5	0	1	0	0	570
P4	-2.0	15.0	0.5	6	40006	300	3865.0	3865.0	0	3	0	0	570
P4	-2.0	15.0	0.5	6	40006	500	3946.0	3946.0	0	6	0	0	570
P4	-2.0	15.0	0.5	6	40006	700	6022.0	6022.0	0	4	0	0	570
P4	-2.0	15.0	0.5	7	40007	0	507.0	507.0	0	0	0	0	561
P4	-2.0	15.0	0.5	7	40007	100	1624.5	1624.5	0	0	0	0	561
P4	-2.0	15.0	0.5	7	40007	300	3532.5	3532.5	0	1	0	0	561
P4	-2.0	15.0	0.5	7	40007	500	4129.0	4129.0	0	2	0	0	561
P4	-2.0	15.0	0.5	7	40007	700	5290.0	5290.0	0	2	0	0	561
P4	-2.0	15.0	0.5	8	40008	0	489.0	489.0	0	0	0	0	546
P4	-2.0	15.0	0.5	8	40008	100	2010.0	2010.0	0	1	0	0	546
P4	-2.0	15.0	0.5	8	40008	300	3697.0	3697.0	0	3	0	0	546
P4	-2.0	15.0	0.5	8	40008	500	4269.0	4269.0	0	6	0	0	546
P4	-2.0	15.0	0.5	8	40008	700	4401.0	4401.0	0	6	0	0	546
P4	-2.0	15.0	0.5	9	40009	0	502.5	502.5	0	0	0	0	539
P4	-2.0	15.0	0.5	9	40009	100	2469.0	2469.0	0	1	0	0	539
P4	-2.0	15.0	0.5	9	40009	300	4415.0	4415.0	0	3	0	0	539
P4	-2.0	15.0	0.5	9	40009	500	5901.5	5901.5	0	4	0	0	539
P4	-2.0	15.0	0.5	9	40009	700	5955.5	5955.5	0	4	0	0	539
P4	-2.0	15.0	0.5	10	40010	0	493.0	493.0	0	0	0	0	571
P4	-2.0	15.0	0.5	10	40010	100	2041.5	2041.5	0	0	0	0	571
P4	-2.0	15.0	0.5	10	40010	300	3774.0	3774.0	0	3	0	0	571
P4	-2.0	15.0	0.5	10	40010	500	4879.0	4879.0	0	3	0	0	571
P4	-2.0	15.0	0.5	10	40010	700	4464.0	4464.0	0	5	0	0	571
P5	5.0	3.0	0.5	1	50001	0	495.0	495.0	0	0	0	0	558
P5	5.0	3.0	0.5	1	50001	100	2167.0	2167.0	0	0	0	0	558
P5	5.0	3.0	0.5	1	50001	300	2556.5	2573.5	1	1	1	0	558
P5	5.0	3.0	0.5	1	50001	500	2802.0	2932.0	5	0	5	0	558
P5	5.0	3.0	0.5	1	50001	700	2493.5	2865.5	10	0	10	0	558
P5	5.0	3.0	0.5	2	50002	0	496.0	496.0	0	0	0	0	527
P5	5.0	3.0	0.5	2	50002	100	1684.0	1701.0	1	0	1	0	527
P5	5.0	3.0	0.5	2	50002	300	2022.5	2158.5	4	0	4	0	527
P5	5.0	3.0	0.5	2	50002	500	2254.5	2520.5	6	0	6	0	527
P5	5.0	3.0	0.5	2	50002	700	2433.0	2819.0	10	1	10	0	527
P5	5.0	3.0	0.5	3	50003	0	499.0	499.0	0	0	0	0	533
P5	5.0	3.0	0.5	3	50003	100	1650.0	1650.0	0	0	0	0	533
P5	5.0	3.0	0.5	3	50003	300	1975.0	1995.0	1	0	1	0	533
P5	5.0	3.0	0.5	3	50003	500	2623.0	2685.0	2	1	2	0	533
P5	5.0	3.0	0.5	3	50003	700	2770.5	3026.5	6	5	6	0	533
P5	5.0	3.0	0.5	4	50004	0	1007.0	1007.0	0	0	0	0	554
P5	5.0	3.0	0.5	4	50004	100	1330.0	1330.0	0	0	0	0	554
P5	5.0	3.0	0.5	4	50004	300	2632.0	2653.0	1	0	1	0	554
P5	5.0	3.0	0.5	4	50004	500	2330.0	2453.0	3	0	3	0	554
P5	5.0	3.0	0.5	4	50004	700	2065.0	2298.0	7	0	7	0	554
P5	5.0	3.0	0.5	5	50005	0	499.5	499.5	0	0	0	0	522
P5	5.0	3.0	0.5	5	50005	100	1540.5	1540.5	0	0	0	0	522
P5	5.0	3.0	0.5	5	50005	300	2396.5	2432.5	1	0	1	0	522
P5	5.0	3.0	0.5	5	50005	500	2562.0	2607.0	2	1	2	0	522
P5	5.0	3.0	0.5	5	50005	700	2877.0	3075.0	7	2	7	0	522
P5	5.0	3.0	0.5	6	50006	0	487.5	487.5	0	0	0	0	497
P5	5.0	3.0	0.5	6	50006	100	1618.0	1618.0	0	0	0	0	497
P5	5.0	3.0	0.5	6	50006	300	2387.0	2461.0	2	0	2	0	497
P5	5.0	3.0	0.5	6	50006	500	2519.5	2674.5	4	0	4	0	497
P5	5.0	3.0	0.5	6	50006	700	2718.5	3088.5	8	1	8	0	497
P5	5.0	3.0	0.5	7	50007	0	499.0	499.0	0	0	0	0	515
P5	5.0	3.0	0.5	7	50007	100	2458.0	2458.0	0	0	0	0	515
P5	5.0	3.0	0.5	7	50007	300	2817.0	2817.0	0	0	0	0	515
P5	5.0	3.0	0.5	7	50007	500	2943.0	2995.0	1	1	1	0	515
P5	5.0	3.0	0.5	7	50007	700	2819.5	3002.5	5	1	5	0	515
P5	5.0	3.0	0.5	8	50008	0	496.0	496.0	0	0	0	0	567
P5	5.0	3.0	0.5	8	50008	100	2118.5	2136.5	1	0	1	0	567
P5	5.0	3.0	0.5	8	50008	300	1500.0	1529.0	1	0	1	0	567
P5	5.0	3.0	0.5	8	50008	500	2274.0	2319.0	1	1	1	0	567
P5	5.0	3.0	0.5	8	50008	700	2450.5	2705.5	7	1	7	0	567
P5	5.0	3.0	0.5	9	50009	0	514.0	514.0	0	0	0	0	534
P5	5.0	3.0	0.5	9	50009	100	1676.5	1676.5	0	0	0	0	534
P5	5.0	3.0	0.5	9	50009	300	1519.0	1603.0	4	0	4	0	534
P5	5.0	3.0	0.5	9	50009	500	2195.0	2456.0	8	0	8	0	534
P5	5.0	3.0	0.5	9	50009	700	2071.0	2519.0	11	0	11	0	534
P5	5.0	3.0	0.5	10	50010	0	492.5	492.5	0	0	0	0	557
P5	5.0	3.0	0.5	10	50010	100	2121.5	2121.5	0	0	0	0	557
P5	5.0	3.0	0.5	10	50010	300	3023.5	3042.5	1	0	1	0	557
P5	5.0	3.0	0.5	10	50010	500	1795.0	1895.0	4	0	4	0	557
P5	5.0	3.0	0.5	10	50010	700	2971.5	3126.5	6	1	6	0	557
P6	-2.0	6.0	0.5	1	60001	0	503.0	503.0	0	0	0	0	199
P6	-2.0	6.0	0.5	1	60001	100	1388.0	1388.0	0	0	0	0	199
P6	-2.0	6.0	0.5	1	60001	300	1765.0	1765.0	0	0	0	0	199
P6	-2.0	6.0	0.5	1	60001	500	2244.0	2244.0	0	0	0	0	199
P6	-2.0	6.0	0.5	1	60001	700	2051.0	2051.0	0	0	0	0	199
P6	-2.0	6.0	0.5	2	60002	0	495.0	495.0	0	0	0	0	206
P6	-2.0	6.0	0.5	2	60002	100	1444.0	1444.0	0	0	0	0	206
P6	-2.0	6.0	0.5	2	60002	300	2028.0	2028.0	0	0	0	0	206
P6	-2.0	6.0	0.5	2	60002	500	2449.0	2449.0	0	0	0	0	206
P6	-2.0	6.0	0.5	2	60002	700	2635.5	2635.5	0	0	0	0	206
P6	-2.0	6.0	0.5	3	60003	0	495.0	495.0	0	0	0	0	208
P6	-2.0	6.0	0.5	3	60003	100	1847.0	1847.0	0	0	0	0	208
P6	-2.0	6.0	0.5	3	60003	300	2498.0	2498.0	0	0	0	0	208
P6	-2.0	6.0	0.5	3	60003	500	2600.0	2600.0	0	0	0	0	208
P6	-2.0	6.0	0.5	3	60003	700	2782.5	2782.5	0	0	0	0	208
P6	-2.0	6.0	0.5	4	60004	0	500.0	500.0	0	0	0	0	199
P6	-2.0	6.0	0.5	4	60004	100	1970.0	1970.0	0	0	0	0	199
P6	-2.0	6.0	0.5	4	60004	300	2652.0	2652.0	0	1	0	0	199
P6	-2.0	6.0	0.5	4	60004	500	2523.0	2523.0	0	0	0	0	199
P6	-2.0	6.0	0.5	4	60004	700	2283.0	2283.0	0	0	0	0	199
P6	-2.0	6.0	0.5	5	60005	0	502.0	502.0	0	0	0	0	204
P6	-2.0	6.0	0.5	5	60005	100	2011.0	2011.0	0	0	0	0	204
P6	-2.0	6.0	0.5	5	60005	300	2106.5	2106.5	0	0	0	0	204
P6	-2.0	6.0	0.5	5	60005	500	2059.5	2059.5	0	1	0	0	204
P6	-2.0	6.0	0.5	5	60005	700	2902.0	2902.0	0	0	0	0	204
P6	-2.0	6.0	0.5	6	60006	0	490.0	490.0	0	0	0	0	203
P6	-2.0	6.0	0.5	6	60006	100	1950.0	1950.0	0	0	0	0	203
P6	-2.0	6.0	0.5	6	60006	300	2469.0	2469.0	0	0	0	0	203
P6	-2.0	6.0	0.5	6	60006	500	2485.5	2485.5	0	3	0	0	203
P6	-2.0	6.0	0.5	6	60006	700	2227.0	2227.0	0	1	0	0	203
P6	-2.0	6.0	0.5	7	60007	0	492.0	492.0	0	0	0	0	201
P6	-2.0	6.0	0.5	7	60007	100	1436.0	1436.0	0	0	0	0	201
P6	-2.0	6.0	0.5	7	60007	300	2086.0	2086.0	0	0	0	0	201
P6	-2.0	6.0	0.5	7	60007	500	2030.0	2030.0	0	1	0	0	201
P6	-2.0	6.0	0.5	7	60007	700	2328.5	2328.5	0	0	0	0	201
P6	-2.0	6.0	0.5	8	60008	0	505.0	505.0	0	0	0	0	174
P6	-2.0	6.0	0.5	8	60008	100	1935.0	1935.0	0	0	0	0	174
P6	-2.0	6.0	0.5	8	60008	300	2094.5	2094.5	0	0	0	0	174
P6	-2.0	6.0	0.5	8	60008	500	2970.0	2970.0	0	0	0	0	174
P6	-2.0	6.0	0.5	8	60008	700	3067.5	3067.5	0	0	0	0	174
P6	-2.0	6.0	0.5	9	60009	0	503.0	503.0	0	0	0	0	201
P6	-2.0	6.0	0.5	9	60009	100	1305.5	1305.5	0	0	0	0	201
P6	-2.0	6.0	0.5	9	60009	300	2442.5	2442.5	0	0	0	0	201
P6	-2.0	6.0	0.5	9	60009	500	2483.0	2483.0	0	0	0	0	201
P6	-2.0	6.0	0.5	9	60009	700	3098.5	3098.5	0	1	0	0	201
P6	-2.0	6.0	0.5	10	60010	0	506.0	506.0	0	0	0	0	199
P6	-2.0	6.0	0.5	10	60010	100	1876.0	1876.0	0	0	0	0	199
P6	-2.0	6.0	0.5	10	60010	300	1921.5	1921.5	0	0	0	0	199
P6	-2.0	6.0	0.5	10	60010	500	2465.5	2465.5	0	0	0	0	199
P6	-2.0	6.0	0.5	10	60010	700	3039.5	3039.5	0	2	0	0	199
P7	2.0	24.0	0.0	1	70001	0	490.0	490.0	0	0	0	0	0
P7	2.0	24.0	0.0	1	70001	100	2666.5	2782.5	4	3	4	0	0
P7	2.0	24.0	0.0	1	70001	300	8827.0	12046.0	57	10	62	1	0
P7	2.0	24.0	0.0	1	70001	500	13951.5	28054.0	138	13	156	3	0
P7	2.0	24.0	0.0	1	70001	700	15137.0	45777.0	192	10	239	8	0
P7	2.0	24.0	0.0	2	70002	0	512.0	512.0	0	0	0	0	0
P7	2.0	24.0	0.0	2	70002	100	3767.0	3805.0	2	2	2	0	0
P7	2.0	24.0	0.0	2	70002	300	9319.0	12507.0	56	12	58	0	0
P7	2.0	24.0	0.0	2	70002	500	16071.5	31176.0	140	9	169	4	0
P7	2.0	24.0	0.0	2	70002	700	14860.0	47577.0	201	12	270	12	0
P7	2.0	24.0	0.0	3	70003	0	496.0	496.0	0	0	0	0	0
P7	2.0	24.0	0.0	3	70003	100	4092.5	4270.5	6	3	6	0	0
P7	2.0	24.0	0.0	3	70003	300	8474.0	12479.0	63	6	65	0	0
P7	2.0	24.0	0.0	3	70003	500	14525.0	29016.5	147	11	157	1	0
P7	2.0	24.0	0.0	3	70003	700	16005.0	46209.0	212	11	230	2	0
P7	2.0	24.0	0.0	4	70004	0	495.0	495.0	0	0	0	0	0
P7	2.0	24.0	0.0	4	70004	100	3277.5	3328.5	2	4	2	0	0
P7	2.0	24.0	0.0	4	70004	300	8007.0	11039.0	57	8	57	0	0
P7	2.0	24.0	0.0	4	70004	500	13968.5	28116.5	146	11	153	1	0
P7	2.0	24.0	0.0	4	70004	700	14134.0	46302.0	221	8	258	5	0
P7	2.0	24.0	0.0	5	70005	0	500.0	500.0	0	0	0	0	0
P7	2.0	24.0	0.0	5	70005	100	4019.5	4073.5	2	6	2	0	0
P7	2.0	24.0	0.0	5	70005	300	12019.5	15187.5	52	10	54	0	0
P7	2.0	24.0	0.0	5	70005	500	16755.0	31335.5	158	11	160	0	0
P7	2.0	24.0	0.0	5	70005	700	17002.5	47914.5	208	11	226	1	0
P7	2.0	24.0	0.0	6	70006	0	498.5	498.5	0	0	0	0	0
P7	2.0	24.0	0.0	6	70006	100	2984.5	3085.5	3	4	3	0	0
P7	2.0	24.0	0.0	6	70006	300	8130.5	11515.5	63	9	67	1	0
P7	2.0	24.0	0.0	6	70006	500	14957.5	29666.5	148	10	176	5	0
P7	2.0	24.0	0.0	6	70006	700	14155.5	47930.0	193	9	280	13	0
P7	2.0	24.0	0.0	7	70007	0	501.0	501.0	0	0	0	0	0
P7	2.0	24.0	0.0	7	70007	100	3933.5	4037.5	5	4	5	0	0
P7	2.0	24.0	0.0	7	70007	300	6800.0	10075.0	55	8	55	0	0
P7	2.0	24.0	0.0	7	70007	500	12818.5	26039.5	146	10	158	1	0
P7	2.0	24.0	0.0	7	70007	700	11322.5	44311.0	218	10	299	9	0
P7	2.0	24.0	0.0	8	70008	0	499.0	499.0	0	0	0	0	0
P7	2.0	24.0	0.0	8	70008	100	4158.5	4287.5	3	0	3	0	0
P7	2.0	24.0	0.0	8	70008	300	6170.0	9273.0	51	9	51	0	0
P7	2.0	24.0	0.0	8	70008	500	13053.5	26770.5	150	12	164	2	0
P7	2.0	24.0	0.0	8	70008	700	13400.0	46900.0	210	11	265	9	0
P7	2.0	24.0	0.0	9	70009	0	502.0	502.0	0	0	0	0	0
P7	2.0	24.0	0.0	9	70009	100	3561.5	3561.5	0	2	0	0	0
P7	2.0	24.0	0.0	9	70009	300	10439.0	13277.0	48	6	48	0	0
P7	2.0	24.0	0.0	9	70009	500	17537.0	31095.5	136	11	144	1	0
P7	2.0	24.0	0.0	9	70009	700	19439.0	48509.5	208	12	237	6	0
P7	2.0	24.0	0.0	10	70010	0	496.0	496.0	0	0	0	0	0
P7	2.0	24.0	0.0	10	70010	100	3328.0	3450.0	4	3	4	0	0
P7	2.0	24.0	0.0	10	70010	300	9322.0	12558.0	59	8	59	0	0
P7	2.0	24.0	0.0	10	70010	500	14463.5	29118.0	155	13	159	0	0
P7	2.0	24.0	0.0	10	70010	700	13537.0	45727.0	204	11	257	9	0
P8	2.0	0.0	0.5	1	80001	0	503.0	503.0	0	0	0	0	209
P8	2.0	0.0	0.5	1	80001	100	1230.0	1230.0	0	0	0	0	209
P8	2.0	0.0	0.5	1	80001	300	1845.5	1845.5	0	0	0	0	209
P8	2.0	0.0	0.5	1	80001	500	1120.0	1120.0	0	0	0	0	209
P8	2.0	0.0	0.5	1	80001	700	1855.0	1855.0	0	0	0	0	209
P8	2.0	0.0	0.5	2	80002	0	496.5	496.5	0	0	0	0	222
P8	2.0	0.0	0.5	2	80002	100	1774.0	1774.0	0	0	0	0	222
P8	2.0	0.0	0.5	2	80002	300	1439.0	1439.0	0	0	0	0	222
P8	2.0	0.0	0.5	2	80002	500	2859.5	2859.5	0	0	0	0	222
P8	2.0	0.0	0.5	2	80002	700	2519.0	2519.0	0	0	0	0	222
P8	2.0	0.0	0.5	3	80003	0	493.0	493.0	0	0	0	0	207
P8	2.0	0.0	0.5	3	80003	100	1289.0	1289.0	0	0	0	0	207
P8	2.0	0.0	0.5	3	80003	300	1980.0	1980.0	0	0	0	0	207
P8	2.0	0.0	0.5	3	80003	500	1330.0	1330.0	0	0	0	0	207
P8	2.0	0.0	0.5	3	80003	700	1477.0	1477.0	0	0	0	0	207
P8	2.0	0.0	0.5	4	80004	0	501.0	501.0	0	0	0	0	199
P8	2.0	0.0	0.5	4	80004	100	1699.0	1699.0	0	0	0	0	199
P8	2.0	0.0	0.5	4	80004	300	1947.0	1947.0	0	0	0	0	199
P8	2.0	0.0	0.5	4	80004	500	1422.0	1422.0	0	0	0	0	199
P8	2.0	0.0	0.5	4	80004	700	1974.5	1974.5	0	0	0	0	199
P8	2.0	0.0	0.5	5	80005	0	490.0	490.0	0	0	0	0	223
P8	2.0	0.0	0.5	5	80005	100	1747.0	1747.0	0	0	0	0	223
P8	2.0	0.0	0.5	5	80005	300	1802.5	1802.5	0	0	0	0	223
P8	2.0	0.0	0.5	5	80005	500	2078.0	2078.0	0	0	0	0	223
P8	2.0	0.0	0.5	5	80005	700	2332.0	2332.0	0	0	0	0	223
P8	2.0	0.0	0.5	6	80006	0	490.0	490.0	0	0	0	0	186
P8	2.0	0.0	0.5	6	80006	100	1220.5	1220.5	0	0	0	0	186
P8	2.0	0.0	0.5	6	80006	300	1479.0	1479.0	0	0	0	0	186
P8	2.0	0.0	0.5	6	80006	500	2325.5	2325.5	0	0	0	0	186
P8	2.0	0.0	0.5	6	80006	700	1916.5	1916.5	0	0	0	0	186
P8	2.0	0.0	0.5	7	80007	0	486.0	486.0	0	0	0	0	170
P8	2.0	0.0	0.5	7	80007	100	1326.0	1326.0	0	0	0	0	170
P8	2.0	0.0	0.5	7	80007	300	1965.0	1965.0	0	0	0	0	170
P8	2.0	0.0	0.5	7	80007	500	1772.0	1772.0	0	0	0	0	170
P8	2.0	0.0	0.5	7	80007	700	1922.0	1922.0	0	0	0	0	170
P8	2.0	0.0	0.5	8	80008	0	503.0	503.0	0	0	0	0	197
P8	2.0	0.0	0.5	8	80008	100	1357.0	1357.0	0	0	0	0	197
P8	2.0	0.0	0.5	8	80008	300	2297.0	2297.0	0	0	0	0	197
P8	2.0	0.0	0.5	8	80008	500	1752.0	1752.0	0	0	0	0	197
P8	2.0	0.0	0.5	8	80008	700	1424.0	1424.0	0	0	0	0	197
P8	2.0	0.0	0.5	9	80009	0	491.0	491.0	0	0	0	0	195
P8	2.0	0.0	0.5	9	80009	100	1678.5	1678.5	0	0	0	0	195
P8	2.0	0.0	0.5	9	80009	300	1939.0	1939.0	0	0	0	0	195
P8	2.0	0.0	0.5	9	80009	500	2703.5	2703.5	0	0	0	0	195
P8	2.0	0.0	0.5	9	80009	700	2378.5	2378.5	0	0	0	0	195
P8	2.0	0.0	0.5	10	80010	0	497.0	497.0	0	0	0	0	232
P8	2.0	0.0	0.5	10	80010	100	1327.0	1327.0	0	0	0	0	232
P8	2.0	0.0	0.5	10	80010	300	1962.0	1962.0	0	0	0	0	232
P8	2.0	0.0	0.5	10	80010	500	1869.0	1869.0	0	0	0	0	232
P8	2.0	0.0	0.5	10	80010	700	1964.0	1964.0	0	0	0	0	232
P9	2.0	24.0	1.0	1	90001	0	484.0	484.0	0	0	0	0	1175
P9	2.0	24.0	1.0	1	90001	100	4515.5	4609.5	4	4	4	0	1175
P9	2.0	24.0	1.0	1	90001	300	9913.5	13664.5	64	7	66	0	1175
P9	2.0	24.0	1.0	1	90001	500	16575.5	29757.5	145	11	150	1	1175
P9	2.0	24.0	1.0	1	90001	700	17017.5	44583.0	219	12	261	6	1175
P9	2.0	24.0	1.0	2	90002	0	500.0	500.0	0	0	0	0	1167
P9	2.0	24.0	1.0	2	90002	100	3622.0	3715.0	4	3	4	0	1167
P9	2.0	24.0	1.0	2	90002	300	9915.0	13827.5	64	10	66	0	1167
P9	2.0	24.0	1.0	2	90002	500	14757.0	28614.0	148	11	159	2	1167
P9	2.0	24.0	1.0	2	90002	700	16794.5	45614.0	196	10	275	12	1167
P9	2.0	24.0	1.0	3	90003	0	491.0	491.0	0	0	0	0	1172
P9	2.0	24.0	1.0	3	90003	100	3521.5	3602.5	3	8	3	0	1172
P9	2.0	24.0	1.0	3	90003	300	11016.5	13623.5	46	7	48	0	1172
P9	2.0	24.0	1.0	3	90003	500	15567.0	27421.0	124	12	128	0	1172
P9	2.0	24.0	1.0	3	90003	700	18108.0	43732.0	191	10	215	4	1172
P9	2.0	24.0	1.0	4	90004	0	487.0	487.0	0	0	0	0	1173
P9	2.0	24.0	1.0	4	90004	100	3576.5	3809.5	8	1	8	0	1173
P9	2.0	24.0	1.0	4	90004	300	9948.5	13425.5	54	10	56	0	1173
P9	2.0	24.0	1.0	4	90004	500	15068.5	27588.0	131	13	144	1	1173
P9	2.0	24.0	1.0	4	90004	700	17143.5	41598.0	198	12	213	1	1173
P9	2.0	24.0	1.0	5	90005	0	492.5	492.5	0	0	0	0	1158
P9	2.0	24.0	1.0	5	90005	100	4921.5	5066.5	6	3	6	0	1158
P9	2.0	24.0	1.0	5	90005	300	9885.0	13230.0	57	13	57	0	1158
P9	2.0	24.0	1.0	5	90005	500	16634.0	29888.0	127	11	141	2	1158
P9	2.0	24.0	1.0	5	90005	700	17636.5	43918.5	188	12	238	8	1158
P9	2.0	24.0	1.0	6	90006	0	482.5	482.5	0	0	0	0	1177
P9	2.0	24.0	1.0	6	90006	100	3869.5	3978.5	4	2	4	0	1177
P9	2.0	24.0	1.0	6	90006	300	7371.0	10615.0	52	8	52	0	1177
P9	2.0	24.0	1.0	6	90006	500	14554.5	27303.5	131	9	138	1	1177
P9	2.0	24.0	1.0	6	90006	700	16063.5	41924.0	202	11	233	6	1177
P9	2.0	24.0	1.0	7	90007	0	993.0	993.0	0	0	0	0	1167
P9	2.0	24.0	1.0	7	90007	100	3868.0	3907.0	2	3	2	0	1167
P9	2.0	24.0	1.0	7	90007	300	10960.0	14884.0	59	7	59	0	1167
P9	2.0	24.0	1.0	7	90007	500	15667.0	29288.0	137	11	151	2	1167
P9	2.0	24.0	1.0	7	90007	700	16351.0	44574.0	209	13	231	5	1167
P9	2.0	24.0	1.0	8	90008	0	499.0	499.0	0	0	0	0	1174
P9	2.0	24.0	1.0	8	90008	100	3006.0	3045.0	2	1	2	0	1174
P9	2.0	24.0	1.0	8	90008	300	5885.5	9207.5	62	8	64	0	1174
P9	2.0	24.0	1.0	8	90008	500	13368.5	26353.5	144	11	157	2	1174
P9	2.0	24.0	1.0	8	90008	700	15014.0	43015.0	213	11	234	6	1174
P9	2.0	24.0	1.0	9	90009	0	499.0	499.0	0	0	0	0	1167
P9	2.0	24.0	1.0	9	90009	100	3670.0	3759.0	3	4	3	0	1167
P9	2.0	24.0	1.0	9	90009	300	10334.0	13673.5	63	10	63	0	1167
P9	2.0	24.0	1.0	9	90009	500	16609.0	28598.0	140	14	144	1	1167
P9	2.0	24.0	1.0	9	90009	700	16320.0	41047.5	196	12	213	3	1167
P9	2.0	24.0	1.0	10	90010	0	503.0	503.0	0	0	0	0	1173
P9	2.0	24.0	1.0	10	90010	100	4466.5	4492.5	1	5	1	0	1173
P9	2.0	24.0	1.0	10	90010	300	8330.0	11501.0	58	8	58	0	1173
P9	2.0	24.0	1.0	10	90010	500	12910.0	25762.5	128	12	137	1	1173
P9	2.0	24.0	1.0	10	90010	700	14995.5	42068.0	204	13	231	5	1173
VA0	2.0	24.0	0.5	1	100001	0	508.0	508.0	0	0	0	0	0
VA0	2.0	24.0	0.5	2	100002	0	507.0	507.0	0	0	0	0	0
VA0	2.0	24.0	0.5	3	100003	0	501.0	501.0	0	0	0	0	0
VA0	2.0	24.0	0.5	4	100004	0	497.5	497.5	0	0	0	0	0
VA0	2.0	24.0	0.5	5	100005	0	485.0	485.0	0	0	0	0	0
VA0	2.0	24.0	0.5	6	100006	0	505.0	505.0	0	0	0	0	0
VA0	2.0	24.0	0.5	7	100007	0	501.0	501.0	0	0	0	0	0
VA0	2.0	24.0	0.5	8	100008	0	501.5	501.5	0	0	0	0	0
VA0	2.0	24.0	0.5	9	100009	0	501.0	501.0	0	0	0	0	0
VA0	2.0	24.0	0.5	10	100010	0	490.0	490.0	0	0	0	0	0
