mcs	homotypic_dark_bonds	homotypic_light_bonds	heterotypic_bonds	edge_dark_bonds	edge_light_bonds	homotypic_dark_fraction	homotypic_light_fraction	heterotypic_fraction	edge_dark_fraction	edge_light_fraction	heterotypic_fraction_of_cell_contacts	cell_sites
0	453	493	1162	336	216	0.17030075187969926	0.18533834586466166	0.4368421052631579	0.12631578947368421	0.081203007518797	0.5512333965844403	2345
1	735	463	1055	319	233	0.2620320855614973	0.16506238859180036	0.3761140819964349	0.11372549019607843	0.08306595365418895	0.4682645361739902	2326
2	848	454	1013	311	241	0.29577956051621906	0.15835367980467388	0.353331008022323	0.10847575863271712	0.08405999302406697	0.4375809935205184	2319
3	827	479	1001	299	249	0.28966725043782837	0.16777583187390543	0.35061295971978984	0.10472854640980736	0.087215411558669	0.43389683571738186	2343
4	795	480	970	288	264	0.2842331069002503	0.1716124419020379	0.34680014301036827	0.10296746514122274	0.09438684304612084	0.43207126948775054	2335
5	796	474	1001	283	259	0.2829719161038038	0.1685033771773907	0.3558478492712407	0.10060433700675435	0.09207252044081052	0.44077498899163364	2344
6	909	473	978	292	272	0.31087551299589605	0.16176470588235295	0.3344733242134063	0.09986320109439124	0.09302325581395349	0.41440677966101697	2345
7	907	509	932	296	258	0.3125430737422467	0.1753962784286699	0.321157822191592	0.1019986216402481	0.08890420399724328	0.3969335604770017	2348
8	857	533	897	301	255	0.3014421385860007	0.18747801618009144	0.315511783327471	0.10587407667956385	0.08969398522687302	0.39221687800612154	2349
9	899	540	877	303	261	0.3121527777777778	0.1875	0.30451388888888886	0.10520833333333333	0.090625	0.37867012089810015	2362
10	895	525	878	274	292	0.3125	0.18331005586592178	0.30656424581005587	0.09567039106145252	0.10195530726256984	0.38207136640557005	2355
11	957	530	853	273	279	0.3309128630705394	0.18326417704011064	0.29495159059474413	0.09439834024896265	0.09647302904564316	0.3645299145299145	2335
12	838	547	852	274	288	0.2993926402286531	0.1954269381922115	0.30439442658092175	0.09789210432297249	0.10289389067524116	0.380867232901207	2347
13	906	553	812	284	288	0.3186774533943018	0.1945128385508266	0.28561378825184663	0.09989447766443897	0.101301442138586	0.3575517393218846	2335
14	1023	530	830	248	310	0.3478408704522271	0.18021081264875893	0.28221693301598094	0.08432505950357022	0.10540632437946276	0.3483004616030214	2341
15	950	531	807	263	315	0.3314724354501047	0.18527564549895326	0.28157711095603627	0.09176552686671319	0.1099092812281926	0.3527097902097902	2338
16	1012	536	791	251	315	0.34836488812392424	0.18450946643717728	0.27228915662650605	0.0864027538726334	0.10843373493975904	0.3381787088499359	2345
17	1042	542	779	245	325	0.3552676440504603	0.18479372655983634	0.2655983634503921	0.08353221957040573	0.11080804636890555	0.32966567922132883	2360
18	1018	555	788	250	312	0.34827232295586724	0.189873417721519	0.2695860417379405	0.08552856654122477	0.10673965104344851	0.33375688267683185	2366
19	1066	518	815	237	315	0.36123348017621143	0.17553371738393764	0.2761775669264656	0.08031175872585564	0.10674347678752966	0.3397248853689037	2338
20	1036	516	820	240	332	0.35190217391304346	0.17527173913043478	0.27853260869565216	0.08152173913043478	0.11277173913043478	0.3456998313659359	2346
21	982	532	809	239	337	0.33873749568816836	0.18351155570886513	0.27906174542945844	0.08244222145567437	0.11624698171783374	0.34825656478691347	2349
22	1081	540	772	222	340	0.3658206429780034	0.18274111675126903	0.26125211505922163	0.0751269035532995	0.11505922165820642	0.3226076055160886	2351
23	1075	540	789	219	349	0.3617092866756393	0.1816958277254374	0.2654777927321669	0.07368775235531629	0.1174293405114401	0.32820299500831945	2349
24	1104	545	789	223	343	0.36750998668442075	0.1814247669773635	0.2626498002663116	0.07423435419440745	0.11418109187749667	0.32362592288761277	2345
25	1059	561	789	219	331	0.35789117945251775	0.1895910780669145	0.2666441365326124	0.0740114903683677	0.1118621155795877	0.3275217932752179	2371
26	1061	549	799	229	331	0.35735938026271474	0.18491074435836982	0.26911417985853825	0.07713034691815426	0.11148534860222296	0.33167289331672895	2389
27	1036	556	789	225	339	0.3517826825127334	0.18879456706281833	0.26791171477079795	0.07640067911714771	0.11511035653650255	0.33137337253254934	2389
28	1121	558	772	236	322	0.37254901960784315	0.18544366899302095	0.256563642406115	0.0784313725490196	0.10701229644400133	0.3149734802121583	2378
29	1068	556	762	226	334	0.3625254582484725	0.1887304820095044	0.25865580448065173	0.07671418873048201	0.11337406653088934	0.3193629505448449	2400
30	1067	566	780	218	344	0.35865546218487393	0.19025210084033614	0.26218487394957984	0.07327731092436975	0.11563025210084034	0.32324906755076666	2379
31	1052	570	767	223	337	0.3567310952865378	0.19328585961342828	0.26008816547982366	0.0756188538487623	0.11427602577144795	0.3210548346588531	2367
32	1051	588	739	195	369	0.3572399728076139	0.19986403806934058	0.2511896668932699	0.066281441196465	0.12542488103331068	0.3107653490328007	2379
33	1029	557	794	210	356	0.34928716904276985	0.18906992532247116	0.2695179904955872	0.07128309572301425	0.1208418194161575	0.33361344537815124	2386
34	1006	567	754	214	348	0.34821737625475946	0.19626168224299065	0.2609899619245414	0.07407407407407407	0.12045690550363447	0.3240223463687151	2363
35	1032	566	731	205	355	0.3572170301142264	0.19591554170993422	0.25302872966424367	0.07095880927656628	0.12287988923502942	0.31386861313868614	2352
36	1042	536	765	211	353	0.3584451324389405	0.18438252493980048	0.2631578947368421	0.07258341933264534	0.12143102855177158	0.3265044814340589	2341
37	1091	568	749	189	367	0.36808367071524967	0.19163292847503374	0.2526990553306343	0.06376518218623482	0.1238191632928475	0.311046511627907	2361
38	1130	573	716	184	378	0.37906742703790675	0.19221737671922173	0.2401878564240188	0.061724253606172425	0.1268030862126803	0.29599007854485326	2351
39	1147	570	712	204	350	0.3845122360040228	0.1910828025477707	0.23868588669125043	0.06838752933288636	0.11733154542406973	0.293124742692466	2349
40	1173	572	721	201	347	0.38918380889183807	0.1897810218978102	0.23921698739216987	0.06668878566688785	0.11512939615129396	0.2923763179237632	2362
41	1133	572	717	185	361	0.38173854447439354	0.192722371967655	0.2415768194070081	0.06233153638814016	0.12163072776280323	0.29603633360858794	2352
42	1133	577	709	183	371	0.38109653548604105	0.19408005381769255	0.2384796501849983	0.0615539858728557	0.12478977463841238	0.2930963207937164	2354
43	1134	566	705	197	359	0.3829787234042553	0.19115163796014858	0.23809523809523808	0.06653157716987504	0.12124282337048295	0.29313929313929316	2332
44	1099	575	709	215	337	0.37444633730834753	0.19591141396933562	0.2415672913117547	0.07325383304940375	0.11482112436115843	0.29752412924884597	2327
45	1018	585	670	224	338	0.35908289241622576	0.20634920634920634	0.23633156966490299	0.07901234567901234	0.11922398589065256	0.29476462824461064	2351
46	1131	593	644	200	366	0.38548057259713703	0.20211315610088615	0.2194955691888207	0.0681663258350375	0.12474437627811862	0.2719594594594595	2363
47	1185	588	648	206	386	0.39329571855293727	0.1951543312313309	0.21506803849983405	0.06837039495519416	0.12811151676070362	0.26765799256505574	2350
48	1118	595	636	192	372	0.38379677308616544	0.20425677995193958	0.21833161688980432	0.06591143151390319	0.12770339855818744	0.2707535121328225	2330
49	1059	570	656	188	384	0.37066853342667133	0.19950997549877494	0.2296114805740287	0.06580329016450823	0.1344067203360168	0.287089715536105	2344
50	1092	586	635	189	387	0.37798546209761164	0.20283835237106265	0.21979923849082728	0.06542056074766354	0.13395638629283488	0.2745352356247298	2337
51	1134	564	656	180	382	0.3888888888888889	0.1934156378600823	0.22496570644718794	0.06172839506172839	0.1310013717421125	0.2786745964316058	2336
52	1129	586	653	185	381	0.38479890933878663	0.19972733469665985	0.2225630538513974	0.06305385139740968	0.12985685071574643	0.27576013513513514	2360
53	1165	587	659	181	407	0.3884628209403134	0.19573191063687895	0.21973991330443482	0.06035345115038346	0.13571190396798932	0.27333056822895063	2375
54	1133	591	670	188	390	0.38122476446837145	0.19885598923283984	0.22543741588156124	0.063257065948856	0.13122476446837147	0.27986633249791143	2423
55	1127	595	647	175	397	0.3832029921795308	0.2023121387283237	0.21999319959197552	0.059503570214212854	0.13498809928595715	0.27311101730688053	2406
56	1198	585	615	177	389	0.4041835357624831	0.19736842105263158	0.2074898785425101	0.0597165991902834	0.13124156545209176	0.2564637197664721	2390
57	1070	594	646	162	408	0.3715277777777778	0.20625	0.22430555555555556	0.05625	0.14166666666666666	0.27965367965367965	2401
58	1181	597	630	170	390	0.397911051212938	0.2011455525606469	0.21226415094339623	0.05727762803234501	0.13140161725067384	0.2616279069767442	2382
59	1215	589	636	180	382	0.4047301798800799	0.1962025316455696	0.21185876082611593	0.05996002664890073	0.12724850099933377	0.260655737704918	2354
60	1145	586	634	194	372	0.3906516547253497	0.19993176390310474	0.21630842715796655	0.06618901398839987	0.1269191402251791	0.26807610993657505	2362
61	1237	602	621	189	365	0.4104180491041805	0.19973457199734573	0.20603848706038488	0.06270736562707366	0.12110152621101526	0.2524390243902439	2383
62	1193	612	604	184	378	0.4015483002356109	0.20599124873779873	0.20329855267586672	0.06193200942443622	0.12722988892628745	0.25072644250726445	2360
63	1183	626	572	174	394	0.40115293319769413	0.2122753475754493	0.1939640556120719	0.059003051881993895	0.13360461173279078	0.24023519529609408	2374
64	1216	607	571	183	387	0.41025641025641024	0.20479082321187583	0.1926450742240216	0.06174089068825911	0.1305668016194332	0.23851294903926482	2356
65	1239	646	548	188	370	0.41424272818455365	0.21598127716482782	0.18321631561350718	0.06285523236375794	0.1237044466733534	0.22523633374434854	2358
66	1189	657	554	186	378	0.40114709851551955	0.2216599190283401	0.18690958164642374	0.06275303643724696	0.12753036437246965	0.23083333333333333	2377
67	1289	613	573	183	387	0.4233169129720854	0.20131362889983578	0.18817733990147784	0.060098522167487685	0.1270935960591133	0.2315151515151515	2367
68	1319	627	568	174	386	0.42908262849707224	0.20396877033181524	0.18477553675992192	0.05660377358490566	0.12556929082628496	0.22593476531424025	2353
69	1302	629	546	166	400	0.42786723627998685	0.20670391061452514	0.17942819585934933	0.05455142951035163	0.13144922773578704	0.2204279370205894	2359
70	1241	631	571	167	399	0.4124293785310734	0.20970422067131939	0.18976404120970422	0.05550016616816218	0.13260219341974078	0.23372902169463775	2385
71	1178	630	594	172	396	0.3966329966329966	0.21212121212121213	0.2	0.057912457912457915	0.13333333333333333	0.2472939217318901	2389
72	1244	625	579	151	411	0.4132890365448505	0.20764119601328904	0.19235880398671096	0.05016611295681063	0.13654485049833887	0.23651960784313725	2392
73	1224	631	565	167	405	0.4090909090909091	0.2108957219251337	0.18883689839572193	0.055815508021390375	0.13536096256684493	0.2334710743801653	2387
74	1257	628	576	154	408	0.4158121071782997	0.20774065497849817	0.19053919947072445	0.05094277208071452	0.13496526629176314	0.23405119869971555	2396
75	1173	620	597	155	399	0.3984375	0.2105978260869565	0.2027853260869565	0.05264945652173913	0.13552989130434784	0.2497907949790795	2396
76	1176	637	555	169	393	0.4013651877133106	0.2174061433447099	0.189419795221843	0.05767918088737201	0.13412969283276452	0.234375	2387
77	1123	635	551	177	383	0.39142558382711745	0.22133147438131753	0.19205298013245034	0.06169397002439875	0.13349599163471593	0.2386314421827631	2366
78	1200	634	584	172	382	0.4037685060565276	0.2133243606998654	0.19650067294751009	0.05787348586810229	0.1285329744279946	0.24152191894127378	2373
79	1204	627	567	181	379	0.4070317782285328	0.21196754563894524	0.19168356997971603	0.06118999323867478	0.12812711291413117	0.23644703919933277	2345
80	1217	651	556	162	394	0.4083892617449664	0.2184563758389262	0.1865771812080537	0.05436241610738255	0.13221476510067115	0.22937293729372937	2349
81	1182	634	560	176	386	0.4023144996596324	0.2157930565010211	0.1906058543226685	0.059904697072838665	0.13138189244383935	0.2356902356902357	2349
82	1246	629	576	176	382	0.4140910601528747	0.20903954802259886	0.1914257228315055	0.058491193087404456	0.12695247590561648	0.2350061199510404	2349
83	1176	648	552	168	390	0.40081799591002043	0.22085889570552147	0.18813905930470348	0.05725971370143149	0.1329243353783231	0.23232323232323232	2334
84	1206	632	538	174	396	0.4093686354378819	0.21452817379497624	0.1826205023761032	0.059063136456211814	0.13441955193482688	0.22643097643097643	2336
85	1220	649	541	175	391	0.4099462365591398	0.2180779569892473	0.18178763440860216	0.05880376344086022	0.13138440860215053	0.22448132780082988	2364
86	1263	648	553	165	407	0.4160079051383399	0.2134387351778656	0.18214756258234518	0.05434782608695652	0.13405797101449277	0.22443181818181818	2367
87	1263	652	564	170	384	0.41641938674579626	0.21496867787668975	0.18595450049455983	0.05605011539729641	0.12660731948565776	0.22751109318273496	2391
88	1223	648	546	178	372	0.412200876306033	0.21840242669362994	0.18402426693629928	0.05999325918436131	0.12537917087967643	0.22589987587918908	2383
89	1223	662	544	170	384	0.4099899430103922	0.22192423734495476	0.18236674488769694	0.0569896077774053	0.1287294669795508	0.22396047756278303	2389
90	1190	648	555	181	379	0.40298002031832036	0.21943785980358957	0.18794446325770403	0.061293599729089064	0.128344056891297	0.23192645215211033	2388
91	1183	661	546	180	378	0.4012890094979647	0.22421981004070557	0.1852103120759837	0.06105834464043419	0.1282225237449118	0.22845188284518828	2376
92	1284	653	532	178	380	0.4241823587710605	0.2157251404030393	0.17575156921043938	0.05880409646514701	0.12553683515031383	0.21547185095180235	2360
93	1233	646	543	169	397	0.4126506024096386	0.21619812583668005	0.1817269076305221	0.056559571619812586	0.1328647925033467	0.22419488026424442	2364
94	1154	667	539	177	385	0.3949349760438056	0.22826830937713893	0.18446269678302532	0.060574948665297744	0.13175906913073238	0.22838983050847458	2386
95	1184	639	541	179	395	0.4029952348536419	0.21749489448604492	0.18413886997957796	0.060925799863852964	0.13444520081688224	0.22884940778341795	2371
96	1215	645	545	185	385	0.4084033613445378	0.21680672268907564	0.18319327731092436	0.06218487394957983	0.12941176470588237	0.22661122661122662	2363
97	1247	651	542	170	390	0.4156666666666667	0.217	0.18066666666666667	0.056666666666666664	0.13	0.22213114754098362	2367
98	1181	638	522	176	386	0.40682053048570443	0.21977264898380985	0.17981398553220806	0.06062693765070617	0.13296589734757147	0.22298163178129005	2350
99	1285	637	532	166	394	0.4263437292634373	0.21134704711347047	0.17650962176509621	0.055076310550763105	0.13072329130723293	0.21678891605541972	2358
100	1305	627	532	162	410	0.4298418972332016	0.20652173913043478	0.17523056653491437	0.0533596837944664	0.13504611330698288	0.2159090909090909	2351
