set	foam	beta	beta_model	k	seed	mcs	nbub	mu2n0	t1_total	t_first	peak_f	peak_prom
spec	ordered	0.001	0.0024967980904210996	1	13000011	131072	256	0.4375	0.0	-1	0.00020599348879248402	NaN
spec	ordered	0.001	0.0024967980904210996	2	13000012	131072	256	0.4375	0.0	-1	0.00020599348879248402	NaN
spec	ordered	0.001	0.0024967980904210996	3	13000013	131072	256	0.4375	0.0	-1	0.00020599348879248402	NaN
spec	ordered	0.001	0.0024967980904210996	4	13000014	131072	256	0.4375	0.0	-1	0.00020599348879248402	NaN
spec	ordered	0.001	0.0024967980904210996	5	13000015	131072	256	0.4375	0.0	-1	0.00020599348879248402	NaN
spec	ordered	0.005	0.012483990452105498	1	13000021	131072	256	0.4375	0.0	-1	0.00020599348879248402	NaN
spec	ordered	0.005	0.012483990452105498	2	13000022	131072	256	0.4375	0.0	-1	0.00020599348879248402	NaN
spec	ordered	0.005	0.012483990452105498	3	13000023	131072	256	0.4375	0.0	-1	0.00020599348879248402	NaN
spec	ordered	0.005	0.012483990452105498	4	13000024	131072	256	0.4375	0.0	-1	0.00020599348879248402	NaN
spec	ordered	0.005	0.012483990452105498	5	13000025	131072	256	0.4375	0.0	-1	0.00020599348879248402	NaN
spec	ordered	0.01	0.024967980904210995	1	13000031	131072	256	0.4375	23384.0	462	0.001701353629656442	3.9523748486373567
spec	ordered	0.01	0.024967980904210995	2	13000032	131072	256	0.4375	23648.0	425	0.0011444082710693557	4.886698833829164
spec	ordered	0.01	0.024967980904210995	3	13000033	131072	256	0.4375	23448.5	450	0.0029907202817279163	4.02850853726066
spec	ordered	0.01	0.024967980904210995	4	13000034	131072	256	0.4375	22868.0	475	0.0019073471184489262	4.703221853426319
spec	ordered	0.01	0.024967980904210995	5	13000035	131072	256	0.4375	22900.0	455	0.0032424901013631746	4.042985629659295
spec	ordered	0.02	0.04993596180842199	1	13000041	131072	256	0.4375	146592.5	136	0.002998349670201712	10.053634985278633
spec	ordered	0.02	0.04993596180842199	2	13000042	131072	256	0.4375	153971.0	129	0.004074093445006906	8.901174537413874
spec	ordered	0.02	0.04993596180842199	3	13000043	131072	256	0.4375	147949.5	120	0.0031890843820466044	8.423627638503177
spec	ordered	0.02	0.04993596180842199	4	13000044	131072	256	0.4375	145403.0	119	0.0033416721515225184	6.279862583524601
spec	ordered	0.02	0.04993596180842199	5	13000045	131072	256	0.4375	143484.5	132	0.004089352221954497	5.537663457023357
spec	ordered	0.05	0.12483990452105498	1	13000051	131072	256	0.4375	695622.5	36	0.004798885350017498	14.740349544048579
spec	ordered	0.05	0.12483990452105498	2	13000052	131072	256	0.4375	697247.5	42	0.004631038803593993	9.586410815452991
spec	ordered	0.05	0.12483990452105498	3	13000053	131072	256	0.4375	713907.0	41	0.004981990673388595	10.101704170623627
spec	ordered	0.05	0.12483990452105498	4	13000054	131072	256	0.4375	656842.5	39	0.004966731896441003	9.249448445780553
spec	ordered	0.05	0.12483990452105498	5	13000055	131072	256	0.4375	643112.0	40	0.004905696788650638	15.795573547686875
spec	d081	0.001	0.0024967980904210996	1	13000061	131072	236	0.7870583165756968	0.0	-1	0.00020599348879248402	NaN
spec	d081	0.001	0.0024967980904210996	2	13000062	131072	240	0.8332638888888897	0.0	-1	0.00020599348879248402	NaN
spec	d081	0.001	0.0024967980904210996	3	13000063	131072	232	0.8210463733650385	0.0	-1	0.00020599348879248402	NaN
spec	d081	0.001	0.0024967980904210996	4	13000064	131072	232	0.8337544589774099	0.0	-1	0.00020599348879248402	NaN
spec	d081	0.001	0.0024967980904210996	5	13000065	131072	222	0.8319129940751576	0.0	-1	0.00020599348879248402	NaN
spec	d081	0.005	0.012483990452105498	1	13000071	131072	236	0.7870583165756968	1147.0	45	0.0006332392433250434	5.213835115898597
spec	d081	0.005	0.012483990452105498	2	13000072	131072	240	0.8332638888888897	1139.5	3459	0.0007629388473795705	3.9685874014495788
spec	d081	0.005	0.012483990452105498	3	13000073	131072	232	0.8210463733650385	722.0	346	0.0003051755389518282	5.914419488829731
spec	d081	0.005	0.012483990452105498	4	13000074	131072	232	0.8337544589774099	807.5	3469	0.0009460441707506673	4.033857042977227
spec	d081	0.005	0.012483990452105498	5	13000075	131072	222	0.8319129940751576	687.5	21	0.0010223380554886244	4.389252809601614
spec	d081	0.01	0.024967980904210995	1	13000081	131072	236	0.7870583165756968	27113.5	23	0.0019454940608179046	4.6578581003153285
spec	d081	0.01	0.024967980904210995	2	13000082	131072	240	0.8332638888888897	29634.5	7	0.0031127904973086476	3.8663453628821576
spec	d081	0.01	0.024967980904210995	3	13000083	131072	232	0.8210463733650385	27773.0	88	0.001502989529337754	4.08651343928419
spec	d081	0.01	0.024967980904210995	4	13000084	131072	232	0.8337544589774099	26593.5	7	0.00401305833721654	3.523627979113582
spec	d081	0.01	0.024967980904210995	5	13000085	131072	222	0.8319129940751576	23471.0	12	0.0037918060714764654	3.734894195495144
spec	d081	0.02	0.04993596180842199	1	13000091	131072	236	0.7870583165756968	139939.0	1	0.004104610998902089	6.567277031914376
spec	d081	0.02	0.04993596180842199	2	13000092	131072	240	0.8332638888888897	148565.5	3	0.004562374307329831	4.897788230763865
spec	d081	0.02	0.04993596180842199	3	13000093	131072	232	0.8210463733650385	145108.5	6	0.0027313210736188624	4.542054569253505
spec	d081	0.02	0.04993596180842199	4	13000094	131072	232	0.8337544589774099	146097.0	0	0.003555295028788798	4.156585663612893
spec	d081	0.02	0.04993596180842199	5	13000095	131072	222	0.8319129940751576	129950.0	8	0.0035781831942101852	3.543440232197338
spec	d081	0.05	0.12483990452105498	1	13000101	131072	236	0.7870583165756968	697501.0	0	0.004203793049061433	4.228155223736593
spec	d081	0.05	0.12483990452105498	2	13000102	131072	240	0.8332638888888897	714024.5	1	0.004829402903912681	4.680700233331717
spec	d081	0.05	0.12483990452105498	3	13000103	131072	232	0.8210463733650385	697816.5	0	0.003173825605099013	4.2857553636107415
spec	d081	0.05	0.12483990452105498	4	13000104	131072	232	0.8337544589774099	692165.5	1	0.004173275495166251	3.8085168417404196
spec	d081	0.05	0.12483990452105498	5	13000105	131072	222	0.8319129940751576	678846.5	5	0.0028533912891995934	4.9177458031248635
spec	d165	0.001	0.0024967980904210996	1	13000111	131072	174	1.6282203725723357	0.0	-1	0.00020599348879248402	NaN
spec	d165	0.001	0.0024967980904210996	2	13000112	131072	173	1.6043302482542001	0.0	-1	0.00020599348879248402	NaN
spec	d165	0.001	0.0024967980904210996	3	13000113	131072	190	1.672465373961221	0.0	-1	0.00020599348879248402	NaN
spec	d165	0.001	0.0024967980904210996	4	13000114	131072	189	1.6326530612244907	0.0	-1	0.00020599348879248402	NaN
spec	d165	0.001	0.0024967980904210996	5	13000115	131072	179	1.79825848132081	0.0	-1	0.00020599348879248402	NaN
spec	d165	0.005	0.012483990452105498	1	13000121	131072	174	1.6282203725723357	812.0	44	0.0003204343158994196	6.467443254543393
spec	d165	0.005	0.012483990452105498	2	13000122	131072	173	1.6043302482542001	897.5	301	0.0003433224813208067	4.203411655882644
spec	d165	0.005	0.012483990452105498	3	13000123	131072	190	1.672465373961221	1199.5	83	0.0004959102507967208	3.7249801007862424
spec	d165	0.005	0.012483990452105498	4	13000124	131072	189	1.6326530612244907	1011.5	1458	0.0007629388473795705	5.3290772187038336
spec	d165	0.005	0.012483990452105498	5	13000125	131072	179	1.79825848132081	1150.5	16	0.0026626565773547007	3.7303640865607743
spec	d165	0.01	0.024967980904210995	1	13000131	131072	174	1.6282203725723357	18046.0	16	0.002502439419404991	4.710542425378217
spec	d165	0.01	0.024967980904210995	2	13000132	131072	173	1.6043302482542001	16677.0	91	0.0009918205015934415	3.6306707575466945
spec	d165	0.01	0.024967980904210995	3	13000133	131072	190	1.672465373961221	22541.5	19	0.004051205279585519	4.415295287004927
spec	d165	0.01	0.024967980904210995	4	13000134	131072	189	1.6326530612244907	19666.0	102	0.0014266956445997967	4.247590998798549
spec	d165	0.01	0.024967980904210995	5	13000135	131072	179	1.79825848132081	20915.0	6	0.0018463120106585605	3.8669763791054153
spec	d165	0.02	0.04993596180842199	1	13000141	131072	174	1.6282203725723357	96309.0	18	0.0028533912891995934	3.3877667391432444
spec	d165	0.02	0.04993596180842199	2	13000142	131072	173	1.6043302482542001	87653.5	33	0.003494259920998433	5.607989392878256
spec	d165	0.02	0.04993596180842199	3	13000143	131072	190	1.672465373961221	111469.0	5	0.00216674632655798	5.190509497023518
spec	d165	0.02	0.04993596180842199	4	13000144	131072	189	1.6326530612244907	100113.5	60	0.0023956279807718513	3.8099666436206174
spec	d165	0.02	0.04993596180842199	5	13000145	131072	179	1.79825848132081	102872.0	1	0.00227355776519112	4.091801696766427
spec	d165	0.05	0.12483990452105498	1	13000151	131072	174	1.6282203725723357	487186.5	1	0.003639218302000551	4.484195373589701
spec	d165	0.05	0.12483990452105498	2	13000152	131072	173	1.6043302482542001	484228.5	2	0.004531856753434649	3.599716165962635
spec	d165	0.05	0.12483990452105498	3	13000153	131072	190	1.672465373961221	596254.5	1	0.003990170171795153	4.850200768586856
spec	d165	0.05	0.12483990452105498	4	13000154	131072	189	1.6326530612244907	502586.5	3	0.004020687725690336	3.9363239733646664
spec	d165	0.05	0.12483990452105498	5	13000155	131072	179	1.79825848132081	594479.0	0	0.0012741078751238827	4.075165596151835
v14	d165	0.0001	0.00024967980904211	1	14000161	32768	174	1.6282203725723357	0.0	-1	NaN	NaN
v14	d165	0.0001	0.00024967980904211	2	14000162	32768	173	1.6043302482542001	0.0	-1	NaN	NaN
v14	d165	0.0001	0.00024967980904211	3	14000163	32768	190	1.672465373961221	0.0	-1	NaN	NaN
v14	d165	0.0001	0.00024967980904211	4	14000164	32768	189	1.6326530612244907	0.0	-1	NaN	NaN
v14	d165	0.0001	0.00024967980904211	5	14000165	32768	179	1.79825848132081	0.0	-1	NaN	NaN
v14	d165	0.001	0.0024967980904210996	1	14000171	32768	174	1.6282203725723357	0.0	-1	NaN	NaN
v14	d165	0.001	0.0024967980904210996	2	14000172	32768	173	1.6043302482542001	0.0	-1	NaN	NaN
v14	d165	0.001	0.0024967980904210996	3	14000173	32768	190	1.672465373961221	0.0	-1	NaN	NaN
v14	d165	0.001	0.0024967980904210996	4	14000174	32768	189	1.6326530612244907	0.0	-1	NaN	NaN
v14	d165	0.001	0.0024967980904210996	5	14000175	32768	179	1.79825848132081	0.0	-1	NaN	NaN
v14	d165	0.005	0.012483990452105498	1	14000181	32768	174	1.6282203725723357	174.0	211	NaN	NaN
v14	d165	0.005	0.012483990452105498	2	14000182	32768	173	1.6043302482542001	365.5	452	NaN	NaN
v14	d165	0.005	0.012483990452105498	3	14000183	32768	190	1.672465373961221	257.0	144	NaN	NaN
v14	d165	0.005	0.012483990452105498	4	14000184	32768	189	1.6326530612244907	238.0	1232	NaN	NaN
v14	d165	0.005	0.012483990452105498	5	14000185	32768	179	1.79825848132081	160.0	8	NaN	NaN
v14	d165	0.01	0.024967980904210995	1	14000191	32768	174	1.6282203725723357	4703.5	9	NaN	NaN
v14	d165	0.01	0.024967980904210995	2	14000192	32768	173	1.6043302482542001	4496.0	29	NaN	NaN
v14	d165	0.01	0.024967980904210995	3	14000193	32768	190	1.672465373961221	5780.0	14	NaN	NaN
v14	d165	0.01	0.024967980904210995	4	14000194	32768	189	1.6326530612244907	5514.0	129	NaN	NaN
v14	d165	0.01	0.024967980904210995	5	14000195	32768	179	1.79825848132081	5574.5	1	NaN	NaN
v14	d165	0.05	0.12483990452105498	1	14000201	32768	174	1.6282203725723357	115749.0	4	NaN	NaN
v14	d165	0.05	0.12483990452105498	2	14000202	32768	173	1.6043302482542001	113301.0	1	NaN	NaN
v14	d165	0.05	0.12483990452105498	3	14000203	32768	190	1.672465373961221	139538.5	1	NaN	NaN
v14	d165	0.05	0.12483990452105498	4	14000204	32768	189	1.6326530612244907	116203.0	3	NaN	NaN
v14	d165	0.05	0.12483990452105498	5	14000205	32768	179	1.79825848132081	133227.0	1	NaN	NaN
v14	d172	0.0001	0.00024967980904211	1	14000211	32768	174	1.9194081120359332	0.0	-1	NaN	NaN
v14	d172	0.0001	0.00024967980904211	2	14000212	32768	171	1.783317943982764	0.0	-1	NaN	NaN
v14	d172	0.0001	0.00024967980904211	3	14000213	32768	180	1.7920987654321012	0.0	-1	NaN	NaN
v14	d172	0.0001	0.00024967980904211	4	14000214	32768	144	1.5399305555555565	0.0	-1	NaN	NaN
v14	d172	0.0001	0.00024967980904211	5	14000215	32768	187	1.8007949898481515	0.0	-1	NaN	NaN
v14	d172	0.001	0.0024967980904210996	1	14000221	32768	174	1.9194081120359332	0.0	-1	NaN	NaN
v14	d172	0.001	0.0024967980904210996	2	14000222	32768	171	1.783317943982764	0.0	-1	NaN	NaN
v14	d172	0.001	0.0024967980904210996	3	14000223	32768	180	1.7920987654321012	0.0	-1	NaN	NaN
v14	d172	0.001	0.0024967980904210996	4	14000224	32768	144	1.5399305555555565	0.0	-1	NaN	NaN
v14	d172	0.001	0.0024967980904210996	5	14000225	32768	187	1.8007949898481515	0.0	-1	NaN	NaN
v14	d172	0.005	0.012483990452105498	1	14000231	32768	174	1.9194081120359332	156.5	164	NaN	NaN
v14	d172	0.005	0.012483990452105498	2	14000232	32768	171	1.783317943982764	188.0	157	NaN	NaN
v14	d172	0.005	0.012483990452105498	3	14000233	32768	180	1.7920987654321012	152.0	472	NaN	NaN
v14	d172	0.005	0.012483990452105498	4	14000234	32768	144	1.5399305555555565	106.0	441	NaN	NaN
v14	d172	0.005	0.012483990452105498	5	14000235	32768	187	1.8007949898481515	143.0	1802	NaN	NaN
v14	d172	0.01	0.024967980904210995	1	14000241	32768	174	1.9194081120359332	4256.0	21	NaN	NaN
v14	d172	0.01	0.024967980904210995	2	14000242	32768	171	1.783317943982764	4556.0	25	NaN	NaN
v14	d172	0.01	0.024967980904210995	3	14000243	32768	180	1.7920987654321012	4739.5	11	NaN	NaN
v14	d172	0.01	0.024967980904210995	4	14000244	32768	144	1.5399305555555565	3951.0	55	NaN	NaN
v14	d172	0.01	0.024967980904210995	5	14000245	32768	187	1.8007949898481515	5533.5	13	NaN	NaN
v14	d172	0.05	0.12483990452105498	1	14000251	32768	174	1.9194081120359332	111631.5	1	NaN	NaN
v14	d172	0.05	0.12483990452105498	2	14000252	32768	171	1.783317943982764	114167.5	2	NaN	NaN
v14	d172	0.05	0.12483990452105498	3	14000253	32768	180	1.7920987654321012	124722.5	1	NaN	NaN
v14	d172	0.05	0.12483990452105498	4	14000254	32768	144	1.5399305555555565	78409.0	1	NaN	NaN
v14	d172	0.05	0.12483990452105498	5	14000255	32768	187	1.8007949898481515	133762.5	1	NaN	NaN
v14	d107	0.0001	0.00024967980904211	1	14000261	32768	331	1.0308047571672427	0.0	-1	NaN	NaN
v14	d107	0.0001	0.00024967980904211	2	14000262	32768	332	1.0741036434896176	0.0	-1	NaN	NaN
v14	d107	0.0001	0.00024967980904211	3	14000263	32768	306	1.0813362381989848	0.0	-1	NaN	NaN
v14	d107	0.0001	0.00024967980904211	4	14000264	32768	342	1.0500324886289814	0.0	-1	NaN	NaN
v14	d107	0.0001	0.00024967980904211	5	14000265	32768	324	1.0531550068587139	0.5	-1	NaN	NaN
v14	d107	0.001	0.0024967980904210996	1	14000271	32768	331	1.0308047571672427	0.0	-1	NaN	NaN
v14	d107	0.001	0.0024967980904210996	2	14000272	32768	332	1.0741036434896176	0.0	-1	NaN	NaN
v14	d107	0.001	0.0024967980904210996	3	14000273	32768	306	1.0813362381989848	0.0	-1	NaN	NaN
v14	d107	0.001	0.0024967980904210996	4	14000274	32768	342	1.0500324886289814	0.0	-1	NaN	NaN
v14	d107	0.001	0.0024967980904210996	5	14000275	32768	324	1.0531550068587139	0.0	-1	NaN	NaN
v14	d107	0.005	0.012483990452105498	1	14000281	32768	331	1.0308047571672427	881.5	256	NaN	NaN
v14	d107	0.005	0.012483990452105498	2	14000282	32768	332	1.0741036434896176	835.5	63	NaN	NaN
v14	d107	0.005	0.012483990452105498	3	14000283	32768	306	1.0813362381989848	751.0	247	NaN	NaN
v14	d107	0.005	0.012483990452105498	4	14000284	32768	342	1.0500324886289814	1005.0	20	NaN	NaN
v14	d107	0.005	0.012483990452105498	5	14000285	32768	324	1.0531550068587139	753.0	708	NaN	NaN
v14	d107	0.01	0.024967980904210995	1	14000291	32768	331	1.0308047571672427	13437.5	19	NaN	NaN
v14	d107	0.01	0.024967980904210995	2	14000292	32768	332	1.0741036434896176	13699.0	1	NaN	NaN
v14	d107	0.01	0.024967980904210995	3	14000293	32768	306	1.0813362381989848	11203.5	21	NaN	NaN
v14	d107	0.01	0.024967980904210995	4	14000294	32768	342	1.0500324886289814	14384.0	12	NaN	NaN
v14	d107	0.01	0.024967980904210995	5	14000295	32768	324	1.0531550068587139	11629.0	3	NaN	NaN
v14	d107	0.05	0.12483990452105498	1	14000301	32768	331	1.0308047571672427	297272.5	1	NaN	NaN
v14	d107	0.05	0.12483990452105498	2	14000302	32768	332	1.0741036434896176	318139.0	1	NaN	NaN
v14	d107	0.05	0.12483990452105498	3	14000303	32768	306	1.0813362381989848	260177.0	1	NaN	NaN
v14	d107	0.05	0.12483990452105498	4	14000304	32768	342	1.0500324886289814	320030.5	1	NaN	NaN
v14	d107	0.05	0.12483990452105498	5	14000305	32768	324	1.0531550068587139	316430.5	0	NaN	NaN
v14	d095	0.0001	0.00024967980904211	1	14000311	32768	349	1.0414036009556566	0.0	-1	NaN	NaN
v14	d095	0.0001	0.00024967980904211	2	14000312	32768	351	1.0363714580238803	0.0	-1	NaN	NaN
v14	d095	0.0001	0.00024967980904211	3	14000313	32768	364	1.0474882260596508	0.0	-1	NaN	NaN
v14	d095	0.0001	0.00024967980904211	4	14000314	32768	343	0.9379425239483555	0.0	-1	NaN	NaN
v14	d095	0.0001	0.00024967980904211	5	14000315	32768	331	0.9233212548260767	0.0	-1	NaN	NaN
v14	d095	0.001	0.0024967980904210996	1	14000321	32768	349	1.0414036009556566	0.0	-1	NaN	NaN
v14	d095	0.001	0.0024967980904210996	2	14000322	32768	351	1.0363714580238803	0.0	-1	NaN	NaN
v14	d095	0.001	0.0024967980904210996	3	14000323	32768	364	1.0474882260596508	0.0	-1	NaN	NaN
v14	d095	0.001	0.0024967980904210996	4	14000324	32768	343	0.9379425239483555	0.0	-1	NaN	NaN
v14	d095	0.001	0.0024967980904210996	5	14000325	32768	331	0.9233212548260767	0.0	-1	NaN	NaN
v14	d095	0.005	0.012483990452105498	1	14000331	32768	349	1.0414036009556566	801.0	276	NaN	NaN
v14	d095	0.005	0.012483990452105498	2	14000332	32768	351	1.0363714580238803	882.0	31	NaN	NaN
v14	d095	0.005	0.012483990452105498	3	14000333	32768	364	1.0474882260596508	720.0	972	NaN	NaN
v14	d095	0.005	0.012483990452105498	4	14000334	32768	343	0.9379425239483555	748.0	36	NaN	NaN
v14	d095	0.005	0.012483990452105498	5	14000335	32768	331	0.9233212548260767	804.5	641	NaN	NaN
v14	d095	0.01	0.024967980904210995	1	14000341	32768	349	1.0414036009556566	14665.0	10	NaN	NaN
v14	d095	0.01	0.024967980904210995	2	14000342	32768	351	1.0363714580238803	14866.0	1	NaN	NaN
v14	d095	0.01	0.024967980904210995	3	14000343	32768	364	1.0474882260596508	13766.0	93	NaN	NaN
v14	d095	0.01	0.024967980904210995	4	14000344	32768	343	0.9379425239483555	12875.5	9	NaN	NaN
v14	d095	0.01	0.024967980904210995	5	14000345	32768	331	0.9233212548260767	13261.0	5	NaN	NaN
v14	d095	0.05	0.12483990452105498	1	14000351	32768	349	1.0414036009556566	359517.5	2	NaN	NaN
v14	d095	0.05	0.12483990452105498	2	14000352	32768	351	1.0363714580238803	340925.5	1	NaN	NaN
v14	d095	0.05	0.12483990452105498	3	14000353	32768	364	1.0474882260596508	342054.0	1	NaN	NaN
v14	d095	0.05	0.12483990452105498	4	14000354	32768	343	0.9379425239483555	299693.5	1	NaN	NaN
v14	d095	0.05	0.12483990452105498	5	14000355	32768	331	0.9233212548260767	311668.5	1	NaN	NaN
v16	d081	0.01	0.024967980904210995	1	15000361	10000	236	0.7870583165756968	2220.5	40	NaN	NaN
v16	d081	0.01	0.024967980904210995	2	15000362	10000	240	0.8332638888888897	2279.5	109	NaN	NaN
v16	d081	0.01	0.024967980904210995	3	15000363	10000	232	0.8210463733650385	2009.0	4	NaN	NaN
v16	d081	0.01	0.024967980904210995	4	15000364	10000	232	0.8337544589774099	2041.5	4	NaN	NaN
v16	d081	0.01	0.024967980904210995	5	15000365	10000	222	0.8319129940751576	1681.5	9	NaN	NaN
v16	d165	0.01	0.024967980904210995	1	15000371	10000	174	1.6282203725723357	1486.5	10	NaN	NaN
v16	d165	0.01	0.024967980904210995	2	15000372	10000	173	1.6043302482542001	1532.0	32	NaN	NaN
v16	d165	0.01	0.024967980904210995	3	15000373	10000	190	1.672465373961221	1896.0	37	NaN	NaN
v16	d165	0.01	0.024967980904210995	4	15000374	10000	189	1.6326530612244907	1619.5	117	NaN	NaN
v16	d165	0.01	0.024967980904210995	5	15000375	10000	179	1.79825848132081	1829.0	3	NaN	NaN
v16	d172	0.01	0.024967980904210995	1	15000381	10000	174	1.9194081120359332	1398.0	10	NaN	NaN
v16	d172	0.01	0.024967980904210995	2	15000382	10000	171	1.783317943982764	1329.5	34	NaN	NaN
v16	d172	0.01	0.024967980904210995	3	15000383	10000	180	1.7920987654321012	1441.0	6	NaN	NaN
v16	d172	0.01	0.024967980904210995	4	15000384	10000	144	1.5399305555555565	1265.0	40	NaN	NaN
v16	d172	0.01	0.024967980904210995	5	15000385	10000	187	1.8007949898481515	1721.0	50	NaN	NaN
v16	d202	0.01	0.024967980904210995	1	15000391	10000	160	2.098593750000005	1449.0	12	NaN	NaN
v16	d202	0.01	0.024967980904210995	2	15000392	10000	186	2.024973985431843	1533.0	97	NaN	NaN
v16	d202	0.01	0.024967980904210995	3	15000393	10000	168	1.7341269841269853	1379.5	21	NaN	NaN
v16	d202	0.01	0.024967980904210995	4	15000394	10000	128	1.964599609375	1131.0	174	NaN	NaN
v16	d202	0.01	0.024967980904210995	5	15000395	10000	173	2.0528584316215035	1468.5	83	NaN	NaN
v16c	d165	0.0	0.0	1	16000401	10000	174	1.6282203725723357	0.0	-1	NaN	NaN
v16c	d165	0.0	0.0	2	16000402	10000	173	1.6043302482542001	0.0	-1	NaN	NaN
v16c	d165	0.0	0.0	3	16000403	10000	190	1.672465373961221	0.0	-1	NaN	NaN
v16c	d165	0.0	0.0	4	16000404	10000	189	1.6326530612244907	0.0	-1	NaN	NaN
v16c	d165	0.0	0.0	5	16000405	10000	179	1.79825848132081	0.0	-1	NaN	NaN
