set	foam	k	seed	gamma0	t1_50	phi_50	hex_pairs	hex_total	t_first	changed_max
v2	ordered	1	10000001	17.4775866329477	0.0,0.0,0.0,0.0,0.0,0.0,0.0,0.0,0.0,0.0,0.0,0.0,0.0,0.0,0.0,0.0,0.0,0.0,2.0,1.5,0.5,2.0,3.0,5.0,1.0,1.0,3.0,7.0,3.0,2.5,3.5,4.0,0.0,0.0,0.0,0.0,0.0,0.0,0.0,0.0,0.0,0.0,0.5,0.5,0.0,0.0,2.0,8.5,0.5,4.5,5.5,2.0,1.0,2.5,10.5,1.0,0.0,0.0,0.0,0.0,0.0,0.0,0.0,0.0,0.0,0.0,0.0,0.0,2.0,0.0,1.0,8.0,4.0,6.0,6.5,6.5,3.0,1.0,0.0,0.0,0.0,0.0,0.0,0.0,0.0,0.0,0.0,0.0,0.0,0.0,1.5,0.5,0.0,1.0,0.5,6.5,8.0,6.5,10.5,3.0,0.0,0.0,0.0,0.0,0.0,0.0,0.0,0.0,0.0,0.0,0.0,0.0,0.0,0.5,3.0,2.5,2.5,6.0,8.0,10.5,1.0,4.0,6.0,1.0,0.0,0.0,0.0,0.0,0.0,0.0,0.0,0.0,0.0,0.0,0.0,0.5,0.0,1.5,2.0,1.0,4.0,5.0,5.0,7.5,6.5,3.0,0.0,0.0,0.0,0.0,0.0,0.0,0.0,0.0,0.0,0.5,1.5,0.0,0.0,4.0,2.5,3.5,1.5,4.5,13.0,4.0,2.0,1.0,7.0,0.0,0.0,0.0,0.0,0.0,0.0,0.0,0.0,0.0,0.0,0.0,0.0,1.5,2.5,1.0,3.0,3.0,1.5,12.5,4.0,8.0,2.0,3.0,2.0,0.0,0.0,0.0,0.0,0.0,0.0,0.0	1.0042226392730147,1.005309166337416,1.005432635322007,1.0066179375740814,1.0083588502568155,1.0091984393520348,1.0094453773212169,1.0105072105887,1.011297412090083,1.0115937376531015,1.0115937376531015,1.013038324772817,1.0124827143421573,1.0129272026866851,1.012803733702094,1.0130506716712762,1.01327291584354,1.0135445476096405,1.013729751086527,1.0141371987356775,1.015334847886211,1.0139149545634136,1.0145693401817464,1.0137791386803634,1.0145076056894509,1.0137914855788226,1.0132235282497037,1.012914855788226,1.011865369419202,1.0115937376531015,1.0093219083366258,1.0087045634136704,1.008753951007507,1.009433030422758,1.0098775187672857,1.0102479257210588,1.011433227973133,1.0117542473330698,1.0129395495851443,1.0133469972342948,1.0136680165942316,1.0141248518372186,1.0155570920584749,1.0153842354800473,1.0151990320031608,1.015804030027657,1.0161250493875937,1.015915152113789,1.015680561043066,1.0138655669695773,1.0120876135914658,1.0119641446068748,1.012223429474516,1.0130506716712762,1.0104578229948638,1.0087416041090478,1.0097417028842355,1.0108282299486369,1.0104454760964046,1.0122481232714342,1.0120505728960885,1.0134210786250495,1.0142236270248914,1.0144582180956143,1.0143841367048598,1.0151619913077834,1.0155941327538522,1.0161003555906756,1.016952291584354,1.0167300474120902,1.0174585144211774,1.0166806598182536,1.0165571908336626,1.0145569932832872,1.0121370011853021,1.0103096602133543,1.0090132358751482,1.0077785460292374,1.009346602133544,1.0106553733702095,1.010951698933228,1.0119764915053338,1.0130877123666535,1.0133346503358356,1.0138655669695773,1.0143100553141051,1.0158410707230343,1.0159274990122482,1.0163966811536942,1.0168905570920586,1.0166806598182536,1.016606578427499,1.0168782101935994,1.0171374950612406,1.0171128012643225,1.017051066772027,1.0151249506124063,1.0139766890557091,1.0111986369024102,1.0083465033583563,1.0076921177400238,1.0086181351244567,1.0093589490320032,1.0115566969577243,1.011865369419202,1.0127049585144212,1.0126432240221257,1.014865665744765,1.014297708415646,1.014174239431055,1.0154706637692612,1.015334847886211,1.0154706637692612,1.0161127024891348,1.0165078032398263,1.0174585144211774,1.0167547412090083,1.0162732121691032,1.014285361517187,1.0125567957329118,1.0099762939549586,1.0101738443303043,1.0093959897273805,1.0102849664164362,1.0106183326748321,1.0113344527854602,1.0119394508099566,1.0133469972342948,1.013396384828131,1.0150508692216516,1.0144705649940735,1.0143964836033188,1.0151002568154879,1.0159274990122482,1.0160015804030027,1.016248518372185,1.017186882655077,1.017051066772027,1.0173226985381272,1.0167423943105491,1.016606578427499,1.016248518372185,1.0140260766495457,1.0122975108652705,1.010038028447254,1.0080625246937969,1.0079143619122877,1.0090255827736072,1.0100009877518767,1.011519656262347,1.011532003160806,1.0121740418806795,1.0131370999604898,1.0144458711971553,1.013482813117345,1.0148039312524695,1.014989134729356,1.0152731133939155,1.0167300474120902,1.0157052548399843,1.016717700513631,1.0161497431845121,1.0157052548399843,1.0164090280521534,1.0132235282497037,1.0106800671671277,1.0106306795732911,1.0112356775977875,1.009914559462663,1.0100009877518767,1.0106553733702095,1.0115813907546425,1.0122110825760569,1.0133346503358356,1.013149446858949,1.0147298498617148,1.0154953575661794,1.0146063808771237,1.015445969972343,1.0155570920584749,1.0157052548399843,1.0161127024891348,1.0167917819043857,1.0165201501382852,1.0171374950612406,1.0170387198735678,1.017520248913473,1.0142606677202686,1.0137667917819044,1.0122110825760569,1.0106924140655866,1.0112109838008692,1.0091367048597393,1.010272619517977,1.011519656262347,1.011186290003951,1.012779039905176,1.0136309758988542,1.0140507704464639,1.0139766890557091	44379	44800	938	0.171875
v2	ordered	2	10000002	17.4775866329477	0.0,0.0,0.0,0.0,0.0,0.0,0.0,0.0,0.0,0.0,0.0,0.0,0.0,0.0,0.0,0.0,0.0,1.5,1.5,1.0,2.0,2.0,1.5,6.5,1.5,4.0,4.5,1.0,1.0,2.0,2.0,5.0,0.0,0.0,0.0,0.0,0.0,0.0,0.0,0.0,0.0,0.0,0.0,0.5,0.0,0.5,1.0,1.0,3.0,2.5,8.5,10.0,4.0,4.0,0.0,0.0,0.0,0.0,0.0,0.0,0.0,0.0,0.0,0.0,0.0,0.0,1.0,0.5,1.0,0.5,2.0,4.5,14.5,8.0,3.0,0.5,1.5,3.0,0.0,0.0,0.0,0.0,0.0,0.0,0.0,0.0,0.0,0.0,0.0,0.0,0.0,0.0,0.0,0.5,2.0,3.5,1.5,3.5,12.0,8.0,5.0,1.0,0.0,0.0,0.0,0.0,0.0,0.0,0.0,0.0,0.0,0.0,0.5,0.0,0.5,6.5,3.0,3.5,6.0,4.0,5.0,7.0,2.0,2.0,0.0,0.0,0.0,0.0,0.0,0.0,0.0,0.0,0.0,0.0,0.0,0.0,0.5,1.5,3.0,3.0,4.0,5.0,2.5,5.5,1.0,2.0,2.0,1.5,3.5,2.0,1.0,0.0,0.0,0.0,0.0,0.0,0.5,0.5,0.0,6.0,1.0,2.0,2.0,2.0,9.0,3.0,0.5,0.5,2.0,3.0,3.5,6.5,2.0,2.0,0.0,0.5,0.5,0.0,0.0,2.0,0.0,3.0,4.0,3.0,2.0,3.0,4.0,0.0,0.0,1.0,1.0,1.0,0.0,1.0,2.0,3.5,4.0,3.5,3.0,0.0	1.004298418972332,1.006138833992095,1.0074234189723321,1.008312747035573,1.0099308300395258,1.009770256916996,1.0104001976284585,1.0120800395256917,1.0122776679841898,1.0121541501976286,1.0129570158102768,1.0128705533596838,1.0135375494071146,1.0139081027667984,1.0143157114624506,1.0138833992094862,1.0148591897233201,1.0145627470355731,1.014167490118577,1.014945652173913,1.0151679841897234,1.0157732213438735,1.0151679841897234,1.0136240118577076,1.0134016798418972,1.012290019762846,1.0092267786561264,1.0104990118577075,1.010832509881423,1.0109189723320158,1.0109189723320158,1.0103013833992094,1.0104001976284585,1.0121788537549408,1.0120676877470356,1.0124876482213438,1.013191699604743,1.0130311264822134,1.014068675889328,1.0148591897233201,1.0153903162055335,1.016304347826087,1.016316699604743,1.0169342885375494,1.017082509881423,1.0181324110671937,1.0174407114624506,1.0176259881422924,1.0177371541501976,1.017391304347826,1.015612648221344,1.012697628458498,1.0100172924901185,1.0091279644268776,1.0085350790513834,1.0087203557312252,1.0100666996047432,1.0118824110671936,1.0118330039525691,1.0129570158102768,1.013772233201581,1.014550395256917,1.014846837944664,1.0146615612648222,1.0153532608695652,1.0161684782608695,1.0165266798418973,1.016501976284585,1.0162302371541503,1.0172060276679842,1.0170083992094863,1.0168231225296442,1.0151679841897234,1.0124135375494072,1.0098443675889328,1.0100172924901185,1.0102766798418972,1.0086462450592886,1.0103754940711462,1.011326581027668,1.0115736166007905,1.0129199604743082,1.0131422924901186,1.0136116600790515,1.0144762845849802,1.0154150197628458,1.0148097826086957,1.0156744071146244,1.016489624505929,1.0164278656126482,1.016699604743083,1.0166378458498024,1.0174654150197628,1.0173171936758894,1.0181200592885375,1.0180459486166007,1.019046442687747,1.0184165019762845,1.0157608695652174,1.012981719367589,1.0088068181818182,1.0083374505928853,1.0089426877470355,1.0100914031620554,1.0117465415019762,1.0133275691699606,1.0133152173913043,1.0138339920948616,1.0145009881422924,1.0144145256916997,1.0147233201581027,1.01600790513834,1.015316205533597,1.016106719367589,1.0164525691699604,1.0172183794466403,1.016699604743083,1.015711462450593,1.0164278656126482,1.0137351778656127,1.0133522727272728,1.0109189723320158,1.0101037549407115,1.008708003952569,1.0097208498023715,1.0105731225296444,1.011524209486166,1.0130434782608695,1.0133275691699606,1.0140810276679841,1.0143898221343874,1.014155138339921,1.0154397233201582,1.0154644268774704,1.0159955533596838,1.0158596837944665,1.0161808300395256,1.0165637351778656,1.016711956521739,1.0173789525691699,1.0162178853754942,1.0150815217391305,1.0141180830039527,1.0128582015810277,1.0121417984189722,1.0132411067193676,1.0124505928853755,1.0121912055335969,1.0127717391304347,1.0120553359683795,1.012302371541502,1.01173418972332,1.0125617588932807,1.013586956521739,1.014167490118577,1.014056324110672,1.014834486166008,1.0154150197628458,1.0159090909090909,1.0163537549407116,1.0153409090909091,1.0149085968379448,1.014167490118577,1.0146986166007905,1.0140933794466402,1.0135128458498024,1.0130064229249012,1.0138339920948616,1.0141921936758893,1.0157485177865613,1.0147727272727274,1.0145998023715415,1.0118577075098814,1.012203557312253,1.0110918972332015,1.0128458498023716,1.0130434782608695,1.0147850790513835,1.0150815217391305,1.015933794466403,1.0162919960474308,1.0169095849802372,1.0162178853754942,1.0151803359683795,1.0151185770750988,1.014834486166008,1.013290513833992,1.0126358695652173,1.0136610671936759,1.0151309288537549,1.0150444664031621,1.0159461462450592,1.0167613636363637,1.017267786561265,1.016786067193676,1.0159584980237155,1.014649209486166,1.0137351778656127,1.0126482213438734,1.0133893280632411	44391	44800	875	0.203125
v2	ordered	3	10000003	17.4775866329477	0.0,0.0,0.0,0.0,0.0,0.0,0.0,0.0,0.0,0.0,0.0,0.0,0.0,0.0,0.0,0.0,1.0,0.0,1.0,6.0,5.0,7.0,1.5,10.5,6.0,0.0,2.5,1.5,0.0,2.0,3.0,0.0,0.0,0.0,0.0,0.0,0.0,0.0,0.0,0.0,0.0,0.0,1.0,2.0,2.0,0.0,3.5,1.5,0.5,5.0,3.5,5.5,3.5,4.0,1.0,0.0,0.0,0.0,0.0,0.0,0.0,0.0,0.0,0.0,0.0,0.0,0.0,0.5,1.5,2.0,3.0,8.0,8.0,1.5,0.5,0.0,3.0,2.0,6.0,5.5,2.5,3.0,0.0,0.0,0.0,0.0,0.0,0.0,0.0,0.0,0.0,0.0,1.0,2.0,1.0,2.0,5.5,9.0,7.0,7.5,4.0,1.0,0.0,0.0,0.0,0.0,0.0,0.0,0.0,0.0,0.0,0.0,0.0,0.0,0.0,0.0,2.0,2.0,3.0,9.0,1.5,10.5,4.0,2.0,3.5,1.5,0.0,0.0,0.0,0.0,0.0,0.0,0.0,0.0,0.0,0.0,0.0,0.0,1.5,0.5,1.0,1.0,4.5,4.5,10.5,7.5,7.0,4.0,0.0,0.0,0.0,0.0,0.0,0.0,0.0,0.0,0.0,0.0,0.0,0.0,0.5,3.0,1.5,2.0,7.0,2.5,9.5,7.5,1.5,1.0,0.0,0.0,0.0,0.0,0.0,0.0,0.0,1.0,0.0,0.0,0.0,0.0,0.0,0.0,2.0,2.0,3.0,5.0,4.0,6.0,3.5,1.5,5.0,4.0,0.0,0.0,0.0,0.0,0.0,0.0	1.0040016302938235,1.0051255449751133,1.0053108056368645,1.0068669951955735,1.0082749762248817,1.0093000852199043,1.0098805686267245,1.0111650425481986,1.011696123111885,1.0124124643373227,1.012091345856954,1.0128694406363086,1.0130794027196266,1.0130176491657095,1.0130670520088432,1.01367223683723,1.014190966690133,1.0140551088715155,1.0136845875480134,1.0156854026949251,1.014561488013635,1.0138080946558474,1.0142156681116998,1.0121530994108712,1.0101275828423926,1.0091271752689368,1.0087690046562179,1.009744710808107,1.009892919337508,1.0100040757345585,1.0097694122296739,1.0100287771561254,1.0104487013227612,1.0113132510775995,1.0121530994108712,1.01196783874912,1.0127459335284745,1.0133017155137278,1.0129682463225758,1.0138204453666309,1.01483320365087,1.015351933503773,1.0156854026949251,1.0148949572047872,1.0154877913223905,1.0158830140674595,1.0157348055380586,1.013882198920548,1.01479615151852,1.0136969382587968,1.014042758160732,1.0127829856608248,1.0104610520335446,1.0108192226462633,1.0082996776464486,1.0091271752689368,1.0102140378178763,1.0109550804648808,1.0125853742882902,1.0124742178912396,1.0137216396803637,1.0139316017636815,1.0147220472538194,1.014586189435202,1.015475440611607,1.0163029382340953,1.0163029382340953,1.0167599145330815,1.017328047229118,1.0171551372781504,1.0179579334790718,1.0165623031605469,1.0140304074499487,1.0123260093618387,1.012634777131424,1.0132029098274606,1.0140798102930824,1.0143268245087504,1.014919658626354,1.0135116775970456,1.0124989193128064,1.0109674311756642,1.0117825780873688,1.0114861610285673,1.013524028307829,1.0134375733323453,1.013795743945064,1.0142897723764002,1.0152531278175059,1.0151790235528055,1.0160559240184273,1.0169822273271827,1.016475848185063,1.0171180851458002,1.0167599145330815,1.0173527486506848,1.016661108846814,1.0157224548272754,1.0142033174009164,1.0102387392394432,1.0085713932836835,1.0082873269356651,1.0082749762248817,1.0098311657835908,1.0107451183815628,1.0120295923030371,1.0130670520088432,1.0134252226215619,1.0138080946558474,1.0142897723764002,1.0145367865920685,1.0155124927439574,1.0154260377684736,1.0164387960527128,1.0162041325478282,1.016414094631146,1.0178714785035878,1.0169204737732656,1.0173156965183345,1.0151296207096718,1.0145367865920685,1.014042758160732,1.0116714216903182,1.0107945212246965,1.0095347487247892,1.0106339619845122,1.009497696592439,1.010411649190411,1.0126841799745576,1.012820037793175,1.0131905591166772,1.0135734311509628,1.0138080946558474,1.0138945496313312,1.0147220472538194,1.014981412180271,1.0151543221312387,1.0161794311262613,1.0163646917880125,1.0170933837242333,1.0163399903664456,1.0167228624007312,1.0170069287487495,1.0163152889448788,1.0146232415675522,1.012610075709857,1.0109550804648808,1.0088554596317019,1.0076327392641447,1.0093124359306878,1.0105845591413787,1.0117455259550188,1.0124124643373227,1.0135981325725296,1.0135734311509628,1.0138698482097646,1.014277421665617,1.0150925685773216,1.0161547297046944,1.0165499524497634,1.0170933837242333,1.0174639050477354,1.016932824484049,1.017389800783035,1.016265886101745,1.0159941704645101,1.0131782084058938,1.0096953079649733,1.009472995170872,1.0092753837983377,1.0095100473032224,1.0104734027443278,1.011177393258982,1.0124371657588895,1.0125236207343733,1.0144503316165845,1.0140921610038658,1.014857905072437,1.015067867155755,1.015710104116492,1.0166734595575975,1.016389393209579,1.016895772351699,1.0169451751948324,1.016475848185063,1.0173527486506848,1.016265886101745,1.0148826064940037,1.0138451467881977,1.0123136586510553,1.011720824533452,1.011177393258982,1.0109180283325305,1.0103251942149272,1.009868217915941,1.0104857534551113,1.0120172415922537,1.0128941420578754,1.0131411562735435,1.0136351847048797	44408	44800	819	0.16796875
v2	ordered	4	10000004	17.4775866329477	0.0,0.0,0.0,0.0,0.0,0.0,0.0,0.0,0.0,0.0,0.0,0.0,0.0,0.0,0.0,0.0,0.5,0.0,3.5,1.5,6.0,3.0,2.5,3.5,9.5,1.0,0.5,1.5,0.0,6.0,1.0,0.0,0.0,0.0,0.5,1.5,0.0,0.0,2.0,2.5,2.5,3.0,1.0,2.0,3.0,1.0,1.0,1.0,2.5,1.5,3.0,2.5,4.0,1.5,2.0,0.0,0.0,0.0,0.0,0.5,0.5,3.0,0.0,2.0,0.5,1.5,1.5,4.5,3.0,0.0,0.0,0.0,1.5,6.5,6.0,0.0,2.0,0.0,0.0,0.0,0.0,0.0,0.0,0.0,0.0,0.0,3.5,2.0,2.0,3.0,6.5,5.0,1.5,2.5,5.5,5.0,1.5,2.0,1.0,0.0,0.0,0.0,0.0,0.0,0.0,0.0,1.5,1.5,0.5,1.5,3.0,2.0,5.0,6.0,3.5,2.5,0.0,5.0,5.0,2.0,1.0,0.0,0.0,0.0,0.0,0.0,1.0,0.0,0.0,0.0,0.0,5.5,0.5,4.5,2.5,4.0,4.0,3.5,2.5,2.0,6.5,2.5,0.0,0.0,0.0,0.0,0.0,0.0,0.0,1.0,0.0,0.0,0.5,3.5,2.0,3.0,2.0,2.0,6.0,7.0,0.0,4.0,3.0,2.0,3.0,0.0,0.0,0.0,0.0,0.0,0.0,0.0,0.0,0.0,0.0,0.0,0.0,2.0,1.0,3.0,4.0,4.0,6.0,1.5,3.5,3.0,1.0,5.0,0.0,0.0,0.0,0.0,0.0,0.0,0.0,0.0,0.0,0.0,0.0,1.0	1.0036428297995825,1.0056062533186796,1.0057667848013732,1.0074091453550833,1.0092367345426705,1.0096936318395673,1.0101999234388312,1.0111384151838085,1.0119657697484594,1.012385621318581,1.012188044109112,1.0126819871327841,1.0133858559415172,1.0130647929761303,1.0133117644879663,1.0140403304478829,1.0136945703313123,1.0145219248959632,1.013719267482496,1.013781010360455,1.0132500216100073,1.0132747187611908,1.012632592830417,1.0127684271619268,1.0104962892530347,1.0094960546300984,1.010039391956138,1.0099406033514033,1.0113236438176856,1.0099899976537707,1.0098171175954853,1.0105703807065856,1.011755843963399,1.0122003926847039,1.0124597127721318,1.0130894901273138,1.0137563132092713,1.0141391190526172,1.0145466220471469,1.014657759227473,1.0139415418431483,1.0135093416974352,1.0134969931218434,1.0128054728887024,1.0126696385571925,1.0118422839925414,1.01244736419654,1.0130277472493547,1.0127807757375187,1.0131018387029056,1.0136328274533533,1.012249786987071,1.0118546325681332,1.0113853866956446,1.0113977352712364,1.0117064496610315,1.0125338042256826,1.0131882787320483,1.0144478334424125,1.0143119991109026,1.0145589706227387,1.0145589706227387,1.0143737419888617,1.01422555908176,1.0146948049542486,1.0151393536755535,1.0145713191983305,1.0137686617848631,1.0137316160580876,1.012509107074499,1.0130030500981713,1.0135587359998024,1.0145219248959632,1.0140526790234747,1.0117805411145824,1.0117681925389905,1.010854397945197,1.0112495523641347,1.011928724021684,1.0128425186154777,1.0129413072202123,1.0139168446919649,1.0143737419888617,1.0150035193440436,1.0161395882984898,1.0153245823094306,1.0162383769032242,1.0167693656536718,1.0177449031254244,1.0174979316135884,1.016188982600857,1.0153739766117977,1.0135093416974352,1.0123362270162137,1.0111507637594004,1.0101134834096888,1.01053333497981,1.0108420493696053,1.0099282547758117,1.0103604549215248,1.0113112952420937,1.012373272742989,1.013966238994332,1.013719267482496,1.0144848791691878,1.0153492794606143,1.0155221595188995,1.0157073881527765,1.0159049653622454,1.0155345080944913,1.0158555710598782,1.0149047307393093,1.0138551018140058,1.012188044109112,1.012558501376866,1.0108790950963806,1.0121756955335202,1.011755843963399,1.0112248552129512,1.0113112952420937,1.0110025808522987,1.0119040268705004,1.01169410108544,1.0134722959706597,1.0140403304478829,1.0144478334424125,1.0146948049542486,1.0150035193440436,1.0160901939961224,1.0163865598103259,1.0165841370197948,1.016374211234734,1.0152381422802879,1.015497462367716,1.015682691001593,1.0134229016682925,1.0137686617848631,1.0119657697484594,1.0112742495153184,1.0111631123349922,1.0108420493696053,1.010039391956138,1.009903557624628,1.010977883701115,1.0123609241673972,1.0121386498067448,1.0132129758832318,1.0138180560872303,1.0144972277447797,1.0155345080944913,1.0158926167866538,1.0157320853039602,1.0160161025425718,1.0152010965535125,1.0157938281819192,1.0156332966992256,1.0153245823094306,1.014596016349514,1.0138551018140058,1.0115459181783382,1.012188044109112,1.012188044109112,1.0114594781491955,1.0109284893987478,1.0103975006483001,1.0115335696027463,1.0122003926847039,1.0120769069287858,1.0126078956792335,1.0129907015225794,1.0134846445462515,1.0145219248959632,1.0143613934132698,1.0140773761746582,1.0153986737629814,1.0159790568157963,1.0158432224842864,1.0161395882984898,1.0163989083859177,1.0162630740544079,1.0166088341709785,1.014917079314901,1.013595781726578,1.012373272742989,1.012435015620948,1.0122250898358873,1.01155826675393,1.0108914436719725,1.0096689346883836,1.0103728034971167,1.011496523875971,1.0124844099233155,1.0130400958249466,1.0144478334424125,1.014731850681024,1.0143737419888617,1.015559205245675,1.015756782455144,1.0160407996937553,1.0162877712055913	44400	44800	833	0.1171875
v2	ordered	5	10000005	17.4775866329477	0.0,0.0,0.0,0.0,0.0,0.0,0.0,0.0,0.0,0.0,0.0,0.0,0.0,0.0,0.0,1.5,0.5,0.5,1.0,1.5,5.0,5.5,1.5,4.0,7.0,9.0,4.0,0.0,0.0,0.0,0.0,0.0,0.0,0.0,0.0,0.0,0.0,0.0,0.0,0.0,0.0,0.0,0.0,0.0,0.0,3.0,2.0,2.0,3.5,5.0,4.5,1.0,5.0,4.5,7.5,0.0,0.0,0.0,0.0,0.0,0.0,0.0,0.0,1.0,0.0,0.0,0.0,1.0,3.0,5.5,2.5,3.0,4.0,0.0,0.0,0.0,0.0,1.0,1.0,4.0,4.0,5.0,2.0,0.0,0.0,0.0,0.0,0.0,0.0,0.0,1.0,1.0,3.0,3.0,1.0,4.0,4.0,0.5,0.5,0.0,0.0,4.5,7.5,4.0,0.0,3.0,1.0,0.5,0.5,0.0,0.0,0.5,5.0,2.5,0.0,6.0,3.0,1.0,0.0,0.0,0.0,0.0,0.0,2.0,1.0,5.5,7.5,8.0,0.0,0.0,0.0,1.5,0.5,0.0,0.0,0.5,5.5,2.0,6.0,3.0,3.0,0.0,0.0,0.0,0.5,1.0,0.5,2.0,6.0,2.5,3.5,0.0,0.0,0.0,0.0,0.5,0.5,0.0,0.0,0.0,0.5,2.5,2.5,4.0,0.5,7.0,2.0,2.0,0.0,1.5,4.0,2.5,5.0,1.0,0.0,0.0,0.5,0.0,1.0,0.0,0.5,2.5,2.0,1.5,2.0,0.0,2.0,2.5,6.0,4.5,5.0,1.0,4.0,2.0,0.0,0.0,0.0,0.0,0.0,0.0	1.00469396578346,1.0056821691062936,1.006781545302946,1.0086838366994009,1.0093508739423136,1.0097585078129825,1.0116978568340436,1.0118460873324686,1.0118337347909332,1.0124637144092397,1.0125131245753813,1.0135136804397504,1.0137483787289234,1.0140695448088444,1.0146995244271508,1.0148106973009696,1.014588351553332,1.014353653264159,1.0150701006732135,1.0151195108393551,1.014143660058057,1.0140077821011673,1.0144524735964424,1.0127601754060898,1.0120313754555,1.010215551849793,1.0082267926625903,1.0077821011673151,1.0082514977456611,1.0097832128960533,1.010598480637391,1.0119572602062874,1.0131431041936878,1.0126366499907355,1.0133283923167191,1.0137730838119943,1.0139213143104193,1.014057192267309,1.0156259650423074,1.0154530294608115,1.0158606633314804,1.0159841887468346,1.0162559446606139,1.0168365141127786,1.0169229819035266,1.0166635785312828,1.0171329751096287,1.0180100055586436,1.016873571737385,1.0154530294608115,1.0139213143104193,1.0124019517015626,1.0129207584460502,1.0122290161200667,1.0106725958866036,1.0094743993576678,1.0092520536100302,1.0109319992588475,1.011944907664752,1.0130566364029399,1.0134025075659316,1.0136619109381755,1.014823049842505,1.015230683713174,1.0158236057068741,1.0159224260391575,1.0161818294114013,1.017701192020258,1.0170588598604162,1.0162930022852201,1.0159594836637638,1.0151071582978197,1.0127848804891606,1.012476066950775,1.0136372058551046,1.0145142363041195,1.0148477549255759,1.015761842999197,1.0160706565375826,1.016465937866716,1.0143413007226236,1.013180161818294,1.0121919584954604,1.0120684330801062,1.0130566364029399,1.013884256685813,1.0144895312210487,1.0150206905070718,1.0162930022852201,1.015934778580693,1.0165894632820702,1.0170712124019516,1.0167376937804953,1.016144771786795,1.0152430362547094,1.0152183311716385,1.013970724476561,1.0130936940275461,1.0132542770675066,1.0140818973503798,1.0145389413871904,1.0148971650917176,1.015230683713174,1.0131307516521524,1.0124019517015626,1.0125131245753813,1.0126860601568772,1.0125501821999876,1.0134025075659316,1.014032487184238,1.014995985424001,1.0157124328330553,1.015465382002347,1.015230683713174,1.0145142363041195,1.0140077821011673,1.0136866160212463,1.0132172194429003,1.012797233030696,1.0138595516027422,1.014761287134828,1.0157494904576616,1.0155518497930949,1.015613612500772,1.016848866654314,1.016317707368291,1.0148106973009696,1.011771972083256,1.0115125687110122,1.0126366499907355,1.0134642702736087,1.014823049842505,1.014909517633253,1.014267185473411,1.0154283243777407,1.0163671175344327,1.017170032734235,1.0157124328330553,1.0143413007226236,1.0128342906553023,1.0122290161200667,1.0122784262862083,1.0128713482799085,1.0132542770675066,1.0146871718856154,1.0150453955901426,1.0154777345438823,1.0166759310728182,1.01497128034093,1.0136125007720338,1.0128713482799085,1.0120313754555,1.011944907664752,1.0138595516027422,1.014440121054907,1.0154283243777407,1.0157371379161262,1.0155765548761657,1.0170712124019516,1.0164165277005743,1.0173306157741955,1.0169600395281329,1.0168241615712432,1.0163424124513618,1.0163918226175035,1.0141560125995923,1.0127231177814835,1.0130936940275461,1.0130072262367982,1.0140201346427027,1.013501327898215,1.012649002532271,1.0120560805385708,1.011067877215737,1.0113766907541226,1.0115743314186894,1.0118831449570749,1.0136619109381755,1.0145759990117966,1.0147242295102217,1.0152800938793156,1.0151318633808906,1.0153912667531344,1.014995985424001,1.015057748131678,1.015205978630103,1.0149218701747884,1.0145636464702612,1.014291890556482,1.01335309739979,1.012241368661602,1.01100611450806,1.0110802297572725,1.0107590636773516,1.0111049348403434,1.011389043295658,1.0125378296584522,1.012970168612192,1.013439565190538,1.0132913346921129	44361	44800	797	0.1484375
v9	d165	1	11000001	17.4775866329477	0.0,0.0,0.0,1.0,0.0,0.0,2.0,0.0,2.0,6.0,1.0,1.0,0.0,0.0,3.0,1.0,1.5,2.5,0.0,2.0,1.0,3.0,2.0,5.0,0.0,0.0,2.0,0.0,1.0,7.0,1.0,0.0,1.0,4.0,3.0,0.0,0.0,0.0,0.0,0.0,1.5,0.5,0.5,0.0,0.5,0.0,0.0,1.0,1.0,9.0,0.0,1.5,3.5,2.5,9.5,4.0,4.0,0.5,1.5,0.0,3.0,4.0,3.0,1.0,3.5,3.5,0.0,2.0,0.0,2.0,1.0,0.0,0.5,1.5,1.5,1.5,2.0,2.0,1.0,2.0,1.0,3.0,2.0,2.0,3.0,0.0,0.0,4.5,1.0,2.0,2.5,0.0,6.0,0.0,1.0,0.0,3.5,4.5,2.5,6.5	1.004937572726987,1.0049532974808943,1.0060225807466112,1.0066830204107307,1.0066043966411926,1.0073120105670346,1.0082554958014907,1.0074849828600183,1.0077523036764475,1.0073591848287575,1.0070446897506053,1.0079410007233387,1.0083026700632136,1.0070761392584207,1.0086486146491807,1.0078309274459856,1.0090574582507783,1.0087429631726264,1.0089316602195175,1.0095606503758217,1.0095606503758217,1.0094820266062836,1.008994559235148,1.008711513664811,1.0083498443249364,1.0079095512155234,1.007846652199893,1.0087272384187187,1.0086171651413656,1.007453533352203,1.0083498443249364,1.0066201213951003,1.007139038274051,1.0086957889109036,1.0068088184419914,1.0083498443249364,1.0084441928483818,1.0087744126804417,1.0091360820203163,1.008790137434349,1.009985218731327,1.0097650721766205,1.0101581910243105,1.010331163317294,1.0111960247822123,1.010771456426707,1.0109758782275058,1.0114004465830109,1.0127999496807876,1.0106142088876309,1.0108343554423374,1.010016668239142,1.0098279711922509,1.0084441928483818,1.007846652199893,1.0074692581061107,1.0072491115514042,1.0074378085982953,1.0078309274459856,1.0091675315281317,1.0077523036764475,1.007374909582665,1.0060068559927038,1.0062899015630404,1.005755259930182,1.0057867094379973,1.0056923609145516,1.0062427273013177,1.0059282322231657,1.0060068559927038,1.0067616441802685,1.0066515709029153,1.0069503412271599,1.0077208541686322,1.0075007076139257,1.0080825235085071,1.0069346164732522,1.0071862125357738,1.006981790734975,1.0074378085982953,1.0064471491021165,1.0062112777935026,1.0071547630279587,1.0072491115514042,1.0063370758247634,1.0071233135201434,1.0077523036764475,1.0064156995943014,1.0063999748403938,1.006667295656823,1.0069503412271599,1.0066515709029153,1.0069660659810673,1.0076579551530018,1.0069346164732522,1.0064471491021165,1.0079567254772464,1.0077208541686322,1.0075478818756487,1.0061483787778722	6676	14400	192	0.13793103448275862
v9	d165	2	11000002	17.4775866329477	0.0,2.0,0.0,0.0,0.0,0.0,1.0,0.0,4.0,1.0,1.0,1.0,0.0,0.0,0.0,1.0,2.0,1.0,0.0,3.5,1.5,1.0,2.0,0.0,0.0,0.0,1.0,1.0,4.0,0.0,2.0,1.0,0.0,2.0,0.0,0.0,1.0,0.0,0.0,0.0,1.0,0.0,0.0,0.0,0.0,0.0,1.0,0.0,0.0,0.0,4.0,0.0,1.0,0.0,0.0,1.0,1.0,1.0,0.0,0.0,1.0,0.0,0.0,0.0,0.0,4.0,1.0,4.0,0.0,0.0,4.0,2.5,0.5,1.0,0.0,2.0,0.0,1.0,0.0,1.0,2.0,3.0,0.0,0.0,0.0,0.0,0.0,0.0,5.0,0.0,2.0,0.0,1.0,2.0,1.0,0.0,8.0,2.0,4.0,1.0	1.003518705116517,1.0044303696239785,1.0050701341906179,1.0055979399580954,1.0071493690321962,1.0063496633238969,1.0067175279497145,1.0082049805671514,1.0075332277721798,1.0075332277721798,1.008700798106297,1.0079170865121636,1.0078531100554995,1.008620827535467,1.008540856964637,1.0078531100554995,1.0090366745037826,1.008508868736305,1.0082369687954833,1.0089726980471188,1.0094205332437662,1.008556851078803,1.0088447451337907,1.0083329334804791,1.0089087215904546,1.0101242742670697,1.009868368440414,1.0093885450154343,1.010028309582074,1.0099483390112438,1.009788397869584,1.009900356668746,1.009692433184588,1.0094685155862642,1.0104921388928874,1.00964445084209,1.011131903459527,1.0109079858612031,1.011115909345361,1.010780032947875,1.0118196503686643,1.0115957327703404,1.0113718151720168,1.012299473793644,1.0126993266477937,1.0130511971594454,1.01215552676615,1.0129072501319514,1.0127473089902916,1.0137229499544167,1.0136909617260847,1.0125553796202997,1.012203509108648,1.0128112854469555,1.0131471618444412,1.0138988852102426,1.0136269852694209,1.013515026470259,1.013435055899429,1.0147625673752059,1.014554643891048,1.0137229499544167,1.014522655662716,1.0142667498360602,1.0143627145210563,1.0144106968635542,1.0149864849735297,1.0150824496585256,1.0156582377685013,1.0156742318826673,1.0149225085168658,1.0146026262335461,1.0136909617260847,1.0139948498952385,1.0142347616077283,1.0140748204660686,1.0144426850918862,1.01450666154855,1.014682596804376,1.01474657326104,1.0140108440094044,1.013227132415271,1.013435055899429,1.0137549381827486,1.0137389440685827,1.0142027733793963,1.0152903731426834,1.0144746733202181,1.014650608576044,1.0145706380052142,1.015802184795995,1.0148905202885339,1.0156742318826673,1.01466660269021,1.0143627145210563,1.014874526174368,1.0150824496585256,1.01474657326104,1.0150664555443596,1.0165219199334645	6983	14800	61	0.08092485549132948
v9	d165	3	11000003	17.4775866329477	0.0,0.0,3.0,0.0,0.5,1.5,0.0,0.0,3.0,0.0,3.0,0.0,1.0,1.0,0.0,2.0,1.0,3.0,0.0,2.0,1.0,1.5,1.5,1.0,0.0,0.0,0.0,3.0,0.0,1.0,5.0,0.5,0.5,1.0,0.5,0.5,2.0,0.0,3.5,0.5,0.5,1.0,5.5,2.0,1.5,4.5,1.0,0.0,0.0,2.0,0.0,0.0,0.0,0.0,0.0,0.0,0.0,0.0,0.0,0.0,2.5,1.0,2.5,1.0,0.5,3.0,0.5,1.0,5.0,3.0,0.0,1.0,1.0,0.0,1.0,0.0,0.0,1.0,2.0,1.0,4.5,2.5,0.0,3.0,2.5,3.5,0.0,2.0,0.0,0.0,1.0,0.0,1.0,2.0,1.0,1.0,1.0,2.0,0.0,0.0	1.004566964621047,1.0049725831893639,1.0061894388943138,1.0067152407421318,1.00679035529182,1.0071959738601368,1.0073161571396378,1.008578081574401,1.0077818673477053,1.0079921880868323,1.0075565236986403,1.0082926462855855,1.0077968902576429,1.0080823255464584,1.0088484939532787,1.0083076691955233,1.0087583564936529,1.0087733794035905,1.0084729212048373,1.0088785397731541,1.0089536543228423,1.0088484939532787,1.0093592728911591,1.0107714264252985,1.0100052580184782,1.0107714264252985,1.0108916097047997,1.0107714264252985,1.010621197325922,1.012018327950124,1.010801472245174,1.0103357620371065,1.010621197325922,1.0113122511830541,1.0103507849470443,1.011537594832119,1.011883121760685,1.0125140839780666,1.0111169533538646,1.0109066326147376,1.0111620220836777,1.0117629384811837,1.0109517013445504,1.0108765867948621,1.0106362202358596,1.0102456245774807,1.0103808307669195,1.012318786148877,1.0121234883196875,1.0116728010215579,1.0133253211147,1.0138811687823932,1.01358071058364,1.0140764666115827,1.0147524975587772,1.0153383910463456,1.0147224517389017,1.0159242845339143,1.0166003154811087,1.017456621347555,1.016495155111545,1.0170510027792383,1.0182528355742508,1.0177570795463082,1.017802148276121,1.0172162547885526,1.0171711860587396,1.0179223315556223,1.0159993990836025,1.0134455043942012,1.0126943588973185,1.0134154585743258,1.0127394276271313,1.0129797941861338,1.0130849545556975,1.0130098400060092,1.013054908735822,1.0146022684594005,1.0138511229625178,1.0136408022233907,1.015098024487343,1.0134154585743258,1.0136107564035153,1.0152332306767822,1.0140764666115827,1.014151581161271,1.0140313978817697,1.013670848043266,1.013760985502892,1.0129948170960714,1.0136858709532037,1.0143468789904604,1.015067978667468,1.0146623600991511,1.014016374971832,1.0145421768196499,1.0152482535867198,1.0152332306767822,1.0153534139562834,1.015713963794787	8208	15900	110	0.12105263157894737
v9	d165	4	11000004	17.4775866329477	0.0,0.0,0.0,0.0,1.0,0.0,0.0,0.0,0.0,1.5,1.5,0.0,1.0,1.0,2.0,2.0,0.0,0.0,2.0,0.0,0.0,0.0,1.0,0.0,0.5,1.5,0.0,0.0,0.0,1.0,0.5,1.5,0.0,0.5,1.5,1.0,0.0,0.0,0.0,1.0,1.5,0.5,0.0,1.0,0.0,0.0,0.0,0.0,0.0,0.0,0.5,0.0,0.5,0.0,1.0,0.0,0.0,0.0,0.0,0.0,0.0,0.0,1.0,0.0,0.0,0.0,1.0,0.0,1.0,0.0,0.0,0.0,0.0,0.0,0.0,0.0,0.0,0.0,0.0,3.0,0.0,0.0,0.0,4.0,0.0,0.0,0.0,0.0,3.0,1.0,1.0,4.0,1.5,0.5,0.0,0.0,2.0,0.0,0.0,0.0	1.0026988529874803,1.0026238848489393,1.0037783941824725,1.0045730564510083,1.0039283304595548,1.0054276932303772,1.0055926231351675,1.006027438338706,1.0052477696978783,1.0057275657845415,1.0055026613689182,1.0056675912737087,1.0045730564510083,1.0053677187195442,1.0057275657845415,1.0050078716545467,1.005217782442462,1.0050078716545467,1.0056076167628758,1.0058625084339157,1.007017017767449,1.006012444710998,1.0064322662868281,1.0058625084339157,1.0073768648324462,1.0071519604168229,1.00776669915286,1.0088162530924356,1.008306469750356,1.0079466226853586,1.0081715271009821,1.0089062148586851,1.0078116800359846,1.0086513231876453,1.009176100157433,1.0084863932828547,1.008621335932229,1.0091461129020167,1.0093260364345154,1.009565934477847,1.0100607241922184,1.0090861383911838,1.0100607241922184,1.0097608516380538,1.0103905840017993,1.0105555139065896,1.0095809281055552,1.01004573056451,1.0106454756728391,1.0098957942874278,1.0113501761751256,1.01097533548242,1.0110952845040857,1.0111552590149187,1.0112602144088763,1.0107954119499212,1.0126096409026164,1.0121598320713696,1.0135542394482344,1.0125646600194917,1.0135542394482344,1.0130744433615713,1.0129395007121973,1.0135692330759427,1.0132993477771948,1.014468850738436,1.0138241247469826,1.0139290801409402,1.0143788889721868,1.0150985831021815,1.0131344178724042,1.0144838443661444,1.0137641502361496,1.0150685958467651,1.0141839718119798,1.014723742409476,1.0146337806432266,1.015263513006972,1.0144238698553114,1.0150236149636405,1.0152935002623884,1.0152785066346803,1.0154134492840543,1.0142139590673964,1.0142739335782291,1.0150835894744734,1.0138241247469826,1.0157133218382188,1.0149786340805158,1.0160431816477997,1.0167778694055027,1.0158332708598845,1.015338481145513,1.0156533473273859,1.0161781242971737,1.0156233600719695,1.0148736786865582,1.0159082389984257,1.017062748331959,1.016133143414049	9316	16200	214	0.08465608465608465
v9	d165	5	11000005	17.4775866329477	1.0,1.0,2.0,2.0,0.5,1.0,0.5,0.0,0.0,2.0,4.5,7.5,1.0,1.0,0.0,0.0,2.0,1.0,0.0,6.0,0.0,0.0,0.0,1.0,2.0,3.0,2.0,0.0,0.0,1.0,0.0,1.0,2.0,3.0,2.0,2.0,0.0,2.0,4.0,3.0,1.0,0.5,1.5,2.0,0.0,1.5,1.5,0.0,2.0,2.5,1.5,1.0,2.0,0.0,3.0,5.0,0.0,0.0,0.0,1.0,0.0,2.0,0.0,0.0,0.0,1.5,0.5,3.0,8.0,0.0,0.0,0.0,2.5,0.5,0.0,1.0,1.0,1.0,5.0,2.0,2.0,1.0,1.5,0.5,2.0,0.0,5.0,0.0,1.0,2.0,1.0,1.0,7.0,2.0,0.0,0.0,4.0,1.0,3.0,3.0	1.0037611070191659,1.0042939305135479,1.0058140446004606,1.004983466800395,1.0058924009966934,1.0062058265816238,1.0067856639137454,1.0069110341477174,1.007255802291141,1.0073341586873736,1.0069423767062105,1.007224459732648,1.0074752002005924,1.006660293679773,1.0064095532118287,1.0073655012458667,1.007490871479839,1.0068013351929919,1.0080236949742207,1.0059550861136795,1.0064565670495682,1.006566266004294,1.0074438576420994,1.0078983247402487,1.0086662174233283,1.0086035323063423,1.0081333939289465,1.0083371205591511,1.0083684631176444,1.0096064941781198,1.0092930685931893,1.0097161931328453,1.0093557537101754,1.0092773973139428,1.0088229302157936,1.0086192035855888,1.0081177226496998,1.0088699440535331,1.0089796430082587,1.0084624907931234,1.0082901067214116,1.0084624907931234,1.008572189747849,1.0086035323063423,1.0088542727742866,1.008180407766686,1.0086192035855888,1.0085251759101095,1.0099042484838037,1.0091520270799705,1.0095124665026407,1.0079923524157277,1.0078983247402487,1.0087445738195608,1.008415476955384,1.0066446224005265,1.0069737192647035,1.007647584272304,1.0075692278760715,1.008274435442165,1.0087602450988074,1.0085565184686025,1.009465452664901,1.0091520270799705,1.0095751516196267,1.010029618717776,1.010154988951748,1.0092147121969566,1.0088229302157936,1.009731864412092,1.009371424989422,1.009073670683738,1.0097788782498316,1.0102490166272273,1.010092303834762,1.0101706602309946,1.0096378367366128,1.009167698359217,1.0093087398724359,1.0093244111516824,1.0089483004497657,1.0075692278760715,1.0087445738195608,1.0097005218535988,1.0092460547554496,1.009136355800724,1.0102646879064738,1.010358715581953,1.0097475356913386,1.01068781244613,1.0107975114008556,1.0106094560498973,1.0102646879064738,1.0103430443027064,1.0104527432574322,1.0105310996536647,1.009434110106408,1.009434110106408,1.010985566751814,1.0097005218535988	7719	14900	15	0.12921348314606743
v9c	ordered	1	12000001	17.4775866329477	0.0,0.0,0.0,0.0,0.0,0.0,0.0,0.0,0.0,0.0,0.0,0.5,0.0,0.5,0.0,0.0,4.0,3.5,3.5,0.0,1.5,1.0,3.5,5.0,0.0,0.0,0.0,0.0,0.0,0.0,0.0,0.0,0.0,0.0,1.5,1.0,0.5,4.5,7.5,2.0,3.0,0.0,0.0,1.0,2.5,2.5,2.0,5.5,3.5,0.0,0.0,0.0,1.5,0.5,0.5,3.0,2.5,1.5,5.5,0.0,1.0,2.5,8.5,2.0,1.0,2.0,3.0,6.0,3.0,1.0,1.0,0.0,0.0,0.0,0.0,0.0,0.0,0.0,0.0,3.0,7.5,5.0,4.5,0.0,0.0,0.0,0.5,0.5,0.0,0.0,1.5,4.0,4.5,0.5,3.5,2.0,1.0,0.0,0.0,0.0	1.0039633544053734,1.0056795732911892,1.0068401817463453,1.007259976293955,1.0086798696167523,1.0102355788225998,1.0100874160410904,1.0097170090873173,1.011865369419202,1.0119764915053338,1.01189006321612,1.0126555709205847,1.0130136309758988,1.0134210786250495,1.0133840379296721,1.0134334255235085,1.0133223034373766,1.0133223034373766,1.0128654681943896,1.0128901619913078,1.0124580205452391,1.0127173054128802,1.013371691031213,1.011643125246938,1.011309758988542,1.0116801659423154,1.0116060845515606,1.0122110825760569,1.013038324772817,1.0134334255235085,1.0144335242986962,1.0145076056894509,1.0152607664954563,1.015458316870802,1.0161250493875937,1.0163349466613987,1.0164584156459897,1.016470762544449,1.014063117344923,1.012816080600553,1.011877716317661,1.0125567957329118,1.0131864875543264,1.0139026076649547,1.0145693401817464,1.0151743382062426,1.0139396483603318,1.0120505728960885,1.0110381272224418,1.011766594231529,1.0119271039114974,1.0118530225207427,1.0136927103911497,1.013371691031213,1.0141495456341367,1.01465576847096,1.0154830106677202,1.0154212761754247,1.014285361517187,1.0145199525879098,1.0143964836033188,1.0135445476096405,1.0138779138680363,1.0129765902805214,1.013260568945081,1.014186586329514,1.013606282101936,1.0133346503358356,1.0124827143421573,1.0115073093638878,1.010951698933228,1.0105936388779138,1.0119024101145793,1.0124827143421573,1.0136556696957724,1.014779237455551,1.0143717898064006,1.015334847886211,1.0163472935598579,1.0169275977874357,1.0153225009877518,1.0146187277755827,1.0116184314500198,1.0108899644409324,1.011519656262347,1.0134334255235085,1.0134704662188858,1.0139396483603318,1.0154089292769657,1.0151990320031608,1.0153101540892928,1.0154953575661794,1.0147175029632556,1.014421177400237,1.0142606677202686,1.0135815883050179,1.013495160015804,1.013371691031213,1.0142606677202686,1.0141495456341367	22217	22400	591	0.1171875
v9c	ordered	2	12000002	17.4775866329477	0.0,0.0,0.0,0.0,0.0,0.0,0.0,0.0,0.0,0.0,0.0,0.0,0.0,0.0,0.0,0.0,0.0,0.0,0.0,0.0,0.0,0.0,0.0,1.5,0.5,0.0,4.5,1.5,0.5,10.0,2.5,1.0,2.0,1.0,5.0,4.0,2.5,1.5,4.0,0.0,0.0,0.0,0.0,0.0,0.0,0.0,0.0,0.0,1.0,0.0,0.0,0.0,0.0,5.0,2.0,6.0,2.5,5.0,6.5,4.5,4.5,1.0,0.0,0.0,0.0,0.0,0.0,0.0,0.0,0.0,0.0,0.0,0.0,1.5,2.0,2.0,2.0,5.5,9.5,1.5,5.5,3.5,2.0,1.0,0.0,0.0,0.0,0.0,0.0,0.0,0.0,0.0,0.0,0.0,0.0,0.0,0.0,1.0,4.0,4.0	1.0049654150197629,1.0052124505928854,1.0063982213438736,1.0080657114624505,1.0097826086956523,1.0102272727272728,1.010350790513834,1.0114130434782609,1.011524209486166,1.0123888339920948,1.0130558300395256,1.0120800395256917,1.0123270750988143,1.0133028656126482,1.013759881422925,1.0126605731225296,1.0138957509881423,1.0138710474308301,1.0145750988142292,1.0145133399209487,1.01425395256917,1.0145133399209487,1.015328557312253,1.0154767786561265,1.0159584980237155,1.016094367588933,1.0159090909090909,1.0155508893280631,1.0150321146245058,1.0150568181818183,1.013772233201581,1.012907608695652,1.0125617588932807,1.0132287549407115,1.01288290513834,1.012290019762846,1.0119812252964426,1.0114995059288538,1.0112154150197628,1.011338932806324,1.0120676877470356,1.0129323122529643,1.0140069169960475,1.0142168972332015,1.0151309288537549,1.0148097826086957,1.0147850790513835,1.015723814229249,1.0160449604743083,1.0159708498023716,1.0169589920948616,1.0169466403162055,1.0176259881422924,1.0176136363636363,1.0169713438735177,1.0158226284584981,1.0151803359683795,1.0141798418972332,1.0130928853754941,1.012685276679842,1.0099061264822133,1.0101284584980237,1.0097949604743084,1.0105360671936758,1.0122653162055335,1.0127840909090908,1.0127346837944664,1.014068675889328,1.0142786561264823,1.0144021739130435,1.0148838932806323,1.0157855731225296,1.0151309288537549,1.0161437747035573,1.0162919960474308,1.0166749011857708,1.0164402173913043,1.0154273715415019,1.0136240118577076,1.0134510869565216,1.0114006916996048,1.0101778656126483,1.0084115612648221,1.0093626482213438,1.0100790513833993,1.0112648221343874,1.0120306324110673,1.013080533596838,1.0132658102766798,1.013858695652174,1.0146862648221344,1.0148221343873518,1.014834486166008,1.0159955533596838,1.0165513833992095,1.0159461462450592,1.0175518774703558,1.016786067193676,1.0163908102766799,1.0162425889328064	22230	22400	1177	0.109375
v9c	ordered	3	12000003	17.4775866329477	0.0,0.0,0.0,0.0,0.0,0.0,0.0,0.0,0.0,0.0,0.0,0.5,0.5,0.0,0.0,1.5,3.0,2.5,0.0,1.0,4.0,6.0,1.0,0.0,0.5,1.0,0.5,1.0,0.0,0.0,0.5,0.5,2.0,1.0,6.0,6.0,2.0,1.0,0.0,0.0,0.0,0.0,0.0,0.0,0.0,0.0,0.0,0.0,1.5,1.5,3.0,7.0,3.0,1.0,0.0,0.0,0.0,3.5,0.5,3.5,2.5,4.5,2.5,0.5,1.5,0.0,0.0,3.0,3.0,3.0,2.0,2.5,5.5,1.0,0.0,0.0,0.0,0.0,0.0,0.0,0.0,0.0,0.0,2.0,1.5,5.5,8.0,4.0,3.5,1.5,1.0,4.0,4.5,2.0,2.5,0.0,0.0,0.0,0.0,0.0	1.004816777205528,1.005965393308385,1.0072004643867254,1.0077685970827621,1.0086825496807341,1.0098805686267245,1.0109797818864477,1.0112391468128992,1.0117578766658022,1.01196783874912,1.0128076870823917,1.0131164548519767,1.0123383600726221,1.0132893648029444,1.0137463411019305,1.0137833932342806,1.013215260538244,1.0121283979893043,1.0121654501216546,1.0127212321069077,1.0119925401706868,1.0112514975236826,1.0107204169599961,1.010411649190411,1.0114244074746501,1.0120789951461706,1.0123136586510553,1.0122519050971384,1.0133140662245113,1.013338767646078,1.0142403695332667,1.013795743945064,1.0137586918127137,1.0142897723764002,1.0135857818617462,1.0128447392147417,1.0120048908814703,1.0111897439697655,1.010535156298245,1.0119801894599034,1.0126718292637742,1.012881791347092,1.0143391752195339,1.014647942989119,1.0153272320822064,1.0161917818370447,1.0161670804154779,1.01650054960663,1.0168463695085652,1.0170933837242333,1.0166117060036806,1.0155371941655242,1.0138080946558474,1.0133140662245113,1.0122766065187052,1.0134746254646956,1.0142897723764002,1.0141415638469995,1.0154136870576902,1.0147838008077366,1.0148085022293032,1.013486976175479,1.0114861610285673,1.0117331752442353,1.0116343695579681,1.0127088813961242,1.012733582817691,1.0129435449010091,1.0146602936999025,1.013400521199995,1.0132029098274606,1.0122272036755715,1.011510862450134,1.0108686254893968,1.0113997060530833,1.0116837724011016,1.0123507107834055,1.0128941420578754,1.0140798102930824,1.0157965590919757,1.0152778292390727,1.0154013363469068,1.0155989477194411,1.0163029382340953,1.016685810268381,1.0155124927439574,1.013338767646078,1.0132646633813776,1.0118072795089357,1.0120419430138206,1.013524028307829,1.013400521199995,1.0107451183815628,1.0110415354403646,1.0100905307100423,1.0106833648276459,1.0108562747786136,1.01196783874912,1.0125977249990736,1.013610483283313	22202	22400	595	0.1015625
v9c	ordered	4	12000004	17.4775866329477	0.0,0.0,0.0,0.0,0.0,0.0,0.0,0.0,0.0,0.0,0.0,0.0,0.0,0.0,0.5,0.5,0.0,0.0,0.5,3.0,4.5,2.5,7.5,3.5,2.5,2.0,3.0,1.0,2.0,2.0,1.0,0.0,0.0,0.0,0.0,0.0,0.0,1.0,0.0,0.0,0.0,0.0,0.0,0.0,0.0,1.0,1.0,1.0,2.0,3.0,4.5,4.5,2.5,5.5,4.5,5.5,0.0,0.0,0.0,0.0,0.0,0.0,0.0,0.0,0.0,0.0,0.0,0.0,3.0,3.0,4.0,6.0,8.0,2.5,3.5,0.0,4.0,0.0,0.0,0.0,0.0,0.0,0.0,0.0,0.0,0.0,1.5,0.5,0.5,1.0,1.5,3.0,0.0,1.5,1.5,5.0,4.0,6.0,2.0,6.0	1.0041120756720712,1.0050382188414566,1.0058285276793322,1.0073844482038996,1.0087674886701818,1.0100146948049542,1.0099282547758117,1.0102987120435658,1.0115335696027463,1.012694335708376,1.0122744841382547,1.0125338042256826,1.0129660043713957,1.0132870673367826,1.0140032847211073,1.0142379076573518,1.014151467628209,1.0146330620762896,1.0146824563786567,1.0144601820180041,1.0150899593731864,1.013781010360455,1.012570849952458,1.0118546325681332,1.01053333497981,1.0109284893987478,1.010039391956138,1.0097677232931181,1.0097553747175263,1.0090268087576097,1.0098294661710772,1.010286363467974,1.0104962892530347,1.01244736419654,1.0128672157666614,1.0126819871327841,1.0141267704770254,1.014102073325842,1.01422555908176,1.0149047307393093,1.01422555908176,1.0152010965535125,1.0149294278904928,1.015806176757511,1.016188982600857,1.016435954112693,1.0168311085316308,1.0168311085316308,1.0168311085316308,1.01600375396698,1.0158432224842864,1.0144231362912288,1.0135340388486187,1.011928724021684,1.0122127412602957,1.0083599856756522,1.0087057457922228,1.009656586112792,1.0104345463750757,1.011298946666502,1.0132623701855992,1.0133117644879663,1.014274953384127,1.0142008619305762,1.0144231362912288,1.0154357194897567,1.0161642854496733,1.0165347427174276,1.0164729998394686,1.0165964855953866,1.0164853484150602,1.0155468566700832,1.0129042614934367,1.011620009631889,1.0093478717229967,1.0093478717229967,1.0086687000654475,1.0090762030599771,1.010409849223892,1.0114224324224201,1.0126449414060088,1.0134475988194762,1.0128672157666614,1.0152010965535125,1.014596016349514,1.0150529136464108,1.0146330620762896,1.0157073881527765,1.0158555710598782,1.0171645200726096,1.0161519368740817,1.0153739766117977,1.0156456452748175,1.0161642854496733,1.016312468356775,1.0144354848668207,1.0134352502438844,1.0129289586446204,1.0120398612020103,1.0106444721601364	22173	22400	706	0.12890625
v9c	ordered	5	12000005	17.4775866329477	0.0,0.0,0.0,0.0,0.0,0.0,0.0,0.0,0.0,0.0,0.0,0.0,0.0,0.0,0.0,0.0,0.0,0.0,0.0,0.0,1.5,1.5,1.0,6.5,4.5,2.5,6.5,4.0,6.0,0.0,2.0,4.0,0.0,0.0,0.0,0.0,0.0,0.0,0.0,0.0,0.0,1.0,0.0,1.0,0.0,0.0,4.0,5.0,5.5,5.0,4.5,5.0,5.0,3.0,1.0,0.0,0.0,0.0,0.0,0.0,0.0,0.0,0.0,0.0,0.0,0.5,0.5,0.5,0.5,5.5,3.5,4.5,11.5,2.5,9.0,0.5,0.0,0.0,0.0,0.0,0.0,0.0,0.0,0.0,1.0,0.0,0.0,0.0,0.0,5.0,1.5,3.5,2.0,0.0,0.0,5.0,7.5,3.5,0.5,1.5	1.0044716200358224,1.0050151318633809,1.0063121487246,1.00836267061948,1.0096226298560929,1.0094002841084553,1.009449694274597,1.0109319992588475,1.0108949416342412,1.0127725279476252,1.0131431041936878,1.0133407448582545,1.0124884194923105,1.0131307516521524,1.013118399110617,1.0139583719350256,1.0141560125995923,1.0147242295102217,1.0138719041442776,1.0145512939287258,1.0147489345932925,1.0152800938793156,1.0154036192946698,1.014588351553332,1.0136866160212463,1.0129331109875856,1.0112902229633747,1.0097338027299116,1.0092891112346365,1.0095608671484158,1.0095608671484158,1.0089185349885739,1.0101167315175097,1.0099561484775492,1.011475511086406,1.011858439874004,1.0120560805385708,1.0133036872336483,1.0134025075659316,1.0136989685627817,1.014823049842505,1.0147118769686863,1.015465382002347,1.0161077141621888,1.016379470075968,1.0162065344944722,1.0164412327836452,1.0157124328330553,1.0150083379655364,1.013797788895065,1.0128219381137669,1.0119202025816811,1.0104255450558952,1.0096596874806991,1.0098202705206596,1.0102649620159347,1.011240812797233,1.0111914026310913,1.012883700821444,1.0135383855228213,1.0134519177320733,1.0150824532147489,1.0147489345932925,1.01497128034093,1.016144771786795,1.0155642023346303,1.0161818294114013,1.017577666604904,1.016465937866716,1.0172812056080538,1.0160953616206534,1.016638873448212,1.0135260329812859,1.0127848804891606,1.0093755790253844,1.008103267247236,1.008597368908653,1.009214995985424,1.011475511086406,1.011327280587981,1.0126860601568772,1.0138101414366005,1.014267185473411,1.0152800938793156,1.0142795380149465,1.0150330430486072,1.0159718362052992,1.015910073497622,1.0164412327836452,1.0167500463220307,1.0166265209066765,1.0165153480328577,1.0161818294114013,1.0163671175344327,1.0160583039960471,1.0162559446606139,1.0135754431474275,1.0115125687110122,1.0111419924649496,1.0118707924155395	22200	22400	1016	0.1484375
