start_seed	run_seed	T	paper_mcs	F_dl	F_dd	F_ll	F_dM	F_lM	N_dl	N_dd	N_ll	N_dM	N_lM	mismatched_bonds	alive_dark	alive_light	cells_dark	cells_light	isolated	wall_s
3001	13001	120.0	1	0.429135	0.296914	0.215567	0.025783	0.0326	16744	11585	8411	1006	1272	39018	500	500	500	500	true	45.9
3001	13001	120.0	2	0.417351	0.30545	0.219345	0.02755	0.030305	16664	12196	8758	1100	1210	39928	500	498	500	500	true	45.9
3001	13001	120.0	3	0.40175	0.32039	0.219773	0.026948	0.031139	16295	12995	8914	1093	1263	40560	500	498	500	500	true	45.9
3001	13001	120.0	4	0.390695	0.328604	0.222176	0.024591	0.033935	15888	13363	9035	1000	1380	40666	500	497	500	500	true	45.9
3001	13001	120.0	5	0.389909	0.330508	0.221148	0.02374	0.034694	15734	13337	8924	958	1400	40353	500	496	500	500	true	45.9
3001	13001	120.0	6	0.388376	0.330231	0.222236	0.025135	0.034023	15730	13375	9001	1018	1378	40502	500	496	500	500	true	45.9
3001	13001	120.0	8	0.385662	0.328193	0.225358	0.025278	0.035509	15455	13152	9031	1013	1423	40074	500	495	500	500	true	45.9
3001	13001	120.0	10	0.377923	0.334535	0.225602	0.02386	0.03808	15095	13362	9011	953	1521	39942	500	494	500	500	true	45.9
3001	13001	120.0	13	0.366775	0.337337	0.23248	0.025459	0.037949	14565	13396	9232	1011	1507	39711	500	493	500	500	true	45.9
3001	13001	120.0	16	0.364407	0.341625	0.22981	0.020636	0.04352	14268	13376	8998	808	1704	39154	500	489	500	500	true	45.9
3001	13001	120.0	20	0.36434	0.348777	0.220578	0.02005	0.046254	14210	13603	8603	782	1804	39002	500	483	500	500	true	45.9
3001	13001	120.0	25	0.358536	0.346251	0.226332	0.024519	0.044362	13804	13331	8714	944	1708	38501	500	477	500	500	true	45.9
3001	13001	120.0	32	0.339716	0.367708	0.224768	0.0203	0.047507	12986	14056	8592	776	1816	38226	500	467	500	500	true	45.9
3001	13001	120.0	40	0.331499	0.373534	0.223073	0.017442	0.054452	12468	14049	8390	656	2048	37611	500	456	500	500	true	45.9
3001	13001	120.0	50	0.34112	0.382481	0.208998	0.016783	0.050619	12602	14130	7721	620	1870	36943	500	441	500	500	true	45.9
3001	13001	120.0	64	0.327355	0.397801	0.205802	0.013224	0.055817	11882	14439	7470	480	2026	36297	500	422	500	500	true	45.9
3001	13001	120.0	80	0.307331	0.419533	0.202287	0.015881	0.054968	10992	15005	7235	568	1966	35766	500	404	500	500	true	45.9
3001	13001	120.0	100	0.302617	0.439945	0.188861	0.018083	0.050494	10476	15230	6538	626	1748	34618	499	370	500	500	true	45.9
3001	13001	120.0	128	0.283822	0.467827	0.177839	0.024603	0.04591	9298	15326	5826	806	1504	32760	499	333	500	500	true	45.9
3001	13001	120.0	160	0.280023	0.495895	0.150067	0.026093	0.047922	8800	15584	4716	820	1506	31426	498	292	500	500	true	45.9
3001	13001	120.0	200	0.292234	0.529714	0.105808	0.027545	0.044698	8689	15750	3146	819	1329	29733	497	244	500	500	true	45.9
3001	13001	120.0	256	0.21703	0.622599	0.083743	0.025567	0.051062	6010	17241	2319	708	1414	27692	497	179	500	500	true	45.9
3001	13001	120.0	320	0.187787	0.680475	0.057215	0.034539	0.039984	4828	17495	1471	888	1028	25710	495	132	500	500	true	45.9
3001	13001	120.0	400	0.146529	0.750747	0.023916	0.043971	0.034836	3529	18081	576	1059	839	24084	494	82	500	500	true	45.9
3001	13001	120.0	500	0.071548	0.841175	0.005921	0.053831	0.027525	1583	18611	131	1191	609	22125	492	37	500	500	true	45.9
3001	13001	120.0	640	0.028408	0.890127	0.002646	0.0661	0.012719	612	19176	57	1424	274	21543	489	14	500	500	true	45.9
3001	13001	120.0	800	0.00979	0.910156	0.0	0.076726	0.003328	203	18873	0	1591	69	20736	486	4	500	500	true	45.9
3001	13001	120.0	1000	0.006216	0.911709	0.0	0.082075	0.0	128	18773	0	1690	0	20591	485	2	500	500	true	45.9
3002	13002	120.0	1	0.427591	0.300076	0.214304	0.025711	0.032317	16830	11811	8435	1012	1272	39360	500	500	500	500	true	45.2
3002	13002	120.0	2	0.409745	0.312197	0.21877	0.0242	0.035088	16407	12501	8760	969	1405	40042	500	499	500	500	true	45.2
3002	13002	120.0	3	0.399787	0.320171	0.220601	0.023563	0.035877	16169	12949	8922	953	1451	40444	500	499	500	500	true	45.2
3002	13002	120.0	4	0.398289	0.321761	0.219293	0.022244	0.038413	16061	12975	8843	897	1549	40325	500	498	500	500	true	45.2
3002	13002	120.0	5	0.399139	0.323858	0.215551	0.021968	0.039483	16134	13091	8713	888	1596	40422	500	497	500	500	true	45.2
3002	13002	120.0	6	0.378692	0.331776	0.225955	0.019923	0.043653	15320	13422	9141	806	1766	40455	500	497	500	500	true	45.2
3002	13002	120.0	8	0.364903	0.342617	0.229124	0.018659	0.044697	14687	13790	9222	751	1799	40249	500	495	500	500	true	45.2
3002	13002	120.0	10	0.368813	0.340678	0.226685	0.019482	0.044342	14747	13622	9064	779	1773	39985	500	494	500	500	true	45.2
3002	13002	120.0	13	0.367359	0.338739	0.227872	0.01988	0.04615	14543	13410	9021	787	1827	39588	500	490	500	500	true	45.2
3002	13002	120.0	16	0.356295	0.348591	0.229466	0.016914	0.048734	14198	13891	9144	674	1942	39849	500	490	500	500	true	45.2
3002	13002	120.0	20	0.344966	0.359643	0.227069	0.015007	0.053314	13562	14139	8927	590	2096	39314	500	483	500	500	true	45.2
3002	13002	120.0	25	0.339045	0.365507	0.229113	0.018832	0.047503	13197	14227	8918	733	1849	38924	500	475	500	500	true	45.2
3002	13002	120.0	32	0.336262	0.371882	0.224551	0.017416	0.049889	12820	14178	8561	664	1902	38125	500	463	500	500	true	45.2
3002	13002	120.0	40	0.337906	0.380886	0.216964	0.013929	0.050315	12760	14383	8193	526	1900	37762	500	454	500	500	true	45.2
3002	13002	120.0	50	0.323126	0.391225	0.218246	0.011377	0.056027	12071	14615	8153	425	2093	37357	500	439	500	500	true	45.2
3002	13002	120.0	64	0.31313	0.402353	0.215115	0.01619	0.053212	11469	14737	7879	593	1949	36627	499	426	500	500	true	45.2
3002	13002	120.0	80	0.312166	0.416241	0.202304	0.017814	0.051475	11110	14814	7200	634	1832	35590	499	398	500	500	true	45.2
3002	13002	120.0	100	0.312518	0.435279	0.18042	0.020835	0.050948	10710	14917	6183	714	1746	34270	499	362	500	500	true	45.2
3002	13002	120.0	128	0.284143	0.481275	0.162526	0.021073	0.050983	9196	15576	5260	682	1650	32364	498	315	500	500	true	45.2
3002	13002	120.0	160	0.283318	0.511967	0.131343	0.019978	0.053394	8665	15658	4017	611	1633	30584	496	273	500	500	true	45.2
3002	13002	120.0	200	0.266739	0.556864	0.102325	0.021037	0.053035	7836	16359	3006	618	1558	29377	493	229	500	500	true	45.2
3002	13002	120.0	256	0.230766	0.614414	0.077264	0.028096	0.04946	6308	16795	2112	768	1352	27335	492	175	500	500	true	45.2
3002	13002	120.0	320	0.178479	0.700402	0.044047	0.033669	0.043403	4437	17412	1095	837	1079	24860	491	116	500	500	true	45.2
3002	13002	120.0	400	0.114664	0.790069	0.015482	0.052472	0.027314	2607	17963	352	1193	621	22736	488	60	500	500	true	45.2
3002	13002	120.0	500	0.043741	0.86524	0.006701	0.073057	0.011261	940	18594	144	1570	242	21490	486	22	500	500	true	45.2
3002	13002	120.0	640	0.00866	0.909507	0.0	0.07726	0.004573	178	18694	0	1588	94	20554	480	4	500	500	true	45.2
3002	13002	120.0	800	0.006939	0.905852	0.0	0.084994	0.002215	141	18406	0	1727	45	20319	471	3	500	500	true	45.2
3002	13002	120.0	1000	0.001514	0.915834	0.0	0.080937	0.001716	30	18150	0	1604	34	19818	465	1	500	500	true	45.2
3003	13003	120.0	1	0.418568	0.302225	0.222095	0.026999	0.030113	16402	11843	8703	1058	1180	39186	500	500	500	500	true	45.4
3003	13003	120.0	2	0.412734	0.30508	0.224259	0.026456	0.031471	16459	12166	8943	1055	1255	39878	500	500	500	500	true	45.4
3003	13003	120.0	3	0.395176	0.318389	0.228099	0.024966	0.033371	15892	12804	9173	1004	1342	40215	500	500	500	500	true	45.4
3003	13003	120.0	4	0.385987	0.32787	0.225944	0.024794	0.035405	15568	13224	9113	1000	1428	40333	500	498	500	500	true	45.4
3003	13003	120.0	5	0.381052	0.333152	0.226013	0.02211	0.037673	15425	13486	9149	895	1525	40480	500	498	500	500	true	45.4
3003	13003	120.0	6	0.385342	0.33482	0.219103	0.021474	0.039262	15468	13440	8795	862	1576	40141	500	496	500	500	true	45.4
3003	13003	120.0	8	0.369828	0.337756	0.229419	0.022919	0.040078	14829	13543	9199	919	1607	40097	500	494	500	500	true	45.4
3003	13003	120.0	10	0.354607	0.345746	0.23448	0.022054	0.043112	14246	13890	9420	886	1732	40174	500	494	500	500	true	45.4
3003	13003	120.0	13	0.358855	0.342392	0.233868	0.022112	0.042774	14103	13456	9191	869	1681	39300	500	491	500	500	true	45.4
3003	13003	120.0	16	0.345951	0.350515	0.23868	0.020258	0.044597	13645	13825	9414	799	1759	39442	500	489	500	500	true	45.4
3003	13003	120.0	20	0.345435	0.354454	0.233749	0.020395	0.045966	13482	13834	9123	796	1794	39029	500	484	500	500	true	45.4
3003	13003	120.0	25	0.340419	0.358778	0.234102	0.020637	0.046064	13147	13856	9041	797	1779	38620	499	480	500	500	true	45.4
3003	13003	120.0	32	0.334802	0.36181	0.235168	0.018895	0.049325	12917	13959	9073	729	1903	38581	499	476	500	500	true	45.4
3003	13003	120.0	40	0.349243	0.366458	0.215491	0.018503	0.050305	13288	13943	8199	704	1914	38048	498	462	500	500	true	45.4
3003	13003	120.0	50	0.322731	0.384607	0.222412	0.019957	0.050293	12064	14377	8314	746	1880	37381	498	445	500	500	true	45.4
3003	13003	120.0	64	0.314505	0.40296	0.209844	0.019012	0.053679	11431	14646	7627	691	1951	36346	497	422	500	500	true	45.4
3003	13003	120.0	80	0.328038	0.405136	0.19593	0.019646	0.051249	11688	14435	6981	700	1826	35630	496	402	500	500	true	45.4
3003	13003	120.0	100	0.329237	0.4278	0.175512	0.020102	0.047349	11334	14727	6042	692	1630	34425	496	366	500	500	true	45.4
3003	13003	120.0	128	0.307875	0.457913	0.166872	0.021352	0.045987	10223	15205	5541	709	1527	33205	494	335	500	500	true	45.4
3003	13003	120.0	160	0.284989	0.496764	0.148837	0.018214	0.051195	8762	15273	4576	560	1574	30745	494	292	500	500	true	45.4
3003	13003	120.0	200	0.250397	0.560883	0.114327	0.020255	0.054137	7405	16587	3381	599	1601	29573	494	232	500	500	true	45.4
3003	13003	120.0	256	0.218256	0.627142	0.073921	0.028246	0.052435	5973	17163	2023	773	1435	27367	492	169	500	500	true	45.4
3003	13003	120.0	320	0.175115	0.699809	0.046218	0.033169	0.045689	4308	17216	1137	816	1124	24601	492	115	500	500	true	45.4
3003	13003	120.0	400	0.11994	0.788675	0.012892	0.050774	0.027719	2726	17925	293	1154	630	22728	489	60	500	500	true	45.4
3003	13003	120.0	500	0.047341	0.870286	0.001666	0.063909	0.016799	1023	18806	36	1381	363	21609	485	22	500	500	true	45.4
3003	13003	120.0	640	0.016201	0.903704	0.0	0.076798	0.003297	339	18910	0	1607	69	20925	480	6	500	500	true	45.4
3003	13003	120.0	800	0.002329	0.917806	0.0	0.078924	0.000941	47	18525	0	1593	19	20184	478	1	500	500	true	45.4
3003	13003	120.0	1000	0.0	0.918316	0.0	0.081684	0.0	0	18235	0	1622	0	19857	468	0	500	500	true	45.4
3004	13004	120.0	1	0.439908	0.286743	0.21417	0.030541	0.028638	17112	11154	8331	1188	1114	38899	500	500	500	500	true	45.5
3004	13004	120.0	2	0.423668	0.301826	0.214911	0.029072	0.030523	16934	12064	8590	1162	1220	39970	500	499	500	500	true	45.5
3004	13004	120.0	3	0.405388	0.313733	0.222079	0.027934	0.030866	16312	12624	8936	1124	1242	40238	499	499	500	500	true	45.5
3004	13004	120.0	4	0.403253	0.320816	0.216674	0.027832	0.031425	16387	13037	8805	1131	1277	40637	499	498	500	500	true	45.5
3004	13004	120.0	5	0.381305	0.328869	0.229019	0.02799	0.032816	15489	13359	9303	1137	1333	40621	499	498	500	500	true	45.5
3004	13004	120.0	6	0.372106	0.329375	0.235168	0.028968	0.034383	14978	13258	9466	1166	1384	40252	498	498	500	500	true	45.5
3004	13004	120.0	8	0.370524	0.333474	0.234848	0.026957	0.034198	14941	13447	9470	1087	1379	40324	498	498	500	500	true	45.5
3004	13004	120.0	10	0.385317	0.323355	0.229317	0.026797	0.035214	15472	12984	9208	1076	1414	40154	498	497	500	500	true	45.5
3004	13004	120.0	13	0.360178	0.336432	0.238762	0.026836	0.037792	14334	13389	9502	1068	1504	39797	498	497	500	500	true	45.5
3004	13004	120.0	16	0.366328	0.339878	0.229892	0.025566	0.038336	14515	13467	9109	1013	1519	39623	498	492	500	500	true	45.5
3004	13004	120.0	20	0.361405	0.340029	0.234747	0.024389	0.039429	14033	13203	9115	947	1531	38829	498	487	500	500	true	45.5
3004	13004	120.0	25	0.349322	0.350456	0.233242	0.025143	0.041836	13560	13604	9054	976	1624	38818	498	480	500	500	true	45.5
3004	13004	120.0	32	0.353918	0.356426	0.223824	0.019227	0.046604	13548	13644	8568	736	1784	38280	498	476	500	500	true	45.5
3004	13004	120.0	40	0.335027	0.374172	0.223456	0.016941	0.050405	12795	14290	8534	647	1925	38191	498	462	500	500	true	45.5
3004	13004	120.0	50	0.336744	0.378632	0.217023	0.0184	0.049201	12573	14137	8103	687	1837	37337	498	447	500	500	true	45.5
3004	13004	120.0	64	0.32455	0.398314	0.205894	0.015452	0.055791	11972	14693	7595	570	2058	36888	498	426	500	500	true	45.5
3004	13004	120.0	80	0.313157	0.416786	0.201065	0.016674	0.052319	11175	14873	7175	595	1867	35685	498	401	500	500	true	45.5
3004	13004	120.0	100	0.308909	0.431986	0.186151	0.01721	0.055744	10662	14910	6425	594	1924	34515	497	374	500	500	true	45.5
3004	13004	120.0	128	0.29649	0.463412	0.170682	0.01582	0.053596	9858	15408	5675	526	1782	33249	494	339	500	500	true	45.5
3004	13004	120.0	160	0.284968	0.4967	0.144518	0.0206	0.053213	8895	15504	4511	643	1661	31214	492	291	500	500	true	45.5
3004	13004	120.0	200	0.27538	0.530254	0.117924	0.025346	0.051096	8192	15774	3508	754	1520	29748	492	246	500	500	true	45.5
3004	13004	120.0	256	0.24164	0.59829	0.077185	0.031137	0.051749	6612	16371	2112	852	1416	27363	492	181	500	500	true	45.5
3004	13004	120.0	320	0.177257	0.693875	0.05108	0.03466	0.043127	4480	17537	1291	876	1090	25274	491	121	500	500	true	45.5
3004	13004	120.0	400	0.119609	0.773774	0.022952	0.048328	0.035337	2762	17868	530	1116	816	23092	491	70	500	500	true	45.5
3004	13004	120.0	500	0.04578	0.870335	0.006197	0.056231	0.021457	990	18821	134	1216	464	21625	491	26	500	500	true	45.5
3004	13004	120.0	640	0.008645	0.908053	0.0	0.079241	0.00406	181	19011	0	1659	85	20936	488	4	500	500	true	45.5
3004	13004	120.0	800	0.0	0.921013	0.0	0.078987	0.0	0	18773	0	1610	0	20383	484	0	500	500	true	45.5
3004	13004	120.0	1000	0.0	0.91943	0.0	0.08057	0.0	0	18715	0	1640	0	20355	475	0	500	500	true	45.5
3005	13005	120.0	1	0.41863	0.300505	0.222251	0.024281	0.034332	16327	11720	8668	947	1339	39001	500	500	500	500	true	45.9
3005	13005	120.0	2	0.404115	0.316402	0.222286	0.023018	0.034179	16222	12701	8923	924	1372	40142	500	500	500	500	true	45.9
3005	13005	120.0	3	0.406724	0.318972	0.215836	0.021975	0.036493	16417	12875	8712	887	1473	40364	500	500	500	500	true	45.9
3005	13005	120.0	4	0.380096	0.330337	0.230594	0.020273	0.038699	15224	13231	9236	812	1550	40053	500	500	500	500	true	45.9
3005	13005	120.0	5	0.37294	0.3338	0.232987	0.021058	0.039215	14912	13347	9316	842	1568	39985	500	499	500	500	true	45.9
3005	13005	120.0	6	0.369122	0.336945	0.233692	0.020064	0.040178	14718	13435	9318	800	1602	39873	500	497	500	500	true	45.9
3005	13005	120.0	8	0.372163	0.342468	0.22442	0.020107	0.040843	14789	13609	8918	799	1623	39738	500	495	500	500	true	45.9
3005	13005	120.0	10	0.360615	0.347537	0.23233	0.020033	0.039486	14311	13792	9220	795	1567	39685	500	494	500	500	true	45.9
3005	13005	120.0	13	0.353282	0.345081	0.240611	0.019772	0.041255	14044	13718	9565	786	1640	39753	500	493	500	500	true	45.9
3005	13005	120.0	16	0.352675	0.349875	0.234774	0.019008	0.043667	13730	13621	9140	740	1700	38931	500	490	500	500	true	45.9
3005	13005	120.0	20	0.341584	0.359053	0.23612	0.019621	0.043621	13179	13853	9110	757	1683	38582	500	483	500	500	true	45.9
3005	13005	120.0	25	0.344762	0.361165	0.226436	0.019418	0.048219	13263	13894	8711	747	1855	38470	500	474	500	500	true	45.9
3005	13005	120.0	32	0.333386	0.367828	0.229322	0.01953	0.049934	12632	13937	8689	740	1892	37890	499	466	500	500	true	45.9
3005	13005	120.0	40	0.336908	0.373586	0.223229	0.018232	0.048045	12566	13934	8326	680	1792	37298	499	457	500	500	true	45.9
3005	13005	120.0	50	0.322039	0.394349	0.218617	0.017459	0.047536	11842	14501	8039	642	1748	36772	499	438	500	500	true	45.9
3005	13005	120.0	64	0.302636	0.415791	0.210182	0.017349	0.054042	10920	15003	7584	626	1950	36083	499	413	500	500	true	45.9
3005	13005	120.0	80	0.328855	0.417679	0.183475	0.018574	0.051417	11455	14549	6391	647	1791	34833	496	384	500	500	true	45.9
3005	13005	120.0	100	0.322749	0.43752	0.172127	0.020614	0.04699	10866	14730	5795	694	1582	33667	496	360	500	500	true	45.9
3005	13005	120.0	128	0.303515	0.475414	0.149207	0.021691	0.050174	9697	15189	4767	693	1603	31949	494	307	500	500	true	45.9
3005	13005	120.0	160	0.277812	0.521853	0.126407	0.018934	0.054995	8613	16179	3919	587	1705	31003	492	266	500	500	true	45.9
3005	13005	120.0	200	0.254662	0.559098	0.111442	0.024578	0.050219	7429	16310	3251	717	1465	29172	491	226	500	500	true	45.9
3005	13005	120.0	256	0.241812	0.603679	0.077014	0.029533	0.047963	6534	16312	2081	798	1296	27021	488	179	500	500	true	45.9
3005	13005	120.0	320	0.17388	0.709958	0.038801	0.033114	0.044246	4311	17602	962	821	1097	24793	487	110	500	500	true	45.9
3005	13005	120.0	400	0.101869	0.788039	0.028129	0.045872	0.036091	2354	18210	650	1060	834	23108	486	68	500	500	true	45.9
3005	13005	120.0	500	0.067121	0.845626	0.005231	0.055351	0.026671	1437	18104	112	1185	571	21409	480	33	500	500	true	45.9
3005	13005	120.0	640	0.032895	0.87747	0.000973	0.075426	0.013236	676	18032	20	1550	272	20550	476	15	500	500	true	45.9
3005	13005	120.0	800	0.010009	0.905922	0.000247	0.075884	0.007938	203	18373	5	1539	161	20281	473	5	500	500	true	45.9
3005	13005	120.0	1000	0.0	0.917515	0.0	0.082485	0.0	0	18198	0	1636	0	19834	468	0	500	500	true	45.9
3001	13001	160.0	1	0.423234	0.300819	0.218063	0.02644	0.031444	16744	11901	8627	1046	1244	39562	500	500	500	500	true	39.8
3001	13001	160.0	2	0.412312	0.312796	0.216649	0.023681	0.034561	16523	12535	8682	949	1385	40074	500	496	500	500	true	39.8
3001	13001	160.0	3	0.395496	0.326977	0.219775	0.023062	0.034691	16052	13271	8920	936	1408	40587	500	494	500	500	true	39.8
3001	13001	160.0	4	0.396653	0.325428	0.216176	0.023469	0.038274	16022	13145	8732	948	1546	40393	500	491	500	500	true	39.8
3001	13001	160.0	5	0.405554	0.322713	0.2091	0.024994	0.037639	16356	13015	8433	1008	1518	40330	499	488	500	500	true	39.8
3001	13001	160.0	6	0.399589	0.330753	0.209206	0.022187	0.038265	16155	13372	8458	897	1547	40429	499	483	500	500	true	39.8
3001	13001	160.0	8	0.384318	0.334044	0.21648	0.024246	0.040912	15312	13309	8625	966	1630	39842	499	479	500	500	true	39.8
3001	13001	160.0	10	0.378604	0.345776	0.207839	0.023529	0.044252	14981	13682	8224	931	1751	39569	499	467	500	500	true	39.8
3001	13001	160.0	13	0.382873	0.341458	0.209518	0.025662	0.040488	14875	13266	8140	997	1573	38851	498	456	500	500	true	39.8
3001	13001	160.0	16	0.367854	0.357607	0.209999	0.02668	0.037859	14215	13819	8115	1031	1463	38643	497	447	500	500	true	39.8
3001	13001	160.0	20	0.351643	0.368775	0.211315	0.02443	0.043838	13444	14099	8079	934	1676	38232	496	441	500	500	true	39.8
3001	13001	160.0	25	0.356906	0.373903	0.199491	0.026231	0.043469	13334	13969	7453	980	1624	37360	495	421	500	500	true	39.8
3001	13001	160.0	32	0.358729	0.393053	0.179626	0.02469	0.043902	13033	14280	6526	897	1595	36331	495	393	500	500	true	39.8
3001	13001	160.0	40	0.338852	0.410876	0.171025	0.027005	0.052241	11870	14393	5991	946	1830	35030	494	371	500	500	true	39.8
3001	13001	160.0	50	0.329199	0.43445	0.160506	0.030481	0.045364	11016	14538	5371	1020	1518	33463	491	336	500	500	true	39.8
3001	13001	160.0	64	0.31175	0.476502	0.137821	0.032628	0.041299	9851	15057	4355	1031	1305	31599	488	286	500	500	true	39.8
3001	13001	160.0	80	0.278962	0.529062	0.117217	0.037246	0.037513	8351	15838	3509	1115	1123	29936	484	236	500	500	true	39.8
3001	13001	160.0	100	0.26207	0.576977	0.072682	0.049985	0.038285	7078	15583	1963	1350	1034	27008	481	177	500	500	true	39.8
3001	13001	160.0	128	0.222298	0.644764	0.047301	0.055184	0.030453	5555	16112	1182	1379	761	24989	478	129	500	500	true	39.8
3001	13001	160.0	160	0.144347	0.749946	0.022689	0.064198	0.01882	3321	17254	522	1477	433	23007	475	71	500	500	true	39.8
3001	13001	160.0	200	0.069359	0.834809	0.010637	0.078312	0.006883	1441	17344	221	1627	143	20776	462	31	500	500	true	39.8
3001	13001	160.0	256	0.017595	0.896929	0.0	0.085476	0.0	338	17230	0	1642	0	19210	443	5	500	500	true	39.8
3001	13001	160.0	320	0.003828	0.907893	0.0	0.088278	0.0	68	16126	0	1568	0	17762	419	1	500	500	true	39.8
3001	13001	160.0	400	0.0	0.904987	0.0	0.095013	0.0	0	15335	0	1610	0	16945	398	0	500	500	true	39.8
3001	13001	160.0	500	0.0	0.910903	0.0	0.089097	0.0	0	14579	0	1426	0	16005	376	0	500	500	true	39.8
3001	13001	160.0	640	0.0	0.9049	0.0	0.0951	0.0	0	13721	0	1442	0	15163	353	0	500	500	true	39.8
3001	13001	160.0	800	0.0	0.902031	0.0	0.097969	0.0	0	12522	0	1360	0	13882	323	0	500	500	true	39.8
3001	13001	160.0	1000	0.0	0.894667	0.0	0.105333	0.0	0	10821	0	1274	0	12095	282	0	500	500	true	39.8
3002	13002	160.0	1	0.42521	0.301085	0.215495	0.025555	0.032654	16772	11876	8500	1008	1288	39444	500	500	500	500	true	40.0
3002	13002	160.0	2	0.411719	0.311246	0.217842	0.023369	0.035823	16596	12546	8781	942	1444	40309	500	498	500	500	true	40.0
3002	13002	160.0	3	0.398768	0.319187	0.222882	0.02601	0.033153	16190	12959	9049	1056	1346	40600	500	495	500	500	true	40.0
3002	13002	160.0	4	0.402212	0.319292	0.217451	0.023477	0.037568	16327	12961	8827	953	1525	40593	500	494	500	500	true	40.0
3002	13002	160.0	5	0.388948	0.328231	0.218345	0.022385	0.042092	15829	13358	8886	911	1713	40697	500	492	500	500	true	40.0
3002	13002	160.0	6	0.370715	0.338688	0.221002	0.023321	0.046275	15117	13811	9012	951	1887	40778	500	490	500	500	true	40.0
3002	13002	160.0	8	0.368084	0.344578	0.218681	0.023109	0.045548	14829	13882	8810	931	1835	40287	500	481	500	500	true	40.0
3002	13002	160.0	10	0.371953	0.349877	0.208002	0.020308	0.04986	14726	13852	8235	804	1974	39591	500	472	500	500	true	40.0
3002	13002	160.0	13	0.349853	0.365295	0.21156	0.021255	0.052037	13843	14454	8371	841	2059	39568	499	463	500	500	true	40.0
3002	13002	160.0	16	0.350224	0.362239	0.209865	0.021705	0.055968	13554	14019	8122	840	2166	38701	498	453	500	500	true	40.0
3002	13002	160.0	20	0.350228	0.37147	0.203599	0.022133	0.05257	13371	14182	7773	845	2007	38178	498	442	500	500	true	40.0
3002	13002	160.0	25	0.346368	0.383091	0.197693	0.021015	0.051833	12790	14146	7300	776	1914	36926	496	420	500	500	true	40.0
3002	13002	160.0	32	0.34327	0.396563	0.185518	0.02445	0.050199	12425	14354	6715	885	1817	36196	495	401	500	500	true	40.0
3002	13002	160.0	40	0.334759	0.414997	0.170035	0.026382	0.053827	11661	14456	5923	919	1875	34834	491	367	500	500	true	40.0
3002	13002	160.0	50	0.323413	0.439215	0.160428	0.031515	0.045429	10878	14773	5396	1060	1528	33635	488	332	500	500	true	40.0
3002	13002	160.0	64	0.294481	0.489972	0.138348	0.030401	0.046799	9338	15537	4387	964	1484	31710	485	282	500	500	true	40.0
3002	13002	160.0	80	0.292713	0.523242	0.104405	0.036403	0.043237	8652	15466	3086	1076	1278	29558	483	233	500	500	true	40.0
3002	13002	160.0	100	0.256283	0.583269	0.081783	0.053678	0.024986	6985	15897	2229	1463	681	27255	481	179	500	500	true	40.0
3002	13002	160.0	128	0.217643	0.648065	0.048671	0.056364	0.029258	5460	16258	1221	1414	734	25087	474	127	500	500	true	40.0
3002	13002	160.0	160	0.156086	0.729133	0.032084	0.059063	0.023634	3639	16999	748	1377	551	23314	471	84	500	500	true	40.0
3002	13002	160.0	200	0.085722	0.824682	0.00477	0.072781	0.012044	1815	17461	101	1541	255	21173	462	34	500	500	true	40.0
3002	13002	160.0	256	0.019433	0.896205	0.0	0.081047	0.003315	381	17571	0	1589	65	19606	451	7	500	500	true	40.0
3002	13002	160.0	320	0.003149	0.907621	0.0	0.089229	0.0	60	17292	0	1700	0	19052	444	1	500	500	true	40.0
3002	13002	160.0	400	0.0	0.914219	0.0	0.085781	0.0	0	16029	0	1504	0	17533	414	0	500	500	true	40.0
3002	13002	160.0	500	0.0	0.907305	0.0	0.092695	0.0	0	15152	0	1548	0	16700	392	0	500	500	true	40.0
3002	13002	160.0	640	0.0	0.903719	0.0	0.096281	0.0	0	14117	0	1504	0	15621	362	0	500	500	true	40.0
3002	13002	160.0	800	0.0	0.898106	0.0	0.101894	0.0	0	12516	0	1420	0	13936	324	0	500	500	true	40.0
3002	13002	160.0	1000	0.0	0.893329	0.0	0.106671	0.0	0	11088	0	1324	0	12412	286	0	500	500	true	40.0
3003	13003	160.0	1	0.417524	0.30299	0.222219	0.026561	0.030706	16521	11989	8793	1051	1215	39569	500	500	500	500	true	40.3
3003	13003	160.0	2	0.403961	0.319386	0.218501	0.024416	0.033736	16297	12885	8815	985	1361	40343	500	498	500	500	true	40.3
3003	13003	160.0	3	0.405697	0.321181	0.214079	0.025128	0.033915	16436	13012	8673	1018	1374	40513	500	496	500	500	true	40.3
3003	13003	160.0	4	0.388328	0.327621	0.221785	0.025074	0.037191	15704	13249	8969	1014	1504	40440	500	493	500	500	true	40.3
3003	13003	160.0	5	0.39415	0.329617	0.213016	0.025178	0.038039	15874	13275	8579	1014	1532	40274	499	487	500	500	true	40.3
3003	13003	160.0	6	0.394271	0.334327	0.209395	0.021737	0.040269	15871	13458	8429	875	1621	40254	499	482	500	500	true	40.3
3003	13003	160.0	8	0.383408	0.339875	0.212123	0.019776	0.044818	15219	13491	8420	785	1779	39694	498	474	500	500	true	40.3
3003	13003	160.0	10	0.376273	0.343787	0.212315	0.023043	0.044581	14745	13472	8320	903	1747	39187	498	472	500	500	true	40.3
3003	13003	160.0	13	0.366714	0.352844	0.214075	0.019109	0.047258	14278	13738	8335	744	1840	38935	498	462	500	500	true	40.3
3003	13003	160.0	16	0.360427	0.360817	0.208774	0.019058	0.050924	13844	13859	8019	732	1956	38410	498	457	500	500	true	40.3
3003	13003	160.0	20	0.348472	0.372279	0.210475	0.022484	0.04629	13174	14074	7957	850	1750	37805	498	445	500	500	true	40.3
3003	13003	160.0	25	0.344664	0.381265	0.199868	0.018287	0.055916	13080	14469	7585	694	2122	37950	496	431	500	500	true	40.3
3003	13003	160.0	32	0.33771	0.394872	0.192702	0.019099	0.055616	12448	14555	7103	704	2050	36860	494	409	500	500	true	40.3
3003	13003	160.0	40	0.335338	0.407772	0.185075	0.024641	0.047175	11935	14513	6587	877	1679	35591	494	384	500	500	true	40.3
3003	13003	160.0	50	0.322474	0.435076	0.168135	0.022202	0.052113	11126	15011	5801	766	1798	34502	494	348	500	500	true	40.3
3003	13003	160.0	64	0.294096	0.472243	0.1563	0.02683	0.05053	9679	15542	5144	883	1663	32911	492	308	500	500	true	40.3
3003	13003	160.0	80	0.278478	0.518169	0.129389	0.024279	0.049686	8637	16071	4013	753	1541	31015	489	261	500	500	true	40.3
3003	13003	160.0	100	0.253407	0.569639	0.1005	0.037157	0.039296	7345	16511	2913	1077	1139	28985	484	204	500	500	true	40.3
3003	13003	160.0	128	0.220846	0.630517	0.066512	0.041328	0.040796	5814	16599	1751	1088	1074	26326	479	151	500	500	true	40.3
3003	13003	160.0	160	0.158531	0.713551	0.048082	0.051592	0.028245	3884	17482	1178	1264	692	24500	475	101	500	500	true	40.3
3003	13003	160.0	200	0.123305	0.782121	0.015121	0.064195	0.015258	2691	17069	330	1401	333	21824	466	55	500	500	true	40.3
3003	13003	160.0	256	0.035887	0.877415	0.000749	0.082506	0.003444	719	17579	15	1653	69	20035	459	13	500	500	true	40.3
3003	13003	160.0	320	0.002633	0.908258	0.0	0.088161	0.000948	50	17246	0	1674	18	18988	441	1	500	500	true	40.3
3003	13003	160.0	400	0.0	0.905597	0.0	0.094403	0.0	0	16423	0	1712	0	18135	421	0	500	500	true	40.3
3003	13003	160.0	500	0.0	0.911203	0.0	0.088797	0.0	0	15926	0	1552	0	17478	397	0	500	500	true	40.3
3003	13003	160.0	640	0.0	0.901832	0.0	0.098168	0.0	0	14129	0	1538	0	15667	366	0	500	500	true	40.3
3003	13003	160.0	800	0.0	0.903945	0.0	0.096055	0.0	0	12648	0	1344	0	13992	326	0	500	500	true	40.3
3003	13003	160.0	1000	0.0	0.895752	0.0	0.104248	0.0	0	10775	0	1254	0	12029	284	0	500	500	true	40.3
3004	13004	160.0	1	0.423212	0.298929	0.219729	0.028837	0.029294	16672	11776	8656	1136	1154	39394	500	500	500	500	true	40.3
3004	13004	160.0	2	0.422516	0.306767	0.211196	0.028151	0.03137	17065	12390	8530	1137	1267	40389	500	492	500	500	true	40.3
3004	13004	160.0	3	0.406059	0.31898	0.215501	0.026121	0.033339	16540	12993	8778	1064	1358	40733	500	492	500	500	true	40.3
3004	13004	160.0	4	0.391157	0.325479	0.222373	0.026498	0.034492	15854	13192	9013	1074	1398	40531	500	489	500	500	true	40.3
3004	13004	160.0	5	0.389289	0.328926	0.221397	0.025729	0.034659	15781	13334	8975	1043	1405	40538	500	487	500	500	true	40.3
3004	13004	160.0	6	0.390511	0.329514	0.218007	0.026725	0.035243	15679	13230	8753	1073	1415	40150	500	487	500	500	true	40.3
3004	13004	160.0	8	0.395642	0.326594	0.211927	0.025672	0.040164	15889	13116	8511	1031	1613	40160	500	483	500	500	true	40.3
3004	13004	160.0	10	0.378791	0.343226	0.212467	0.023544	0.041972	15252	13820	8555	948	1690	40265	500	476	500	500	true	40.3
3004	13004	160.0	13	0.365853	0.349715	0.21978	0.026154	0.038498	14464	13826	8689	1034	1522	39535	500	466	500	500	true	40.3
3004	13004	160.0	16	0.370974	0.351372	0.210504	0.027261	0.039889	14629	13856	8301	1075	1573	39434	499	456	500	500	true	40.3
3004	13004	160.0	20	0.35989	0.362014	0.208941	0.025046	0.044109	13895	13977	8067	967	1703	38609	499	446	500	500	true	40.3
3004	13004	160.0	25	0.354263	0.370185	0.203681	0.028067	0.043804	13417	14020	7714	1063	1659	37873	497	432	500	500	true	40.3
3004	13004	160.0	32	0.36163	0.381026	0.187875	0.026294	0.043175	13368	14085	6945	972	1596	36966	493	411	500	500	true	40.3
3004	13004	160.0	40	0.34801	0.404417	0.17865	0.027979	0.040944	12401	14411	6366	997	1459	35634	493	381	500	500	true	40.3
3004	13004	160.0	50	0.341762	0.421031	0.164251	0.030307	0.042648	11908	14670	5723	1056	1486	34843	493	354	500	500	true	40.3
3004	13004	160.0	64	0.332489	0.446964	0.142959	0.0306	0.046988	11159	15001	4798	1027	1577	33562	492	320	500	500	true	40.3
3004	13004	160.0	80	0.298623	0.494848	0.131352	0.033223	0.041954	9303	15416	4092	1035	1307	31153	488	272	500	500	true	40.3
3004	13004	160.0	100	0.269628	0.554877	0.093996	0.038999	0.042501	7854	16163	2738	1136	1238	29129	486	209	500	500	true	40.3
3004	13004	160.0	128	0.214864	0.631732	0.065431	0.051551	0.036422	5681	16703	1730	1363	963	26440	484	147	500	500	true	40.3
3004	13004	160.0	160	0.16315	0.709942	0.040809	0.066309	0.019791	3858	16788	965	1568	468	23647	475	93	500	500	true	40.3
3004	13004	160.0	200	0.09494	0.800558	0.014275	0.081396	0.008831	2075	17497	312	1779	193	21856	469	44	500	500	true	40.3
3004	13004	160.0	256	0.035582	0.874747	0.001629	0.085032	0.00301	721	17725	33	1723	61	20263	453	13	500	500	true	40.3
3004	13004	160.0	320	0.001779	0.911223	0.0	0.08522	0.001779	33	16905	0	1581	33	18552	434	1	500	500	true	40.3
3004	13004	160.0	400	0.0	0.907459	0.0	0.092541	0.0	0	16180	0	1650	0	17830	416	0	500	500	true	40.3
3004	13004	160.0	500	0.0	0.905101	0.0	0.094899	0.0	0	15508	0	1626	0	17134	401	0	500	500	true	40.3
3004	13004	160.0	640	0.0	0.905932	0.0	0.094068	0.0	0	14157	0	1470	0	15627	365	0	500	500	true	40.3
3004	13004	160.0	800	0.0	0.901138	0.0	0.098862	0.0	0	12506	0	1372	0	13878	326	0	500	500	true	40.3
3004	13004	160.0	1000	0.0	0.888536	0.0	0.111464	0.0	0	11176	0	1402	0	12578	292	0	500	500	true	40.3
3005	13005	160.0	1	0.41469	0.303828	0.222744	0.023904	0.034834	16238	11897	8722	936	1364	39157	500	500	500	500	true	39.4
3005	13005	160.0	2	0.393859	0.320324	0.227486	0.022259	0.036072	15854	12894	9157	896	1452	40253	500	499	500	500	true	39.4
3005	13005	160.0	3	0.385272	0.327598	0.226004	0.022096	0.039029	15518	13195	9103	890	1572	40278	500	496	500	500	true	39.4
3005	13005	160.0	4	0.381653	0.332133	0.22519	0.022309	0.038715	15260	13280	9004	892	1548	39984	500	496	500	500	true	39.4
3005	13005	160.0	5	0.383727	0.333622	0.219488	0.022555	0.040608	15516	13490	8875	912	1642	40435	500	494	500	500	true	39.4
3005	13005	160.0	6	0.376326	0.332279	0.225213	0.02231	0.043872	15114	13345	9045	896	1762	40162	500	493	500	500	true	39.4
3005	13005	160.0	8	0.373677	0.341574	0.220293	0.020668	0.043788	14934	13651	8804	826	1750	39965	499	489	500	500	true	39.4
3005	13005	160.0	10	0.366909	0.348135	0.218236	0.022539	0.044181	14716	13963	8753	904	1772	40108	499	480	500	500	true	39.4
3005	13005	160.0	13	0.362154	0.353271	0.216788	0.024732	0.043055	14350	13998	8590	980	1706	39624	499	471	500	500	true	39.4
3005	13005	160.0	16	0.353575	0.354371	0.223853	0.02819	0.040011	13759	13790	8711	1097	1557	38914	499	464	500	500	true	39.4
3005	13005	160.0	20	0.360154	0.359176	0.211943	0.025277	0.043449	13992	13954	8234	982	1688	38850	499	452	500	500	true	39.4
3005	13005	160.0	25	0.342958	0.377838	0.211083	0.026597	0.041523	12959	14277	7976	1005	1569	37786	499	437	500	500	true	39.4
3005	13005	160.0	32	0.358234	0.378861	0.193467	0.023299	0.046139	13269	14033	7166	863	1709	37040	496	421	500	500	true	39.4
3005	13005	160.0	40	0.345041	0.403587	0.178119	0.023786	0.049467	12388	14490	6395	854	1776	35903	494	387	500	500	true	39.4
3005	13005	160.0	50	0.33453	0.428857	0.15835	0.027902	0.050362	11558	14817	5471	964	1740	34550	493	347	500	500	true	39.4
3005	13005	160.0	64	0.323495	0.468409	0.131391	0.03017	0.046535	10358	14998	4207	966	1490	32019	491	297	500	500	true	39.4
3005	13005	160.0	80	0.295115	0.52023	0.106197	0.035832	0.042625	8862	15622	3189	1076	1280	30029	487	241	500	500	true	39.4
3005	13005	160.0	100	0.240422	0.589385	0.091279	0.034132	0.044782	6727	16491	2554	955	1253	27980	485	190	500	500	true	39.4
3005	13005	160.0	128	0.207597	0.657484	0.043147	0.050411	0.041361	5230	16564	1087	1270	1042	25193	480	124	500	500	true	39.4
3005	13005	160.0	160	0.153343	0.73817	0.021154	0.061677	0.025656	3610	17378	498	1452	604	23542	474	78	500	500	true	39.4
3005	13005	160.0	200	0.084916	0.822409	0.005689	0.070623	0.016363	1806	17491	121	1502	348	21268	467	36	500	500	true	39.4
3005	13005	160.0	256	0.017119	0.897495	0.0	0.082881	0.002505	328	17196	0	1588	48	19160	447	6	500	500	true	39.4
3005	13005	160.0	320	0.0	0.913134	0.0	0.086866	0.0	0	16588	0	1578	0	18166	425	0	500	500	true	39.4
3005	13005	160.0	400	0.0	0.909713	0.0	0.090287	0.0	0	15557	0	1544	0	17101	403	0	500	500	true	39.4
3005	13005	160.0	500	0.0	0.908364	0.0	0.091636	0.0	0	14889	0	1502	0	16391	383	0	500	500	true	39.4
3005	13005	160.0	640	0.0	0.905768	0.0	0.094232	0.0	0	13380	0	1392	0	14772	348	0	500	500	true	39.4
3005	13005	160.0	800	0.0	0.889944	0.0	0.110056	0.0	0	11806	0	1460	0	13266	309	0	500	500	true	39.4
3005	13005	160.0	1000	0.0	0.892533	0.0	0.107467	0.0	0	10614	0	1278	0	11892	273	0	500	500	true	39.4
3001	13001	240.0	1	0.429784	0.297685	0.213837	0.026359	0.032334	17120	11858	8518	1050	1288	39834	500	500	500	500	true	27.8
3001	13001	240.0	2	0.409995	0.311929	0.218333	0.025793	0.03395	16786	12771	8939	1056	1390	40942	499	493	500	500	true	27.8
3001	13001	240.0	3	0.404618	0.320183	0.213292	0.024904	0.037002	16523	13075	8710	1017	1511	40836	497	485	500	500	true	27.8
3001	13001	240.0	4	0.401994	0.32355	0.210772	0.026658	0.037025	16286	13108	8539	1080	1500	40513	497	479	500	500	true	27.8
3001	13001	240.0	5	0.394477	0.327465	0.211321	0.025077	0.041661	15841	13150	8486	1007	1673	40157	495	474	500	500	true	27.8
3001	13001	240.0	6	0.40204	0.327298	0.201219	0.024873	0.044572	16164	13159	8090	1000	1792	40205	493	464	500	500	true	27.8
3001	13001	240.0	8	0.403558	0.331884	0.19258	0.030681	0.041296	15968	13132	7620	1214	1634	39568	490	450	500	500	true	27.8
3001	13001	240.0	10	0.379382	0.353591	0.199489	0.026153	0.041385	14695	13696	7727	1013	1603	38734	489	433	500	500	true	27.8
3001	13001	240.0	13	0.375957	0.365945	0.184715	0.028436	0.044947	14345	13963	7048	1085	1715	38156	485	412	500	500	true	27.8
3001	13001	240.0	16	0.358511	0.375976	0.184096	0.034199	0.047217	13219	13863	6788	1261	1741	36872	485	388	500	500	true	27.8
3001	13001	240.0	20	0.339309	0.403597	0.175803	0.03213	0.049161	12113	14408	6276	1147	1755	35699	482	362	500	500	true	27.8
3001	13001	240.0	25	0.36961	0.405782	0.146847	0.035739	0.042022	12824	14079	5095	1240	1458	34696	477	330	500	500	true	27.8
3001	13001	240.0	32	0.329209	0.453366	0.129632	0.045681	0.042112	10882	14986	4285	1510	1392	33055	473	283	500	500	true	27.8
3001	13001	240.0	40	0.323291	0.47813	0.116838	0.048711	0.03303	9690	14331	3502	1460	990	29973	461	247	500	500	true	27.8
3001	13001	240.0	50	0.297096	0.527322	0.083968	0.057024	0.03459	8237	14620	2328	1581	959	27725	450	195	500	500	true	27.8
3001	13001	240.0	64	0.248096	0.580398	0.064498	0.078464	0.028544	6093	14254	1584	1927	701	24559	426	141	500	500	true	27.8
3001	13001	240.0	80	0.215909	0.647032	0.032421	0.070269	0.034369	4655	13950	699	1515	741	21560	400	98	500	500	true	27.8
3001	13001	240.0	100	0.131523	0.7538	0.009657	0.0907	0.014321	2397	13738	176	1653	261	18225	374	43	500	500	true	27.8
3001	13001	240.0	128	0.065105	0.825491	0.001472	0.101978	0.005954	1017	12895	23	1593	93	15621	345	17	500	500	true	27.8
3001	13001	240.0	160	0.017458	0.86714	0.0	0.112443	0.002959	236	11722	0	1520	40	13518	302	4	500	500	true	27.8
3001	13001	240.0	200	0.00526	0.864747	0.0	0.12919	0.000802	59	9699	0	1449	9	11216	252	1	500	500	true	27.8
3001	13001	240.0	256	0.0	0.839434	0.0	0.160566	0.0	0	6880	0	1316	0	8196	186	0	500	500	true	27.8
3001	13001	240.0	320	0.0	0.836946	0.0	0.163054	0.0	0	4517	0	880	0	5397	123	0	500	500	true	27.8
3001	13001	240.0	400	0.0	0.77481	0.0	0.22519	0.0	0	2553	0	742	0	3295	72	0	500	500	true	27.8
3001	13001	240.0	500	0.0	0.642396	0.0	0.357604	0.0	0	697	0	388	0	1085	23	0	500	500	true	27.8
3001	13001	240.0	640	NaN	NaN	NaN	NaN	NaN	0	0	0	0	0	0	0	0	500	500	true	27.8
3001	13001	240.0	800	NaN	NaN	NaN	NaN	NaN	0	0	0	0	0	0	0	0	500	500	true	27.8
3001	13001	240.0	1000	NaN	NaN	NaN	NaN	NaN	0	0	0	0	0	0	0	0	500	500	true	27.8
3002	13002	240.0	1	0.422385	0.302076	0.217092	0.025257	0.03319	16824	12032	8647	1006	1322	39831	500	498	500	500	true	27.5
3002	13002	240.0	2	0.409571	0.312454	0.21764	0.025115	0.035221	16536	12615	8787	1014	1422	40374	498	493	500	500	true	27.5
3002	13002	240.0	3	0.399446	0.32536	0.214513	0.02561	0.03507	16299	13276	8753	1045	1431	40804	498	485	500	500	true	27.5
3002	13002	240.0	4	0.395123	0.331545	0.211918	0.02645	0.034963	16059	13475	8613	1075	1421	40643	497	478	500	500	true	27.5
3002	13002	240.0	5	0.390407	0.332399	0.209985	0.027727	0.039482	15742	13403	8467	1118	1592	40322	497	470	500	500	true	27.5
3002	13002	240.0	6	0.376198	0.34392	0.206979	0.025412	0.047491	15233	13926	8381	1029	1923	40492	497	461	500	500	true	27.5
3002	13002	240.0	8	0.360205	0.359151	0.203542	0.030174	0.046929	14361	14319	8115	1203	1871	39869	494	443	500	500	true	27.5
3002	13002	240.0	10	0.352565	0.370211	0.195847	0.02941	0.051967	13786	14476	7658	1150	2032	39102	491	431	500	500	true	27.5
3002	13002	240.0	13	0.370314	0.372379	0.179956	0.023216	0.054135	13989	14067	6798	877	2045	37776	488	406	500	500	true	27.5
3002	13002	240.0	16	0.363411	0.38569	0.170443	0.026119	0.054336	13343	14161	6258	959	1995	36716	484	385	500	500	true	27.5
3002	13002	240.0	20	0.338866	0.400252	0.174108	0.028887	0.057887	12106	14299	6220	1032	2068	35725	480	364	500	500	true	27.5
3002	13002	240.0	25	0.337947	0.424495	0.152571	0.035102	0.049885	11476	14415	5181	1192	1694	33958	475	325	500	500	true	27.5
3002	13002	240.0	32	0.329896	0.45538	0.124294	0.041584	0.048845	10813	14926	4074	1363	1601	32777	470	283	500	500	true	27.5
3002	13002	240.0	40	0.310143	0.485747	0.106397	0.054524	0.043189	9357	14655	3210	1645	1303	30170	463	235	500	500	true	27.5
3002	13002	240.0	50	0.265514	0.543315	0.095532	0.05845	0.037189	7368	15077	2651	1622	1032	27750	447	191	500	500	true	27.5
3002	13002	240.0	64	0.243928	0.592242	0.053371	0.07985	0.03061	5905	14337	1292	1933	741	24208	426	130	500	500	true	27.5
3002	13002	240.0	80	0.190058	0.655763	0.038866	0.096798	0.018514	4137	14274	846	2107	403	21767	406	89	500	500	true	27.5
3002	13002	240.0	100	0.141832	0.732475	0.008749	0.109771	0.007173	2610	13479	161	2020	132	18402	376	46	500	500	true	27.5
3002	13002	240.0	128	0.050091	0.825954	0.003004	0.111873	0.009078	767	12647	46	1713	139	15312	335	15	500	500	true	27.5
3002	13002	240.0	160	0.011839	0.867382	0.0	0.116408	0.00437	149	10916	0	1465	55	12585	281	3	500	500	true	27.5
3002	13002	240.0	200	0.003696	0.860311	0.0	0.133074	0.002918	38	8844	0	1368	30	10280	227	1	500	500	true	27.5
3002	13002	240.0	256	0.0	0.844347	0.0	0.155653	0.0	0	6184	0	1140	0	7324	165	0	500	500	true	27.5
3002	13002	240.0	320	0.0	0.798286	0.0	0.201714	0.0	0	4005	0	1012	0	5017	112	0	500	500	true	27.5
3002	13002	240.0	400	0.0	0.743534	0.0	0.256466	0.0	0	2041	0	704	0	2745	60	0	500	500	true	27.5
3002	13002	240.0	500	0.0	0.637597	0.0	0.362403	0.0	0	658	0	374	0	1032	22	0	500	500	true	27.5
3002	13002	240.0	640	NaN	NaN	NaN	NaN	NaN	0	0	0	0	0	0	0	0	500	500	true	27.5
3002	13002	240.0	800	NaN	NaN	NaN	NaN	NaN	0	0	0	0	0	0	0	0	500	500	true	27.5
3002	13002	240.0	1000	NaN	NaN	NaN	NaN	NaN	0	0	0	0	0	0	0	0	500	500	true	27.5
3003	13003	240.0	1	0.421125	0.299523	0.221125	0.028259	0.029967	16765	11924	8803	1125	1193	39810	500	500	500	500	true	27.8
3003	13003	240.0	2	0.414934	0.313427	0.212141	0.025136	0.034362	16821	12706	8600	1019	1393	40539	499	492	500	500	true	27.8
3003	13003	240.0	3	0.401926	0.328448	0.210607	0.024115	0.034904	16317	13334	8550	979	1417	40597	498	485	500	500	true	27.8
3003	13003	240.0	4	0.399506	0.335078	0.203926	0.022274	0.039215	16178	13569	8258	902	1588	40495	498	474	500	500	true	27.8
3003	13003	240.0	5	0.406717	0.326646	0.201705	0.024834	0.040097	16361	13140	8114	999	1613	40227	498	468	500	500	true	27.8
3003	13003	240.0	6	0.40521	0.335749	0.193041	0.02361	0.042389	16270	13481	7751	948	1702	40152	496	458	500	500	true	27.8
3003	13003	240.0	8	0.390489	0.348675	0.194466	0.028259	0.038112	15297	13659	7618	1107	1493	39174	496	439	500	500	true	27.8
3003	13003	240.0	10	0.373103	0.361056	0.197642	0.02973	0.038468	14432	13966	7645	1150	1488	38681	494	427	500	500	true	27.8
3003	13003	240.0	13	0.383363	0.365896	0.17743	0.035968	0.037344	14485	13825	6704	1359	1411	37784	490	404	500	500	true	27.8
3003	13003	240.0	16	0.363473	0.377888	0.183175	0.035397	0.040066	13390	13921	6748	1304	1476	36839	485	388	500	500	true	27.8
3003	13003	240.0	20	0.360169	0.396021	0.167188	0.036131	0.040491	12889	14172	5983	1293	1449	35786	481	359	500	500	true	27.8
3003	13003	240.0	25	0.33937	0.423359	0.154578	0.04435	0.038343	11524	14376	5249	1506	1302	33957	479	324	500	500	true	27.8
3003	13003	240.0	32	0.319536	0.463458	0.132163	0.043482	0.041361	10244	14858	4237	1394	1326	32059	476	276	500	500	true	27.8
3003	13003	240.0	40	0.30368	0.491378	0.115546	0.062611	0.026785	9070	14676	3451	1870	800	29867	470	233	500	500	true	27.8
3003	13003	240.0	50	0.281584	0.546347	0.084284	0.060388	0.027397	7801	15136	2335	1673	759	27704	456	185	500	500	true	27.8
3003	13003	240.0	64	0.243663	0.589925	0.067664	0.07721	0.021539	6075	14708	1687	1925	537	24932	439	138	500	500	true	27.8
3003	13003	240.0	80	0.195752	0.660769	0.051329	0.078543	0.013607	4359	14714	1143	1749	303	22268	417	98	500	500	true	27.8
3003	13003	240.0	100	0.150248	0.719814	0.025967	0.096696	0.007275	2974	14248	514	1914	144	19794	394	59	500	500	true	27.8
3003	13003	240.0	128	0.091909	0.786103	0.008252	0.106141	0.007594	1537	13146	138	1775	127	16723	354	29	500	500	true	27.8
3003	13003	240.0	160	0.025838	0.85947	0.0	0.111821	0.002871	360	11975	0	1558	40	13933	310	6	500	500	true	27.8
3003	13003	240.0	200	0.007028	0.865238	0.0	0.127734	0.0	80	9849	0	1454	0	11383	255	1	500	500	true	27.8
3003	13003	240.0	256	0.0	0.867139	0.0	0.132861	0.0	0	7101	0	1088	0	8189	191	0	500	500	true	27.8
3003	13003	240.0	320	0.0	0.796964	0.0	0.203036	0.0	0	4043	0	1030	0	5073	116	0	500	500	true	27.8
3003	13003	240.0	400	0.0	0.781592	0.0	0.218408	0.0	0	2140	0	598	0	2738	61	0	500	500	true	27.8
3003	13003	240.0	500	0.0	0.610116	0.0	0.389884	0.0	0	579	0	370	0	949	19	0	500	500	true	27.8
3003	13003	240.0	640	NaN	NaN	NaN	NaN	NaN	0	0	0	0	0	0	0	0	500	500	true	27.8
3003	13003	240.0	800	NaN	NaN	NaN	NaN	NaN	0	0	0	0	0	0	0	0	500	500	true	27.8
3003	13003	240.0	1000	NaN	NaN	NaN	NaN	NaN	0	0	0	0	0	0	0	0	500	500	true	27.8
3004	13004	240.0	1	0.433896	0.292066	0.214852	0.030906	0.02828	17184	11567	8509	1224	1120	39604	500	499	500	500	true	28.2
3004	13004	240.0	2	0.414953	0.309599	0.216186	0.027886	0.031375	16889	12601	8799	1135	1277	40701	498	491	500	500	true	28.2
3004	13004	240.0	3	0.422474	0.308025	0.207852	0.02838	0.033269	17283	12601	8503	1161	1361	40909	497	483	500	500	true	28.2
3004	13004	240.0	4	0.409107	0.315943	0.212068	0.028554	0.034329	16577	12802	8593	1157	1391	40520	495	479	500	500	true	28.2
3004	13004	240.0	5	0.40949	0.320502	0.203498	0.02839	0.03812	16414	12847	8157	1138	1528	40084	494	472	500	500	true	28.2
3004	13004	240.0	6	0.409156	0.324696	0.196732	0.030535	0.038882	16374	12994	7873	1222	1556	40019	491	462	500	500	true	28.2
3004	13004	240.0	8	0.408305	0.326243	0.189449	0.029357	0.046646	16106	12869	7473	1158	1840	39446	489	448	500	500	true	28.2
3004	13004	240.0	10	0.386427	0.345153	0.192534	0.031385	0.044502	15083	13472	7515	1225	1737	39032	487	433	500	500	true	28.2
3004	13004	240.0	13	0.38997	0.347235	0.182447	0.041283	0.039066	14774	13155	6912	1564	1480	37885	486	410	500	500	true	28.2
3004	13004	240.0	16	0.376744	0.366722	0.173163	0.034048	0.049324	13909	13539	6393	1257	1821	36919	485	394	500	500	true	28.2
3004	13004	240.0	20	0.33911	0.393229	0.1757	0.040582	0.051379	12250	14205	6347	1466	1856	36124	482	364	500	500	true	28.2
3004	13004	240.0	25	0.333752	0.420095	0.161124	0.03866	0.046369	11430	14387	5518	1324	1588	34247	477	329	500	500	true	28.2
3004	13004	240.0	32	0.320562	0.446277	0.15099	0.045723	0.036448	10299	14338	4851	1469	1171	32128	470	291	500	500	true	28.2
3004	13004	240.0	40	0.315798	0.479213	0.114377	0.052147	0.038464	9647	14639	3494	1593	1175	30548	462	245	500	500	true	28.2
3004	13004	240.0	50	0.281542	0.523082	0.110886	0.057135	0.027356	7904	14685	3113	1604	768	28074	451	207	500	500	true	28.2
3004	13004	240.0	64	0.266443	0.573454	0.069752	0.068098	0.022253	6765	14560	1771	1729	565	25390	438	151	500	500	true	28.2
3004	13004	240.0	80	0.223136	0.641311	0.046459	0.067621	0.021473	5019	14425	1045	1521	483	22493	411	106	500	500	true	28.2
3004	13004	240.0	100	0.151809	0.741737	0.017099	0.081535	0.00782	2912	14228	328	1564	150	19182	392	55	500	500	true	28.2
3004	13004	240.0	128	0.072137	0.82589	0.00236	0.093319	0.006294	1192	13647	39	1542	104	16524	355	20	500	500	true	28.2
3004	13004	240.0	160	0.026743	0.861024	0.00128	0.107966	0.002987	376	12106	18	1518	42	14060	318	7	500	500	true	28.2
3004	13004	240.0	200	0.0	0.868397	0.0	0.131603	0.0	0	10241	0	1552	0	11793	271	0	500	500	true	28.2
3004	13004	240.0	256	0.0	0.853177	0.0	0.146823	0.0	0	7868	0	1354	0	9222	207	0	500	500	true	28.2
3004	13004	240.0	320	0.0	0.836597	0.0	0.163403	0.0	0	5468	0	1068	0	6536	146	0	500	500	true	28.2
3004	13004	240.0	400	0.0	0.799029	0.0	0.200971	0.0	0	3292	0	828	0	4120	89	0	500	500	true	28.2
3004	13004	240.0	500	0.0	0.709091	0.0	0.290909	0.0	0	1092	0	448	0	1540	33	0	500	500	true	28.2
3004	13004	240.0	640	NaN	NaN	NaN	NaN	NaN	0	0	0	0	0	0	0	0	500	500	true	28.2
3004	13004	240.0	800	NaN	NaN	NaN	NaN	NaN	0	0	0	0	0	0	0	0	500	500	true	28.2
3004	13004	240.0	1000	NaN	NaN	NaN	NaN	NaN	0	0	0	0	0	0	0	0	500	500	true	28.2
3005	13005	240.0	1	0.407823	0.306625	0.226902	0.02241	0.03624	16160	12150	8991	888	1436	39625	499	500	500	500	true	25.5
3005	13005	240.0	2	0.388607	0.319457	0.231813	0.023033	0.03709	15758	12954	9400	934	1504	40550	499	490	500	500	true	25.5
3005	13005	240.0	3	0.378953	0.338273	0.221827	0.023088	0.037859	15445	13787	9041	941	1543	40757	499	484	500	500	true	25.5
3005	13005	240.0	4	0.395431	0.330175	0.213031	0.021355	0.040007	15943	13312	8589	861	1613	40318	499	477	500	500	true	25.5
3005	13005	240.0	5	0.383162	0.341156	0.211984	0.023192	0.040505	15315	13636	8473	927	1619	39970	497	470	500	500	true	25.5
3005	13005	240.0	6	0.375324	0.345673	0.211418	0.027034	0.040551	14772	13605	8321	1064	1596	39358	496	457	500	500	true	25.5
3005	13005	240.0	8	0.369086	0.360786	0.198638	0.025569	0.045921	14363	14040	7730	995	1787	38915	495	436	500	500	true	25.5
3005	13005	240.0	10	0.377775	0.357312	0.193653	0.02667	0.044589	14547	13759	7457	1027	1717	38507	490	426	500	500	true	25.5
3005	13005	240.0	13	0.371582	0.374579	0.182397	0.028481	0.042961	14012	14125	6878	1074	1620	37709	489	404	500	500	true	25.5
3005	13005	240.0	16	0.361584	0.3917	0.172056	0.028662	0.045997	13183	14281	6273	1045	1677	36459	485	378	500	500	true	25.5
3005	13005	240.0	20	0.334239	0.419433	0.173813	0.029747	0.042767	11809	14819	6141	1051	1511	35331	481	349	500	500	true	25.5
3005	13005	240.0	25	0.354495	0.417024	0.139443	0.038138	0.050899	12223	14379	4808	1315	1755	34480	478	319	500	500	true	25.5
3005	13005	240.0	32	0.327503	0.454068	0.129408	0.042136	0.046884	10485	14537	4143	1349	1501	32015	471	278	500	500	true	25.5
3005	13005	240.0	40	0.296778	0.508757	0.10716	0.053647	0.033659	8879	15221	3206	1605	1007	29918	460	226	500	500	true	25.5
3005	13005	240.0	50	0.278787	0.54842	0.08695	0.052185	0.033658	7554	14860	2356	1414	912	27096	447	182	500	500	true	25.5
3005	13005	240.0	64	0.241389	0.607424	0.057693	0.068063	0.025431	5866	14761	1402	1654	618	24301	431	131	500	500	true	25.5
3005	13005	240.0	80	0.193971	0.681438	0.025527	0.077736	0.021327	4202	14762	553	1684	462	21663	413	85	500	500	true	25.5
3005	13005	240.0	100	0.125304	0.757914	0.009741	0.095659	0.011382	2367	14317	184	1807	215	18890	391	44	500	500	true	25.5
3005	13005	240.0	128	0.051277	0.83621	0.000309	0.102864	0.00934	829	13519	5	1663	151	16167	352	15	500	500	true	25.5
3005	13005	240.0	160	0.0094	0.882206	0.0	0.108394	0.0	128	12013	0	1476	0	13617	309	2	500	500	true	25.5
3005	13005	240.0	200	0.0	0.877573	0.0	0.122427	0.0	0	9720	0	1356	0	11076	249	0	500	500	true	25.5
3005	13005	240.0	256	0.0	0.864522	0.0	0.135478	0.0	0	6879	0	1078	0	7957	180	0	500	500	true	25.5
3005	13005	240.0	320	0.0	0.839919	0.0	0.160081	0.0	0	4974	0	948	0	5922	133	0	500	500	true	25.5
3005	13005	240.0	400	0.0	0.793367	0.0	0.206633	0.0	0	2703	0	704	0	3407	73	0	500	500	true	25.5
3005	13005	240.0	500	0.0	0.634752	0.0	0.365248	0.0	0	716	0	412	0	1128	23	0	500	500	true	25.5
3005	13005	240.0	640	NaN	NaN	NaN	NaN	NaN	0	0	0	0	0	0	0	0	500	500	true	25.5
3005	13005	240.0	800	NaN	NaN	NaN	NaN	NaN	0	0	0	0	0	0	0	0	500	500	true	25.5
3005	13005	240.0	1000	NaN	NaN	NaN	NaN	NaN	0	0	0	0	0	0	0	0	500	500	true	25.5
