# legacy Potts 427dc2e2 / PottsModels de97149 SequentialCPM, Float64
seed	mcs	volume1	volume2	concentration_sum	concentration_max
1	0	9	0	0.0	0.0
1	2	9	0	0.35730898875000006	0.03698392875
1	5	9	0	0.8602666528661058	0.07858402718996625
1	10	6	0	1.442434280915547	0.12913431248752338
1	20	10	0	3.255156800828924	0.18171404404728417
1	40	7	0	5.736034658086357	0.23861835422137342
2	0	9	0	0.0	0.0
2	2	10	0	0.33775699125	0.03726984875
2	5	13	0	0.9406479145265723	0.07793867535373734
2	10	11	0	2.0095399261147278	0.13073080159814918
2	20	11	0	3.9353949212773376	0.22049708227160086
2	40	9	0	6.91822133696993	0.2984847402881214
3	0	9	0	0.0	0.0
3	2	7	0	0.31740898874999995	0.038492438749999996
3	5	7	0	0.7032358433803846	0.07677976657983807
3	10	7	0	1.295819340437132	0.09924553064108911
3	20	9	0	2.94459636955371	0.19281355203042644
3	40	7	0	4.771666479850023	0.2518489404784713
4	0	9	0	0.0	0.0
4	2	7	0	0.29765798999999993	0.03889051875
4	5	7	0	0.664319018411055	0.08398857231679197
4	10	10	0	1.3575680680623652	0.12165179237939254
4	20	9	0	2.913195668286137	0.18570450431483138
4	40	6	0	5.21430945498347	0.3956349950249069
5	0	9	0	0.0	0.0
5	2	6	0	0.25795699125000005	0.03843443875
5	5	8	0	0.6654952593800674	0.07874274286750813
5	10	9	0	1.4932259358394346	0.1254113420954482
5	20	9	0	2.993202921825361	0.19481827682015604
5	40	10	0	5.399668591655783	0.24776311838639986
6	0	9	0	0.0	0.0
6	2	8	0	0.31760798999999995	0.03743808875
6	5	9	0	0.8807978751225872	0.08185789561544832
6	10	12	0	1.6618380200893546	0.12169026591965894
6	20	9	0	3.203794949921473	0.20571965854712432
6	40	6	0	5.54445047083245	0.39290097667719176
7	0	9	0	0.0	0.0
7	2	8	0	0.31760798999999995	0.03738200875
7	5	8	0	0.7034309337601808	0.08239272082520734
7	10	9	0	1.5093608903226001	0.13309230379601372
7	20	9	0	2.928903565504992	0.17944526421439386
7	40	9	0	5.170852456298058	0.2574065051834006
8	0	9	0	0.0	0.0
8	2	6	0	0.21845499375	0.03710160875
8	5	9	0	0.7253295370912821	0.08292564603948371
8	10	10	0	1.7269147467179262	0.1389644336816483
8	20	8	0	3.4287276299552665	0.20561923445481045
8	40	8	0	6.090854998834186	0.2732101610093724
9	0	9	0	0.0	0.0
9	2	7	0	0.23840499375000002	0.03721184875
9	5	6	0	0.6259795048280026	0.06773088293017414
9	10	9	0	1.3592317086148504	0.11193241009263298
9	20	11	0	3.026334779346674	0.19357755124414178
9	40	8	0	5.926018182736703	0.3923968679600617
10	0	9	0	0.0	0.0
10	2	7	0	0.27790699125	0.03727048875
10	5	9	0	0.7443061884417248	0.08120883112943744
10	10	5	0	1.4105579806631443	0.13152754947075077
10	20	8	0	2.4788446058210742	0.17454635085918044
10	40	10	0	5.480584895082436	0.24876802067273368
11	0	9	0	0.0	0.0
11	2	8	0	0.3571099875	0.03906067875
11	5	8	0	0.7617106011613721	0.07673544426131554
11	10	7	0	1.622862112158128	0.12267363992105075
11	20	7	0	2.7828253965635095	0.19365513599041848
11	40	8	0	5.143830709144132	0.24649440499065797
12	0	9	0	0.0	0.0
12	2	9	0	0.33755799000000003	0.03738200875
12	5	9	0	0.860851825396776	0.08328309759990746
12	10	9	0	1.738091435738604	0.13780275686443827
12	20	9	0	3.190468023010831	0.20771209892919823
12	40	6	0	5.457654402317281	0.22194588410013433
13	0	9	0	0.0	0.0
13	2	6	0	0.27770798999999996	0.035817418749999996
13	5	9	0	0.8420800119992722	0.07846397358166371
13	10	9	0	1.7200345011328062	0.13113736556588637
13	20	7	0	2.9489080801017997	0.23531404522734353
13	40	8	0	5.09712933253156	0.40153687477238675
14	0	9	0	0.0	0.0
14	2	5	0	0.25775799	0.03738200875
14	5	9	0	0.6850551378252084	0.07846980756112637
14	10	3	0	1.2937685730543498	0.1203444985989178
14	20	11	0	2.797222401088882	0.15116121536570226
14	40	8	0	5.362406293777198	0.3222126190038207
15	0	9	0	0.0	0.0
15	2	5	0	0.27750898875	0.03749416875
15	5	5	0	0.4672010388946634	0.07518761953072121
15	10	7	0	1.167143590867777	0.11356950115764093
15	20	8	0	2.5665174031264213	0.16693048359568527
15	40	7	0	5.119828678968807	0.2466770916805652
16	0	9	0	0.0	0.0
16	2	8	0	0.31760798999999995	0.037215688749999996
16	5	4	0	0.643381932510181	0.06852689659458204
16	10	7	0	1.161058029521826	0.12382129709877107
16	20	5	0	2.171247184540775	0.2204874913685435
16	40	6	0	4.254506214176928	0.36259160987958594
17	0	9	0	0.0	0.0
17	2	5	0	0.27750898874999996	0.038834438750000005
17	5	10	0	0.724564996469601	0.08097292196572706
17	10	8	0	1.5292646558469123	0.13403519429453797
17	20	7	0	2.947101778367494	0.1859618272652867
17	40	5	0	4.936145964347342	0.21688424517350224
18	0	9	0	0.0	0.0
18	2	6	0	0.27770799	0.03652592875
18	5	10	0	0.7443120843493972	0.07294815682517544
18	10	11	0	1.628232482457254	0.1235864374679135
18	20	5	0	2.7994523854432485	0.20235478259262754
18	40	6	0	5.0335072330662	0.2312887217005754
19	0	9	0	0.0	0.0
19	2	8	0	0.31760799	0.03843635875
19	5	10	0	0.9203018576600561	0.08129469774095952
19	10	8	0	1.7154339326674468	0.12663688286271976
19	20	5	0	2.848861473182877	0.21146810052874238
19	40	9	0	5.2065048023346	0.40694018646426616
20	0	9	0	0.0	0.0
20	2	5	0	0.2182559925	0.038722278750000005
20	5	11	0	0.7654304641740173	0.0830867647454641
20	10	8	0	1.6854600418650567	0.13680036663320536
20	20	9	0	3.030311688033603	0.19965981088395182
20	40	7	0	5.585326738167133	0.27499526522034257
21	0	9	0	0.0	0.0
21	2	7	0	0.31740898875	0.038780918750000004
21	5	7	0	0.7814517735302599	0.08263417111149758
21	10	5	0	1.3696182308874338	0.11544853713987704
21	20	8	0	2.3890533320198704	0.1768001969601947
21	40	7	0	5.269192408123936	0.34906225237306415
22	0	9	0	0.0	0.0
22	2	6	0	0.27770798999999996	0.03838027875
22	5	7	0	0.6256031205244595	0.07783676905942268
22	10	10	0	1.456852426605274	0.11860419773165722
22	20	12	0	2.94506489537732	0.17593240507121355
22	40	7	0	5.96641973508377	0.25469652117518543
23	0	9	0	0.0	0.0
23	2	9	0	0.27830499374999995	0.03721184875
23	5	11	0	0.9023103267762549	0.0792037954814301
23	10	6	0	1.697529970456213	0.13020795228913654
23	20	7	0	2.890428940589656	0.20779774732882336
23	40	8	0	5.296829712473973	0.30389464410428074
24	0	9	0	0.0	0.0
24	2	5	0	0.23800699125000002	0.03703616875
24	5	8	0	0.6261883128558786	0.07651500960059096
24	10	8	0	1.2233247730420571	0.12392882442987242
24	20	1	0	2.2822564618582484	0.20088398639408728
24	40	0	0	1.867616384072623	0.08171692526601694
25	0	9	0	0.0	0.0
25	2	7	0	0.2581559925	0.03721184875
25	5	7	0	0.6455413485098637	0.08037406368667768
25	10	8	0	1.377829315166864	0.10630456364461399
25	20	5	0	2.600604220365135	0.17984098111447752
25	40	11	0	5.538558812936905	0.33911635084600156
26	0	9	0	0.0	0.0
26	2	8	0	0.29785699125	0.037780088749999996
26	5	8	0	0.801983035190726	0.08337960604353387
26	10	8	0	1.6036760146283633	0.13195654558559103
26	20	9	0	2.9037132120214135	0.1826963897018161
26	40	6	0	5.545263302035266	0.2572021577572133
27	0	9	0	0.0	0.0
27	2	7	0	0.29765799	0.03703616875
27	5	5	0	0.6637239996985235	0.07583140241903102
27	10	9	0	1.317305051857264	0.11014750211629219
27	20	9	0	2.719955268352642	0.24566904849818413
27	40	8	0	4.832504116275818	0.3820781933929665
28	0	9	0	0.0	0.0
28	2	7	0	0.29765799	0.03849051875
28	5	8	0	0.782432963523461	0.08177964269049867
28	10	5	0	1.466171852506623	0.13512285001993507
28	20	10	0	3.0498025342530632	0.18841151545508292
28	40	10	0	5.451376382394789	0.25606097852798493
29	0	9	0	0.0	0.0
29	2	7	0	0.31740898875	0.03883827875
29	5	7	0	0.7620948072053222	0.08347368365577248
29	10	10	0	1.4892873309258774	0.12730799059289927
29	20	10	0	3.0223710419769807	0.1912282468645093
29	40	9	0	5.195989986202537	0.21734524387962834
30	0	9	0	0.0	0.0
30	2	10	0	0.37725898874999997	0.037383928749999996
30	5	9	0	0.9189305657152322	0.0824372682900983
30	10	7	0	1.6355118592875684	0.1264527295805209
30	20	8	0	2.947620126494504	0.19933314773080826
30	40	10	0	5.33836812151496	0.22363683556027622
31	0	9	0	0.0	0.0
31	2	6	0	0.25795699125000005	0.03843443875
31	5	7	0	0.6457422755925983	0.07869721917719916
31	10	9	0	1.3578852141567879	0.12554161156183866
31	20	8	0	2.7194759606495866	0.1770181695528543
31	40	7	0	4.899648680753632	0.23253109097749047
32	0	9	0	0.0	0.0
32	2	6	0	0.29745898875	0.03945875875
32	5	7	0	0.7626838906061959	0.08899735727369538
32	10	9	0	1.3521777212295423	0.12933533590931046
32	20	6	0	2.845217319757869	0.1646510210319965
32	40	8	0	5.702537688531752	0.24987823450646435
33	0	9	0	0.0	0.0
33	2	6	0	0.25795699125	0.03832419875
33	5	6	0	0.7237592044924736	0.07660015644069412
33	10	12	0	1.649358757813897	0.12603853405337553
33	20	7	0	3.2999359637581995	0.1951616100345444
33	40	9	0	5.2702584812143165	0.3542205753145888
34	0	9	0	0.0	0.0
34	2	9	0	0.33755799000000003	0.03766984875
34	5	7	0	0.7227878802843696	0.07577330136165777
34	10	7	0	1.429792737938184	0.12209040400869357
34	20	4	0	2.55060245609193	0.2201210179217656
34	40	11	0	4.710897705331731	0.41968192761525036
35	0	9	0	0.0	0.0
35	2	5	0	0.27750898875	0.03709416875
35	5	9	0	0.7830279428320072	0.0778403332008564
35	10	5	0	1.1933661940712987	0.11477225871760742
35	20	6	0	2.4278427223712815	0.15868637100570787
35	40	10	0	5.045379623924327	0.29790794823650213
36	0	9	0	0.0	0.0
36	2	5	0	0.2182559925	0.03692400875
36	5	5	0	0.5864774679240172	0.07296249581235745
36	10	8	0	1.1665846108944904	0.1068093601860254
36	20	7	0	2.468916711655144	0.165167905238226
36	40	8	0	4.697020950954692	0.23835847384098485
37	0	9	0	0.0	0.0
37	2	9	0	0.35730898875000006	0.03715960875
37	5	9	0	0.8999656665786372	0.0774544086622915
37	10	10	0	1.717803388814504	0.14000969779912584
37	20	7	0	3.2865040059998765	0.20987046656595548
37	40	10	0	5.552710092884374	0.2793162935557302
38	0	9	0	0.0	0.0
38	2	5	0	0.21825599249999997	0.03732400875
38	5	10	0	0.7454804641740174	0.07726410459771019
38	10	9	0	1.7052111190299721	0.13081151524718282
38	20	5	0	2.861043844302973	0.19616748739830236
38	40	7	0	5.214942267062244	0.3006797446176103
39	0	9	0	0.0	0.0
39	2	5	0	0.25775799000000005	0.037271768749999996
39	5	4	0	0.5458031403252084	0.073675865860627
39	10	10	0	1.1282949027318954	0.11450219778430906
39	20	5	0	2.161326004408738	0.16296686905415034
39	40	9	0	4.252841297194342	0.2518769870353453
40	0	9	0	0.0	0.0
40	2	7	0	0.23840499375000002	0.03721184875
40	5	7	0	0.6263755222905335	0.0772164522132064
40	10	11	0	1.420234657670834	0.12345929334250197
40	20	10	0	2.893588435158011	0.17654638864334846
40	40	8	0	5.139242436659276	0.29422616198746093
41	0	9	0	0.0	0.0
41	2	4	0	0.21805699125	0.03726984875
41	5	6	0	0.5082674336818147	0.07132425474906932
41	10	7	0	1.1688498074886162	0.1138639794029556
41	20	8	0	2.438428287793865	0.1723543850113112
41	40	6	0	4.573893595756601	0.22925151321622395
42	0	9	0	0.0	0.0
42	2	9	0	0.33755799	0.03743808875
42	5	4	0	0.6820978303967762	0.07816012294517488
42	10	7	0	1.2561588143763165	0.1271860685207611
42	20	11	0	2.6252322125030445	0.21655387591229214
42	40	5	0	5.049909100374104	0.3430971245280211
43	0	9	0	0.0	0.0
43	2	7	0	0.29765799	0.03929051875
43	5	7	0	0.6641220021985235	0.07433914972481942
43	10	7	0	1.3558064404777483	0.11323596465972309
43	20	5	0	2.4265637839388616	0.2214327642757422
43	40	9	0	4.314661460272207	0.4265629457153517
44	0	9	0	0.0	0.0
44	2	9	0	0.33755799	0.037038088749999996
44	5	11	0	0.920502824146776	0.07819123948784838
44	10	7	0	1.7338097101549783	0.13119737481543367
44	20	7	0	2.730740847538302	0.18760624120048405
44	40	5	0	5.045948204248253	0.24882311978272814
45	0	9	0	0.0	0.0
45	2	8	0	0.27810599249999995	0.03581549875
45	5	8	0	0.7636572588589898	0.07909942460033367
45	10	8	0	1.3728486044777763	0.1095133183686548
45	20	8	0	2.7815568172491423	0.19508444819990242
45	40	8	0	5.154210014366719	0.16250957506655223
46	0	9	0	0.0	0.0
46	2	8	0	0.29785699125000004	0.038834438750000005
46	5	9	0	0.7439141212533823	0.0785435814076057
46	10	5	0	1.3122122765816893	0.11981625762125514
46	20	11	0	2.990840956604557	0.19671966573964586
46	40	8	0	4.760715807694303	0.4212968937720956
47	0	9	0	0.0	0.0
47	2	7	0	0.2581559925	0.03575941875
47	5	7	0	0.7045973285473323	0.07876917037195671
47	10	5	0	1.3536227098955274	0.13460792213342263
47	20	6	0	2.821061915377143	0.1945416055204541
47	40	9	0	5.4362261359874156	0.24577498469191275
48	0	9	0	0.0	0.0
48	2	4	0	0.15880399500000003	0.033392908750000005
48	5	10	0	0.6877898801736998	0.06487655592386632
48	10	5	0	1.5705429657882672	0.11996083721716792
48	20	8	0	2.7043664108149685	0.18907073283501244
48	40	8	0	4.75165561601762	0.2680362215733224
49	0	9	0	0.0	0.0
49	2	5	0	0.21825599249999997	0.03635768875
49	5	6	0	0.587267517811611	0.07422460854801818
49	10	7	0	1.2027359488270275	0.11530791474082845
49	20	8	0	2.4088828629456946	0.16295370272241994
49	40	7	0	4.061536050745938	0.1948186998799458
50	0	9	0	0.0	0.0
50	2	8	0	0.29785699125	0.038834438750000005
50	5	6	0	0.74292308507832	0.08567024325521845
50	10	9	0	1.4501256720733977	0.131682111907209
50	20	5	0	2.7227642806922097	0.15485410731510701
50	40	6	0	4.8340157120262415	0.23418318076301392
51	0	9	0	0.0	0.0
51	2	5	0	0.21825599250000002	0.03726792875
51	5	8	0	0.548163522811611	0.0798261096710015
51	10	7	0	1.2832597250572353	0.1226798919918472
51	20	9	0	2.4959330585188604	0.1951534733289263
51	40	11	0	5.55499477158467	0.22315924405296067
52	0	9	0	0.0	0.0
52	2	8	0	0.31760798999999995	0.03675960875
52	5	9	0	0.8021879125476499	0.07770955741771275
52	10	4	0	1.502958391641089	0.13893834697075075
52	20	6	0	2.461953316935025	0.14664090299999688
52	40	11	0	4.760573440973584	0.3397742697117658
53	0	9	0	0.0	0.0
53	2	8	0	0.2781059925	0.03726792875
53	5	6	0	0.6840582451464587	0.07938287656116969
53	10	8	0	1.3947180031089565	0.12026189813189098
53	20	10	0	2.8287573738347325	0.19267083875629304
53	40	7	0	4.858224534023697	0.2712574694533432
54	0	9	0	0.0	0.0
54	2	8	0	0.33735898875	0.03749416875
54	5	6	0	0.6631427774420422	0.07940595480249374
54	10	6	0	1.2387136589807548	0.11405219145502679
54	20	7	0	2.4757556687977393	0.16182620391896296
54	40	9	0	4.757665122128991	0.3418567489076729
55	0	9	0	0.0	0.0
55	2	5	0	0.25775799	0.038946598750000005
55	5	5	0	0.6445601191126774	0.08681437775255949
55	10	8	0	1.3563765683010192	0.11786450647169358
55	20	10	0	3.0425331083044727	0.19749198659193165
55	40	8	0	4.957131420953727	0.3210552522661298
56	0	9	0	0.0	0.0
56	2	8	0	0.29785699125	0.03743616875
56	5	8	0	0.7826260688657884	0.08284955609585846
56	10	9	0	1.527582685005705	0.12408650353924125
56	20	5	0	2.771773280176312	0.16940982300157367
56	40	5	0	5.065959511551049	0.23644874187786888
57	0	9	0	0.0	0.0
57	2	6	0	0.27770798999999996	0.03743808875
57	5	9	0	0.7044140693868659	0.07841668699570971
57	10	8	0	1.4136885122031295	0.12191307057290746
57	20	10	0	2.9219104893190266	0.2045431441049623
57	40	5	0	5.141093424858497	0.2875763571882797
58	0	9	0	0.0	0.0
58	2	6	0	0.27770799	0.03832419875
58	5	10	0	0.6852561043119284	0.07685146731496185
58	10	6	0	1.315875985569123	0.10300798883513833
58	20	7	0	2.4088154492713674	0.18234877960392276
58	40	11	0	5.526279523347475	0.28952776769788435
59	0	9	0	0.0	0.0
59	2	6	0	0.23820599250000002	0.03692400875
59	5	7	0	0.6265764493732686	0.07834313281842062
59	10	5	0	1.2404994363558992	0.1056501605014127
59	20	10	0	2.697802452409005	0.16771904997377657
59	40	7	0	4.762908990406707	0.1781569182376968
60	0	9	0	0.0	0.0
60	2	7	0	0.2581559925	0.03721376875
60	5	7	0	0.6455413485098634	0.07715092865760025
60	10	9	0	1.4554718644039009	0.12342635088691997
60	20	7	0	2.654750241408182	0.15645262415368777
60	40	7	0	4.6934368368710215	0.2908096445264548
61	0	9	0	0.0	0.0
61	2	4	0	0.21805699125	0.03675832875
61	5	5	0	0.5078714162192836	0.07108083864198808
61	10	10	0	1.3642355415252776	0.10906551964665039
61	20	6	0	2.81528809436404	0.18601872090937105
61	40	5	0	4.678137887523105	0.21712702612048654
62	0	9	0	0.0	0.0
62	2	7	0	0.23840499375000002	0.03541357875
62	5	10	0	0.8240884811154711	0.07595586032716037
62	10	8	0	1.6438665544051811	0.13167256597652183
62	20	10	0	2.9169253374919677	0.18334235998086512
62	40	10	0	5.11319528900145	0.22410988166414977
63	0	9	0	0.0	0.0
63	2	10	0	0.39700998749999994	0.039240198750000004
63	5	11	0	1.0174983894345624	0.0858213469749132
63	10	12	0	2.025147465084193	0.13584921071291198
63	20	7	0	3.869662091718097	0.2168949948598164
63	40	9	0	6.566996099141876	0.3026549782869641
64	0	9	0	0.0	0.0
64	2	8	0	0.2781059925	0.03675768875
64	5	10	0	0.8626132388964585	0.07837992386693263
64	10	7	0	1.6396384632297984	0.13163127941798977
64	20	10	0	2.948385895701287	0.1923970295441425
64	40	11	0	5.592159601890909	0.3227095265214792
