seed	relaxed	t	F_dl	F_dM	dark_clusters	largest
11	false	10	0.37553	0.02081	20	0.672
11	false	100	0.24445	0.00776	9	0.508
11	false	1000	0.13875	0.00077	5	0.524
11	false	2000	0.10884	0.0	4	0.524
11	false	3000	0.10188	0.0	4	0.524
11	false	4000	0.09301	0.0	4	0.524
11	false	5000	0.0902	0.0	4	0.524
11	false	6400	0.08408	0.0	3	0.528
11	false	8000	0.08388	0.0	3	0.528
11	false	10000	0.08049	0.0	3	0.528
11	false	13500	0.08135	0.0	3	0.528
11	false	16000	0.0817	0.0	3	0.528
11	false	20000	0.08013	0.0	3	0.528
11	true	10	0.36399	0.02258	17	0.414
11	true	100	0.24212	0.01093	11	0.814
11	true	1000	0.12454	0.00077	3	0.89
11	true	2000	0.10021	0.0	3	0.89
11	true	3000	0.08737	0.0	2	0.89
11	true	4000	0.08374	0.0	2	0.89
11	true	5000	0.07932	0.0	2	0.89
11	true	6400	0.07544	0.0	2	0.89
11	true	8000	0.07302	0.0	2	0.89
11	true	10000	0.06684	0.0	2	0.89
11	true	13500	0.0656	0.0	2	0.89
11	true	16000	0.06355	0.0	2	0.89
11	true	20000	0.06186	0.0	2	0.89
12	false	10	0.38576	0.02582	24	0.73
12	false	100	0.25518	0.01172	12	0.782
12	false	1000	0.13223	0.00138	5	0.89
12	false	2000	0.09405	0.0	3	0.934
12	false	3000	0.08857	0.0	3	0.934
12	false	4000	0.08306	0.0	3	0.934
12	false	5000	0.08321	0.0	3	0.934
12	false	6400	0.08123	0.0	3	0.934
12	false	8000	0.07904	0.0	2	0.936
12	false	10000	0.07793	0.0	2	0.936
12	false	13500	0.0773	0.0	2	0.936
12	false	16000	0.07673	0.0	2	0.936
12	false	20000	0.07002	0.0	1	1.0
12	true	10	0.37072	0.02108	21	0.856
12	true	100	0.23518	0.01026	9	0.802
12	true	1000	0.13036	0.00163	5	0.74
12	true	2000	0.10801	0.0	3	0.49
12	true	3000	0.09599	0.0	3	0.49
12	true	4000	0.08768	0.0	3	0.49
12	true	5000	0.08576	0.0	3	0.49
12	true	6400	0.08264	0.0	3	0.49
12	true	8000	0.08214	0.0	3	0.49
12	true	10000	0.07953	0.0	3	0.49
12	true	13500	0.08054	0.0	3	0.49
12	true	16000	0.07613	0.0	2	0.51
12	true	20000	0.06998	0.0	2	0.51
13	false	10	0.37585	0.02648	18	0.784
13	false	100	0.2495	0.01647	12	0.312
13	false	1000	0.15005	0.0	7	0.34
13	false	2000	0.124	0.0	6	0.378
13	false	3000	0.1144	0.0	6	0.378
13	false	4000	0.11403	8.0e-5	5	0.378
13	false	5000	0.1104	0.0	5	0.378
13	false	6400	0.10576	0.0	4	0.378
13	false	8000	0.09766	0.0	2	0.708
13	false	10000	0.07789	0.0	2	0.708
13	false	13500	0.07118	0.0	2	0.708
13	false	16000	0.06859	0.0	2	0.708
13	false	20000	0.06775	0.0	2	0.708
13	true	10	0.36467	0.02852	21	0.496
13	true	100	0.23148	0.01293	10	0.616
13	true	1000	0.1246	0.0	5	0.542
13	true	2000	0.10678	0.0	4	0.542
13	true	3000	0.09723	0.0	4	0.542
13	true	4000	0.09252	0.0	4	0.542
13	true	5000	0.09125	0.0	4	0.542
13	true	6400	0.09114	0.0	4	0.542
13	true	8000	0.0915	0.0	4	0.542
13	true	10000	0.0814	0.0	3	0.678
13	true	13500	0.07867	0.0	3	0.678
13	true	16000	0.07687	0.0	3	0.678
13	true	20000	0.07678	0.0	3	0.678
14	false	10	0.36482	0.02532	17	0.382
14	false	100	0.23451	0.01292	12	0.268
14	false	1000	0.13654	0.0	7	0.424
14	false	2000	0.10855	0.0	5	0.424
14	false	3000	0.10306	0.0	5	0.424
14	false	4000	0.09291	0.0	3	0.598
14	false	5000	0.09029	6.0e-5	3	0.598
14	false	6400	0.08512	0.0	3	0.598
14	false	8000	0.08058	0.0	3	0.598
14	false	10000	0.07929	0.0	3	0.598
14	false	13500	0.07893	0.0	3	0.598
14	false	16000	0.07719	0.0	3	0.598
14	false	20000	0.07892	0.0	3	0.598
14	true	10	0.3723	0.02083	20	0.522
14	true	100	0.24197	0.00486	11	0.53
14	true	1000	0.13206	0.0	5	0.54
14	true	2000	0.11015	0.0	4	0.54
14	true	3000	0.10263	0.0	4	0.54
14	true	4000	0.09043	0.0	3	0.54
14	true	5000	0.08837	0.0	3	0.54
14	true	6400	0.08597	0.0	3	0.54
14	true	8000	0.08196	0.0	3	0.54
14	true	10000	0.08338	0.0	3	0.54
14	true	13500	0.08284	0.0	3	0.54
14	true	16000	0.06659	0.0	1	1.0
14	true	20000	0.05306	0.0	1	1.0
15	false	10	0.37559	0.02077	13	0.628
15	false	100	0.23619	0.00563	8	0.724
15	false	1000	0.12663	0.0	2	0.736
15	false	2000	0.09876	0.0	2	0.736
15	false	3000	0.0831	0.0	2	0.736
15	false	4000	0.07655	0.0	2	0.736
15	false	5000	0.07305	0.0	2	0.736
15	false	6400	0.07225	0.0	2	0.736
15	false	8000	0.06831	0.0	2	0.736
15	false	10000	0.06901	0.0	2	0.736
15	false	13500	0.05566	0.0	1	1.0
15	false	16000	0.04962	0.0	1	1.0
15	false	20000	0.04937	0.0	1	1.0
15	true	10	0.37732	0.02327	16	0.77
15	true	100	0.24238	0.01282	7	0.794
15	true	1000	0.15122	0.00295	3	0.778
15	true	2000	0.11287	0.0	2	0.8
15	true	3000	0.10103	0.0	2	0.8
15	true	4000	0.09324	0.0	2	0.8
15	true	5000	0.09245	0.0	2	0.8
15	true	6400	0.09138	0.0	2	0.8
15	true	8000	0.08758	0.0	1	1.0
15	true	10000	0.07361	0.0	1	1.0
15	true	13500	0.06623	0.0	1	1.0
15	true	16000	0.065	0.0	1	1.0
15	true	20000	0.06453	0.0	1	1.0
16	false	10	0.36967	0.0259	17	0.632
16	false	100	0.25243	0.01347	14	0.862
16	false	1000	0.13865	0.0	5	0.968
16	false	2000	0.11366	0.0	3	0.984
16	false	3000	0.10935	0.0	3	0.984
16	false	4000	0.10002	0.0	3	0.984
16	false	5000	0.09348	0.0	3	0.984
16	false	6400	0.08467	0.0	3	0.984
16	false	8000	0.07525	0.0	2	0.986
16	false	10000	0.07001	0.0	2	0.986
16	false	13500	0.0651	0.0	2	0.986
16	false	16000	0.06515	0.0	2	0.986
16	false	20000	0.05773	0.0	1	1.0
16	true	10	0.37972	0.0218	16	0.524
16	true	100	0.244	0.0104	13	0.55
16	true	1000	0.14014	0.0	5	0.62
16	true	2000	0.11212	0.0	3	0.698
16	true	3000	0.10516	0.0	3	0.698
16	true	4000	0.09846	0.0	3	0.698
16	true	5000	0.08801	0.0	3	0.698
16	true	6400	0.08537	0.0	3	0.698
16	true	8000	0.08229	0.0	3	0.698
16	true	10000	0.07826	0.0	3	0.698
16	true	13500	0.07522	0.0	3	0.698
16	true	16000	0.07676	0.0	3	0.698
16	true	20000	0.07457	0.0	3	0.698
