replicate	paper_mcs	dark_clusters	largest_dark_cluster
1	10	16.0	0.854
1	100	13.0	0.854
1	1000	3.0	0.942
1	10000	2.0	0.992
2	10	22.0	0.882
2	100	12.0	0.744
2	1000	6.0	0.748
2	10000	3.0	0.76
3	10	20.0	0.444
3	100	14.0	0.366
3	1000	5.0	0.402
3	10000	2.0	0.636
4	10	22.0	0.738
4	100	11.0	0.892
4	1000	6.0	0.948
4	10000	1.0	1.0
5	10	24.0	0.642
5	100	13.0	0.672
5	1000	6.0	0.886
5	10000	1.0	1.0
6	10	12.0	0.478
6	100	11.0	0.478
6	1000	4.0	0.55
6	10000	3.0	0.904
7	10	15.0	0.668
7	100	9.0	0.284
7	1000	5.0	0.726
7	10000	2.0	0.748
8	10	27.0	0.412
8	100	16.0	0.346
8	1000	7.0	0.35
8	10000	4.0	0.51
9	10	19.0	0.834
9	100	11.0	0.822
9	1000	3.0	0.946
9	10000	1.0	1.0
10	10	26.0	0.572
10	100	18.0	0.496
10	1000	8.0	0.504
10	10000	3.0	0.604
