lambda	seed	T_run	area_compressed_t0	area_compressed_end
1	1001	271	26.454545	50.181818
1	1002	296	24.909091	51.454545
1	1003	288	25.363636	48.909091
1	1004	331	25.181818	49.636364
1	1005	288	24.818182	48.909091
1	1006	264	25.090909	51.363636
1	1007	266	23.818182	49.272727
1	1008	283	26.454545	50.0
1	1009	277	24.363636	50.272727
1	1010	320	21.818182	48.0
1	1011	286	25.090909	51.545455
1	1012	305	26.0	49.818182
1	1013	303	24.909091	50.636364
1	1014	248	25.181818	49.454545
1	1015	317	24.0	50.909091
1	1016	301	26.0	49.545455
1	1017	295	24.545455	50.454545
1	1018	236	23.272727	50.363636
1	1019	322	23.909091	50.545455
1	1020	314	25.545455	50.090909
1	1021	282	24.909091	50.727273
1	1022	224	24.181818	49.909091
1	1023	288	25.090909	50.818182
1	1024	276	25.818182	49.454545
1	1025	278	25.181818	49.818182
1	1026	308	25.181818	50.727273
1	1027	242	26.0	48.818182
1	1028	287	26.0	49.363636
1	1029	322	23.454545	50.454545
1	1030	296	25.0	50.0
1	1031	314	25.272727	50.727273
1	1032	255	24.818182	51.545455
1	1033	354	25.0	49.090909
1	1034	304	24.272727	51.545455
1	1035	270	25.181818	49.545455
1	1036	339	24.181818	49.636364
1	1037	292	24.636364	50.272727
1	1038	255	27.0	50.454545
1	1039	263	24.636364	50.545455
1	1040	286	24.090909	51.181818
1	1041	353	25.090909	49.090909
1	1042	308	25.0	49.909091
1	1043	304	24.909091	50.272727
1	1044	375	24.727273	50.636364
1	1045	321	25.727273	50.090909
1	1046	327	25.181818	50.181818
1	1047	296	24.272727	48.818182
1	1048	310	24.909091	50.181818
1	1049	289	25.454545	51.636364
1	1050	269	24.454545	49.363636
1	1051	263	24.909091	50.181818
1	1052	210	25.545455	50.272727
1	1053	302	25.909091	50.090909
1	1054	231	26.0	49.363636
1	1055	280	22.909091	51.090909
1	1056	312	25.454545	49.909091
1	1057	263	24.090909	49.363636
1	1058	252	24.272727	50.727273
1	1059	253	26.545455	50.454545
1	1060	268	25.272727	50.272727
1	1061	244	25.636364	49.727273
1	1062	295	23.727273	50.454545
1	1063	261	26.909091	51.818182
1	1064	348	24.545455	48.727273
1	1065	300	24.545455	49.0
1	1066	257	25.363636	51.181818
1	1067	323	25.0	50.818182
1	1068	313	24.909091	51.181818
1	1069	266	24.363636	49.272727
1	1070	348	24.909091	50.454545
1	1071	280	25.636364	49.818182
1	1072	316	24.181818	49.0
1	1073	329	24.0	50.090909
1	1074	314	25.909091	49.545455
1	1075	339	25.090909	50.545455
1	1076	302	25.909091	50.181818
1	1077	347	24.818182	50.272727
1	1078	309	24.818182	49.363636
1	1079	290	25.545455	49.636364
1	1080	310	24.818182	51.454545
1	1081	348	24.181818	51.0
1	1082	257	25.090909	50.636364
1	1083	258	23.818182	50.090909
1	1084	249	25.090909	49.363636
1	1085	333	24.909091	50.090909
1	1086	270	24.636364	50.909091
1	1087	269	26.545455	48.818182
1	1088	235	26.0	48.909091
1	1089	296	25.818182	49.818182
1	1090	309	25.181818	49.454545
1	1091	246	24.909091	50.909091
1	1092	366	25.272727	49.363636
1	1093	305	24.727273	49.454545
1	1094	286	24.0	50.0
1	1095	271	25.636364	50.818182
1	1096	277	24.545455	51.636364
1	1097	336	24.454545	49.272727
1	1098	280	23.818182	50.272727
1	1099	261	25.181818	49.0
1	1100	307	24.727273	50.818182
2	2001	168	25.0	50.636364
2	2002	176	25.636364	49.636364
2	2003	141	23.818182	50.545455
2	2004	153	24.090909	49.0
2	2005	170	25.0	50.181818
2	2006	162	24.090909	49.272727
2	2007	139	23.545455	50.181818
2	2008	135	24.0	50.0
2	2009	174	24.454545	50.090909
2	2010	156	24.272727	49.181818
2	2011	152	25.636364	50.363636
2	2012	159	24.818182	50.636364
2	2013	170	24.727273	50.636364
2	2014	176	24.545455	51.181818
2	2015	152	25.090909	49.636364
2	2016	137	25.545455	50.545455
2	2017	169	24.909091	50.0
2	2018	150	26.272727	50.727273
2	2019	150	25.909091	50.181818
2	2020	145	25.0	49.454545
2	2021	182	25.0	49.545455
2	2022	168	24.363636	50.818182
2	2023	144	25.090909	48.727273
2	2024	205	25.181818	49.545455
2	2025	169	26.0	49.818182
2	2026	171	23.909091	49.818182
2	2027	151	24.727273	49.454545
2	2028	158	25.272727	50.0
2	2029	173	24.454545	48.545455
2	2030	153	27.0	49.727273
2	2031	152	25.545455	49.545455
2	2032	147	25.454545	49.909091
2	2033	150	24.727273	51.090909
2	2034	141	25.181818	50.545455
2	2035	165	25.545455	50.090909
2	2036	190	25.454545	49.909091
2	2037	138	25.454545	50.272727
2	2038	161	25.636364	50.545455
2	2039	183	24.272727	49.363636
2	2040	176	24.636364	50.727273
2	2041	163	24.363636	50.0
2	2042	168	23.909091	49.272727
2	2043	167	25.363636	50.363636
2	2044	178	25.727273	49.272727
2	2045	146	24.818182	49.363636
2	2046	133	26.0	50.545455
2	2047	161	25.363636	49.727273
2	2048	147	25.090909	50.545455
2	2049	149	25.727273	50.0
2	2050	167	24.454545	51.181818
2	2051	173	26.272727	49.454545
2	2052	164	25.181818	50.636364
2	2053	145	25.272727	49.727273
2	2054	153	25.454545	49.818182
2	2055	150	25.545455	50.0
2	2056	155	25.272727	50.818182
2	2057	168	24.727273	49.454545
2	2058	154	25.363636	50.727273
2	2059	132	25.272727	49.454545
2	2060	150	25.363636	49.454545
2	2061	138	25.0	48.909091
2	2062	145	25.272727	51.363636
2	2063	158	25.181818	50.454545
2	2064	161	24.727273	49.909091
2	2065	142	24.727273	49.090909
2	2066	130	25.181818	48.636364
2	2067	148	25.727273	50.272727
2	2068	164	24.545455	50.363636
2	2069	146	25.090909	50.090909
2	2070	162	25.181818	51.090909
2	2071	148	25.727273	50.090909
2	2072	143	24.363636	49.181818
2	2073	153	25.090909	49.818182
2	2074	133	25.0	48.0
2	2075	155	25.545455	52.545455
2	2076	155	25.454545	50.363636
2	2077	145	25.454545	49.818182
2	2078	154	25.727273	50.454545
2	2079	171	24.727273	49.727273
2	2080	157	25.090909	49.272727
2	2081	162	24.363636	49.454545
2	2082	134	25.727273	51.090909
2	2083	169	25.090909	50.363636
2	2084	150	24.545455	50.818182
2	2085	151	26.272727	50.636364
2	2086	150	25.272727	49.727273
2	2087	161	24.636364	50.363636
2	2088	150	25.909091	50.181818
2	2089	145	24.0	51.0
2	2090	143	25.181818	49.909091
2	2091	141	25.363636	50.727273
2	2092	171	25.545455	50.363636
2	2093	157	24.363636	50.181818
2	2094	174	24.181818	51.272727
2	2095	156	25.818182	50.181818
2	2096	148	25.727273	49.636364
2	2097	148	24.727273	51.272727
2	2098	155	25.090909	50.727273
2	2099	159	25.545455	49.454545
2	2100	143	24.636364	50.090909
3	3001	112	24.454545	50.090909
3	3002	126	25.363636	51.090909
3	3003	110	23.727273	50.272727
3	3004	112	24.909091	50.454545
3	3005	109	25.818182	49.636364
3	3006	127	25.636364	49.545455
3	3007	102	25.0	50.090909
3	3008	128	24.545455	49.454545
3	3009	114	24.909091	50.272727
3	3010	106	24.636364	50.545455
3	3011	96	25.090909	51.0
3	3012	113	25.0	50.363636
3	3013	115	24.545455	50.090909
3	3014	105	24.545455	50.363636
3	3015	128	24.363636	51.0
3	3016	116	25.636364	49.636364
3	3017	109	24.636364	50.636364
3	3018	127	25.636364	49.636364
3	3019	110	24.818182	49.727273
3	3020	121	24.818182	49.363636
3	3021	108	24.909091	50.0
3	3022	131	25.090909	50.181818
3	3023	107	25.909091	50.181818
3	3024	105	24.454545	50.454545
3	3025	114	25.0	49.636364
3	3026	109	25.545455	50.272727
3	3027	119	24.545455	50.727273
3	3028	114	25.272727	50.090909
3	3029	112	24.272727	49.545455
3	3030	117	25.363636	50.0
3	3031	113	24.818182	50.0
3	3032	116	25.090909	49.181818
3	3033	105	25.363636	50.181818
3	3034	134	24.727273	51.0
3	3035	113	24.181818	50.363636
3	3036	115	25.272727	49.636364
3	3037	96	26.090909	49.727273
3	3038	120	24.727273	50.363636
3	3039	107	24.545455	49.909091
3	3040	116	24.363636	49.181818
3	3041	102	24.727273	49.818182
3	3042	116	24.454545	50.545455
3	3043	113	25.454545	49.545455
3	3044	113	24.818182	49.181818
3	3045	117	25.0	50.363636
3	3046	117	24.181818	48.818182
3	3047	114	24.818182	50.545455
3	3048	101	25.363636	51.0
3	3049	110	24.363636	49.909091
3	3050	101	24.454545	50.636364
3	3051	104	24.818182	49.636364
3	3052	109	25.181818	49.727273
3	3053	106	25.272727	51.090909
3	3054	93	24.818182	50.0
3	3055	105	25.818182	49.727273
3	3056	113	25.363636	49.545455
3	3057	108	24.818182	50.090909
3	3058	102	25.363636	49.090909
3	3059	113	25.454545	49.909091
3	3060	107	25.181818	49.090909
3	3061	116	24.363636	50.727273
3	3062	126	25.090909	50.545455
3	3063	116	24.545455	50.090909
3	3064	113	24.454545	49.909091
3	3065	113	24.090909	49.090909
3	3066	116	25.363636	50.0
3	3067	105	25.727273	48.818182
3	3068	117	24.636364	50.272727
3	3069	103	24.363636	49.363636
3	3070	109	25.454545	49.545455
3	3071	103	25.090909	49.909091
3	3072	100	25.363636	49.454545
3	3073	99	24.363636	51.181818
3	3074	105	25.363636	50.636364
3	3075	103	24.727273	51.090909
3	3076	116	24.0	50.545455
3	3077	90	24.636364	50.181818
3	3078	108	24.636364	49.909091
3	3079	116	24.636364	48.909091
3	3080	116	24.727273	49.272727
3	3081	115	24.454545	49.727273
3	3082	129	24.454545	49.454545
3	3083	100	24.272727	50.181818
3	3084	93	25.090909	50.909091
3	3085	110	24.818182	50.363636
3	3086	113	25.545455	50.181818
3	3087	119	26.272727	49.545455
3	3088	101	24.090909	49.272727
3	3089	98	25.272727	50.272727
3	3090	108	24.909091	49.727273
3	3091	117	25.636364	49.818182
3	3092	110	24.818182	51.454545
3	3093	111	24.636364	50.636364
3	3094	117	25.363636	50.090909
3	3095	119	24.727273	50.454545
3	3096	111	24.454545	50.181818
3	3097	109	25.818182	49.727273
3	3098	121	24.545455	49.454545
3	3099	96	25.363636	51.090909
3	3100	110	24.818182	50.0
5	5001	73	25.0	49.909091
5	5002	68	24.909091	50.454545
5	5003	79	24.909091	49.0
5	5004	84	25.090909	50.090909
5	5005	81	24.909091	50.090909
5	5006	71	25.454545	49.545455
5	5007	82	25.090909	50.181818
5	5008	81	24.909091	50.0
5	5009	84	24.909091	49.363636
5	5010	78	25.181818	50.181818
5	5011	74	24.818182	49.818182
5	5012	82	25.0	49.454545
5	5013	75	25.181818	50.727273
5	5014	78	25.090909	49.909091
5	5015	75	25.090909	50.363636
5	5016	76	25.090909	50.545455
5	5017	76	24.727273	51.0
5	5018	83	25.272727	50.181818
5	5019	76	24.545455	49.818182
5	5020	78	25.363636	49.181818
5	5021	74	25.545455	49.454545
5	5022	74	25.909091	50.0
5	5023	79	25.0	49.818182
5	5024	73	24.454545	50.090909
5	5025	74	25.0	50.545455
5	5026	72	25.0	49.636364
5	5027	73	25.272727	49.545455
5	5028	78	24.727273	50.545455
5	5029	76	25.363636	50.0
5	5030	76	24.909091	49.909091
5	5031	84	24.727273	50.0
5	5032	65	24.727273	50.545455
5	5033	76	24.272727	50.181818
5	5034	77	24.818182	51.181818
5	5035	74	24.0	49.090909
5	5036	70	25.0	50.818182
5	5037	75	25.181818	50.272727
5	5038	80	24.454545	50.272727
5	5039	100	25.454545	50.0
5	5040	78	25.272727	50.0
5	5041	72	24.545455	49.090909
5	5042	67	25.090909	51.0
5	5043	84	24.454545	49.727273
5	5044	73	25.272727	49.636364
5	5045	76	25.272727	50.272727
5	5046	78	25.636364	50.545455
5	5047	75	25.181818	49.909091
5	5048	78	24.636364	50.090909
5	5049	77	25.090909	49.818182
5	5050	87	24.363636	49.909091
5	5051	76	24.818182	50.363636
5	5052	69	24.636364	49.545455
5	5053	80	24.636364	50.0
5	5054	75	24.636364	50.0
5	5055	80	24.636364	50.272727
5	5056	71	25.272727	50.454545
5	5057	78	24.454545	49.636364
5	5058	72	25.363636	50.454545
5	5059	73	24.818182	49.818182
5	5060	76	24.181818	50.0
5	5061	69	25.090909	50.272727
5	5062	73	25.181818	49.454545
5	5063	87	25.272727	50.363636
5	5064	85	24.454545	49.636364
5	5065	70	25.636364	50.818182
5	5066	76	24.909091	50.0
5	5067	80	25.090909	50.0
5	5068	75	25.090909	50.545455
5	5069	73	25.0	49.727273
5	5070	74	25.090909	49.636364
5	5071	79	25.454545	50.272727
5	5072	80	25.272727	50.363636
5	5073	75	24.818182	49.909091
5	5074	79	25.090909	50.0
5	5075	77	25.363636	50.181818
5	5076	83	25.363636	50.0
5	5077	83	24.727273	49.727273
5	5078	81	25.727273	50.727273
5	5079	73	25.363636	49.727273
5	5080	73	25.454545	50.272727
5	5081	81	24.454545	50.0
5	5082	80	25.363636	49.727273
5	5083	82	24.636364	50.090909
5	5084	70	24.909091	50.363636
5	5085	79	25.090909	49.727273
5	5086	73	25.090909	50.363636
5	5087	77	25.090909	51.090909
5	5088	79	25.363636	50.545455
5	5089	73	25.0	50.818182
5	5090	82	24.545455	50.636364
5	5091	72	24.636364	50.636364
5	5092	78	25.272727	49.909091
5	5093	77	24.727273	49.636364
5	5094	79	24.454545	50.363636
5	5095	77	25.090909	50.272727
5	5096	75	24.909091	49.818182
5	5097	76	24.818182	50.0
5	5098	78	25.090909	50.454545
5	5099	76	25.181818	50.545455
5	5100	78	24.272727	50.0
