t_over_T	w
0.0	5.0
0.1	6.0788517978
0.2	6.6946191509
0.3	7.1700662266
0.4	7.5653755623
0.5	7.9021513492
0.6	8.1914031087
0.7	8.4405069152
0.8	8.6552255776
0.9	8.8403594059
1.0	9.0
1.1	9.1376621462
1.2	9.2563729422
1.3	9.358741685
1.4	9.4470181644
1.5	9.5231423743
1.6	9.5887872218
1.7	9.6453953125
1.8	9.6942106588
1.9	9.7363060205
2.0	9.7726064795
2.1	9.8039097697
2.2	9.8309038079
2.3	9.8541818114
2.4	9.8742553345
2.5	9.89156551
2.6	9.9064927441
2.7	9.9193650755
2.8	9.930465385
2.9	9.9400376112
3.0	9.9482921123
3.1	9.9554102879
3.2	9.9615485662
3.3	9.966841841
3.4	9.9714064366
3.5	9.975342664
3.6	9.9787370252
3.7	9.9816641142
3.8	9.9841882563
3.9	9.9863649217
4.0	9.9882419444
4.1	9.9898605738
4.2	9.9912563805
4.3	9.9924600386
4.4	9.9934979996
4.5	9.9943930735
4.6	9.9951649303
4.7	9.9958305324
4.8	9.9964045068
4.9	9.9968994671
5.0	9.9973262905
