t_mcs	t_over_T	w21_mean	w21_sd	inner_w11_mean	inner_w11_sd
-100	-0.641026	14.5	0.0	5.0	0.0
-99	-0.634615	14.50047	0.019543	5.000376	0.014989
-98	-0.628205	14.500091	0.029032	4.997236	0.02017
-97	-0.621795	14.500624	0.037847	4.997234	0.025124
-96	-0.615385	14.499557	0.042161	4.998601	0.029406
-95	-0.608974	14.498804	0.043549	4.998	0.03277
-94	-0.602564	14.50246	0.04663	4.997519	0.035968
-93	-0.596154	14.503215	0.050604	5.000349	0.035207
-92	-0.589744	14.502993	0.053114	5.001572	0.039277
-91	-0.583333	14.500424	0.056314	5.003837	0.042257
-90	-0.576923	14.506034	0.06035	5.00249	0.047735
-89	-0.570513	14.507525	0.06831	5.004515	0.049246
-88	-0.564103	14.50704	0.072527	5.00329	0.050967
-87	-0.557692	14.507245	0.068431	5.006445	0.049751
-86	-0.551282	14.502814	0.072094	5.009908	0.051512
-85	-0.544872	14.50015	0.072036	5.008281	0.052721
-84	-0.538462	14.502807	0.075292	5.006692	0.051969
-83	-0.532051	14.505893	0.080206	5.004391	0.057043
-82	-0.525641	14.504531	0.081904	5.001846	0.058083
-81	-0.519231	14.506098	0.083491	5.001927	0.058503
-80	-0.512821	14.5087	0.082314	4.99857	0.054515
-79	-0.50641	14.50996	0.089395	5.003619	0.058465
-78	-0.5	14.508225	0.089527	5.000891	0.061632
-77	-0.49359	14.508101	0.08847	4.998707	0.061962
-76	-0.487179	14.507131	0.086792	5.000652	0.060518
-75	-0.480769	14.50736	0.089482	5.002791	0.062185
-74	-0.474359	14.507396	0.090633	5.003923	0.063374
-73	-0.467949	14.506583	0.093967	5.002555	0.065847
-72	-0.461538	14.508297	0.093184	5.002141	0.068219
-71	-0.455128	14.509453	0.088614	5.003127	0.070391
-70	-0.448718	14.508504	0.088608	5.000703	0.068239
-69	-0.442308	14.504219	0.090241	4.999861	0.065718
-68	-0.435897	14.501341	0.092644	4.99786	0.065259
-67	-0.429487	14.503309	0.096241	5.001106	0.068339
-66	-0.423077	14.506899	0.096199	5.001939	0.069856
-65	-0.416667	14.508542	0.096129	5.000435	0.072096
-64	-0.410256	14.505954	0.097036	5.002643	0.074629
-63	-0.403846	14.508844	0.097269	5.000624	0.073175
-62	-0.397436	14.50498	0.098013	5.006089	0.075388
-61	-0.391026	14.50127	0.097328	5.005578	0.07363
-60	-0.384615	14.506461	0.096808	5.004307	0.074353
-59	-0.378205	14.50478	0.097716	5.006404	0.075001
-58	-0.371795	14.507138	0.098624	5.006273	0.072559
-57	-0.365385	14.506111	0.099756	5.005104	0.072991
-56	-0.358974	14.507158	0.095246	5.002653	0.071853
-55	-0.352564	14.505036	0.097184	5.000947	0.075347
-54	-0.346154	14.505394	0.100731	5.002005	0.073342
-53	-0.339744	14.500888	0.103965	5.000837	0.074181
-52	-0.333333	14.499689	0.108981	5.00045	0.074412
-51	-0.326923	14.501714	0.108484	4.996845	0.07535
-50	-0.320513	14.498103	0.10799	5.00136	0.078869
-49	-0.314103	14.499077	0.110157	5.000715	0.078967
-48	-0.307692	14.500136	0.112946	5.000726	0.07788
-47	-0.301282	14.501081	0.116465	5.001613	0.079783
-46	-0.294872	14.501947	0.117807	4.99876	0.081715
-45	-0.288462	14.501718	0.117779	4.996055	0.083672
-44	-0.282051	14.501129	0.1196	4.995355	0.08411
-43	-0.275641	14.501208	0.118702	4.997382	0.082349
-42	-0.269231	14.499659	0.1202	5.000263	0.083192
-41	-0.262821	14.496368	0.123752	5.002202	0.082792
-40	-0.25641	14.49984	0.117166	5.003233	0.084036
-39	-0.25	14.503698	0.11519	5.000811	0.083353
-38	-0.24359	14.50192	0.120751	4.998115	0.086063
-37	-0.237179	14.503727	0.120527	4.999733	0.085674
-36	-0.230769	14.50326	0.121858	5.002914	0.087346
-35	-0.224359	14.50294	0.1211	5.00485	0.087333
-34	-0.217949	14.502543	0.120428	5.006125	0.085625
-33	-0.211538	14.500418	0.119568	5.0079	0.087815
-32	-0.205128	14.500401	0.123743	5.00597	0.090319
-31	-0.198718	14.499552	0.123305	5.003918	0.087565
-30	-0.192308	14.502688	0.121814	5.007871	0.086042
-29	-0.185897	14.504115	0.120879	5.013076	0.085354
-28	-0.179487	14.507597	0.122864	5.012859	0.08643
-27	-0.173077	14.508248	0.122564	5.013562	0.092299
-26	-0.166667	14.5058	0.123391	5.013821	0.089273
-25	-0.160256	14.504009	0.121504	5.01271	0.088439
-24	-0.153846	14.505153	0.124171	5.012031	0.090678
-23	-0.147436	14.501016	0.124035	5.011151	0.089789
-22	-0.141026	14.496533	0.126192	5.011647	0.089821
-21	-0.134615	14.495677	0.126394	5.008763	0.092454
-20	-0.128205	14.493365	0.13156	5.006342	0.093869
-19	-0.121795	14.495423	0.127199	5.003638	0.096007
-18	-0.115385	14.497957	0.128351	5.001546	0.09573
-17	-0.108974	14.495749	0.128833	5.006243	0.090042
-16	-0.102564	14.495033	0.131756	5.007469	0.093896
-15	-0.096154	14.494759	0.130376	5.008538	0.094099
-14	-0.089744	14.495561	0.128652	5.005315	0.093984
-13	-0.083333	14.49682	0.125158	5.003516	0.091242
-12	-0.076923	14.496518	0.123097	5.006844	0.091939
-11	-0.070513	14.497194	0.117362	5.00367	0.098801
-10	-0.064103	14.495875	0.117716	5.003688	0.09696
-9	-0.057692	14.500138	0.120901	5.002867	0.094688
-8	-0.051282	14.50646	0.122729	5.001919	0.092781
-7	-0.044872	14.503902	0.123874	5.002656	0.091371
-6	-0.038462	14.504158	0.126897	5.004905	0.089989
-5	-0.032051	14.503544	0.125617	5.006045	0.087408
-4	-0.025641	14.502964	0.128268	5.006943	0.088259
-3	-0.019231	14.502577	0.127375	5.00715	0.088433
-2	-0.012821	14.505446	0.123426	5.004453	0.091283
-1	-0.00641	14.502062	0.127438	5.003638	0.091451
0	0.0	14.501347	0.123937	5.007592	0.094177
1	0.00641	14.500258	0.121856	5.050488	0.096842
2	0.012821	14.499682	0.118997	5.092892	0.099556
3	0.019231	14.498176	0.125155	5.132067	0.100994
4	0.025641	14.494911	0.127165	5.173121	0.104993
5	0.032051	14.493632	0.129397	5.212834	0.106783
6	0.038462	14.491271	0.130971	5.253382	0.103327
7	0.044872	14.490438	0.134128	5.288959	0.101219
8	0.051282	14.492565	0.130504	5.321516	0.10213
9	0.057692	14.492447	0.132659	5.351766	0.098986
10	0.064103	14.492616	0.131857	5.383621	0.09821
11	0.070513	14.49271	0.130834	5.409735	0.097999
12	0.076923	14.496154	0.131611	5.436502	0.095742
13	0.083333	14.497961	0.131229	5.465866	0.097443
14	0.089744	14.499026	0.130506	5.49484	0.094744
15	0.096154	14.500378	0.128581	5.516341	0.097483
16	0.102564	14.503236	0.134319	5.540025	0.098317
17	0.108974	14.504644	0.132477	5.56593	0.096798
18	0.115385	14.506231	0.132379	5.589605	0.097798
19	0.121795	14.509091	0.133644	5.61474	0.097016
20	0.128205	14.511047	0.135627	5.63556	0.099021
21	0.134615	14.515548	0.131648	5.656894	0.097118
22	0.141026	14.518647	0.135044	5.675225	0.097685
23	0.147436	14.527053	0.134248	5.699249	0.097441
24	0.153846	14.532807	0.135896	5.721405	0.095286
25	0.160256	14.536777	0.133916	5.745237	0.092763
26	0.166667	14.544232	0.13542	5.763019	0.092645
27	0.173077	14.552766	0.138004	5.780936	0.092761
28	0.179487	14.557177	0.138206	5.803152	0.094953
29	0.185897	14.563756	0.13731	5.818671	0.096064
30	0.192308	14.57187	0.138238	5.836167	0.100773
31	0.198718	14.577974	0.135314	5.854758	0.102555
32	0.205128	14.588998	0.139731	5.871258	0.102121
33	0.211538	14.594482	0.14354	5.889832	0.106803
34	0.217949	14.59952	0.145187	5.906387	0.103112
35	0.224359	14.608316	0.146059	5.923022	0.10439
36	0.230769	14.618578	0.147747	5.938181	0.103398
37	0.237179	14.628631	0.150743	5.95399	0.101068
38	0.24359	14.636339	0.151778	5.967397	0.101021
39	0.25	14.646059	0.152767	5.983528	0.097582
40	0.25641	14.652739	0.157673	6.000337	0.099865
41	0.262821	14.658774	0.154201	6.01436	0.101832
42	0.269231	14.668559	0.150176	6.030499	0.104908
43	0.275641	14.676217	0.151614	6.046443	0.106695
44	0.282051	14.686755	0.152076	6.060975	0.105374
45	0.288462	14.698199	0.150144	6.077393	0.101835
46	0.294872	14.706192	0.14999	6.095854	0.101886
47	0.301282	14.717261	0.1543	6.110362	0.108633
48	0.307692	14.731345	0.154175	6.125532	0.107354
49	0.314103	14.735598	0.150477	6.140834	0.109213
50	0.320513	14.748822	0.15474	6.152998	0.110502
51	0.326923	14.751295	0.152559	6.168036	0.110349
52	0.333333	14.75881	0.156741	6.17994	0.111738
53	0.339744	14.769026	0.15292	6.194021	0.111447
54	0.346154	14.780371	0.155518	6.209165	0.117711
55	0.352564	14.792764	0.156692	6.223595	0.118609
56	0.358974	14.807658	0.157686	6.236287	0.118022
57	0.365385	14.821312	0.157307	6.248417	0.117853
58	0.371795	14.837845	0.155725	6.261826	0.117848
59	0.378205	14.848199	0.156771	6.274532	0.114615
60	0.384615	14.862977	0.15564	6.287122	0.113418
61	0.391026	14.874709	0.153193	6.30029	0.111327
62	0.397436	14.8854	0.154859	6.313287	0.112285
63	0.403846	14.898289	0.154173	6.324522	0.113619
64	0.410256	14.913557	0.153622	6.340676	0.110796
65	0.416667	14.923174	0.154633	6.351805	0.111357
66	0.423077	14.937507	0.15638	6.365396	0.109047
67	0.429487	14.950413	0.155955	6.377507	0.112149
68	0.435897	14.958979	0.160652	6.390567	0.113703
69	0.442308	14.969738	0.163125	6.404353	0.111803
70	0.448718	14.979009	0.162246	6.412595	0.112571
71	0.455128	14.987397	0.163848	6.422443	0.107239
72	0.461538	15.002083	0.161523	6.437908	0.105161
73	0.467949	15.013853	0.162263	6.450743	0.102434
74	0.474359	15.024937	0.158838	6.464595	0.102215
75	0.480769	15.035952	0.156283	6.476854	0.105408
76	0.487179	15.048639	0.161029	6.491108	0.104429
77	0.49359	15.056945	0.161121	6.501811	0.103282
78	0.5	15.066812	0.15704	6.511604	0.104761
79	0.50641	15.081371	0.154657	6.527588	0.108339
80	0.512821	15.09261	0.158032	6.540507	0.109673
81	0.519231	15.10525	0.157062	6.548942	0.107736
82	0.525641	15.113882	0.158809	6.562145	0.102833
83	0.532051	15.123284	0.161126	6.569223	0.104581
84	0.538462	15.132761	0.163692	6.57538	0.104262
85	0.544872	15.14585	0.159997	6.584872	0.106027
86	0.551282	15.161153	0.159771	6.596343	0.109729
87	0.557692	15.172304	0.156398	6.608153	0.109866
88	0.564103	15.178995	0.153828	6.618339	0.108298
89	0.570513	15.196234	0.15211	6.627213	0.10859
90	0.576923	15.208643	0.147929	6.636692	0.105997
91	0.583333	15.219916	0.14929	6.64685	0.106492
92	0.589744	15.22942	0.141897	6.657773	0.108365
93	0.596154	15.242647	0.142497	6.669675	0.113078
94	0.602564	15.252909	0.142515	6.680479	0.113689
95	0.608974	15.263967	0.142578	6.693259	0.112035
96	0.615385	15.276876	0.141807	6.706646	0.113395
97	0.621795	15.29022	0.137487	6.712767	0.111331
98	0.628205	15.296627	0.138182	6.722874	0.109768
99	0.634615	15.313623	0.141933	6.738102	0.109945
100	0.641026	15.325771	0.142439	6.749998	0.107476
101	0.647436	15.337075	0.142726	6.759146	0.107637
102	0.653846	15.350149	0.143679	6.770964	0.108781
103	0.660256	15.35896	0.145607	6.778759	0.108588
104	0.666667	15.3717	0.147787	6.786028	0.112429
105	0.673077	15.385388	0.14827	6.792907	0.112371
106	0.679487	15.401715	0.150719	6.80388	0.113442
107	0.685897	15.411089	0.150313	6.809792	0.11118
108	0.692308	15.421452	0.150545	6.817578	0.111207
109	0.698718	15.438068	0.150557	6.829912	0.110657
110	0.705128	15.45117	0.153656	6.839725	0.110213
111	0.711538	15.461811	0.153074	6.85011	0.109905
112	0.717949	15.471835	0.154355	6.863405	0.109399
113	0.724359	15.483881	0.152619	6.873583	0.108628
114	0.730769	15.49496	0.156804	6.880649	0.111668
115	0.737179	15.505118	0.15656	6.88952	0.111454
116	0.74359	15.513697	0.155816	6.900004	0.108703
117	0.75	15.525369	0.155375	6.90904	0.109159
118	0.75641	15.537521	0.155639	6.915021	0.107753
119	0.762821	15.54881	0.152583	6.922174	0.112778
120	0.769231	15.560819	0.153105	6.934209	0.11201
121	0.775641	15.572467	0.152019	6.943333	0.115436
122	0.782051	15.58039	0.151774	6.954834	0.114993
123	0.788462	15.594133	0.15511	6.963471	0.116207
124	0.794872	15.604928	0.1583	6.9711	0.11585
125	0.801282	15.617405	0.154923	6.981718	0.114782
126	0.807692	15.627995	0.154527	6.990461	0.111892
127	0.814103	15.640898	0.150083	7.000536	0.110476
128	0.820513	15.652364	0.144716	7.00805	0.109602
129	0.826923	15.666046	0.148302	7.019817	0.108611
130	0.833333	15.672468	0.149006	7.026962	0.10889
131	0.839744	15.685544	0.148409	7.037541	0.104946
132	0.846154	15.702747	0.148019	7.043674	0.106503
133	0.852564	15.714698	0.150864	7.051619	0.108355
134	0.858974	15.727713	0.149848	7.059778	0.109542
135	0.865385	15.737704	0.150046	7.073014	0.106119
136	0.871795	15.747981	0.149437	7.084264	0.102871
137	0.878205	15.756654	0.148365	7.090586	0.100496
138	0.884615	15.770438	0.147327	7.098656	0.100941
139	0.891026	15.776525	0.142734	7.109306	0.100863
140	0.897436	15.787601	0.141206	7.1161	0.099176
141	0.903846	15.803653	0.144354	7.120844	0.102301
142	0.910256	15.814693	0.143996	7.134577	0.105227
143	0.916667	15.823887	0.145927	7.144138	0.102074
144	0.923077	15.831137	0.14695	7.150804	0.103369
145	0.929487	15.838744	0.149003	7.157453	0.100669
146	0.935897	15.850195	0.145821	7.163694	0.104929
147	0.942308	15.862133	0.145291	7.172881	0.106309
148	0.948718	15.876061	0.140362	7.182019	0.106564
149	0.955128	15.886514	0.140574	7.189424	0.105367
150	0.961538	15.896539	0.142327	7.194525	0.106577
151	0.967949	15.908857	0.148217	7.20601	0.103043
152	0.974359	15.914214	0.146076	7.212069	0.107441
153	0.980769	15.927421	0.147049	7.219302	0.105687
154	0.987179	15.943695	0.139815	7.226413	0.102263
155	0.99359	15.949922	0.143942	7.235663	0.102693
156	1.0	15.959332	0.142508	7.240815	0.100191
157	1.00641	15.968322	0.144227	7.2506	0.100901
158	1.012821	15.980898	0.145522	7.259965	0.107851
159	1.019231	15.994272	0.141751	7.270529	0.105562
160	1.025641	16.00109	0.144372	7.277152	0.105255
161	1.032051	16.013985	0.146855	7.283911	0.104262
162	1.038462	16.020597	0.15111	7.290282	0.104281
163	1.044872	16.028999	0.148427	7.297908	0.103099
164	1.051282	16.042109	0.147305	7.30259	0.105508
165	1.057692	16.051962	0.146297	7.311518	0.102527
166	1.064103	16.064976	0.142402	7.315209	0.101094
167	1.070513	16.079024	0.144169	7.324557	0.101521
168	1.076923	16.092411	0.140258	7.332457	0.10073
169	1.083333	16.106352	0.138806	7.342493	0.099642
170	1.089744	16.117595	0.138843	7.35182	0.100599
171	1.096154	16.128014	0.137442	7.36022	0.100323
172	1.102564	16.138523	0.135915	7.36601	0.101341
173	1.108974	16.154995	0.13535	7.371751	0.104261
174	1.115385	16.166128	0.138675	7.37972	0.104017
175	1.121795	16.181886	0.138674	7.386754	0.105083
176	1.128205	16.187864	0.140101	7.39627	0.106602
177	1.134615	16.203657	0.138738	7.40582	0.105533
178	1.141026	16.214181	0.134726	7.414253	0.108942
179	1.147436	16.220659	0.135539	7.418602	0.108663
180	1.153846	16.230876	0.135245	7.424074	0.109572
181	1.160256	16.24498	0.135208	7.432182	0.114722
182	1.166667	16.252908	0.139113	7.441477	0.114376
183	1.173077	16.265122	0.141897	7.452032	0.115264
184	1.179487	16.27233	0.146082	7.460473	0.11759
185	1.185897	16.280165	0.146301	7.467806	0.116755
186	1.192308	16.292404	0.147327	7.473373	0.116858
187	1.198718	16.30411	0.147589	7.480452	0.114528
188	1.205128	16.311278	0.146012	7.485732	0.117899
189	1.211538	16.319867	0.148665	7.491566	0.12207
190	1.217949	16.333154	0.148176	7.501714	0.119173
191	1.224359	16.336266	0.147254	7.511225	0.11782
192	1.230769	16.34602	0.145505	7.518729	0.118311
193	1.237179	16.35603	0.148407	7.527663	0.117339
194	1.24359	16.366396	0.148354	7.530088	0.118298
195	1.25	16.38033	0.150545	7.537042	0.118153
196	1.25641	16.386447	0.149011	7.544391	0.118933
197	1.262821	16.396086	0.149225	7.55189	0.115659
198	1.269231	16.407131	0.152233	7.558477	0.118771
199	1.275641	16.411789	0.153838	7.566814	0.116649
200	1.282051	16.425562	0.154192	7.575065	0.116309
201	1.288462	16.435836	0.154968	7.580923	0.115683
202	1.294872	16.444117	0.154128	7.586064	0.113304
203	1.301282	16.453586	0.157128	7.591436	0.112712
204	1.307692	16.462766	0.154878	7.598092	0.110794
205	1.314103	16.473102	0.152931	7.601221	0.113017
206	1.320513	16.487015	0.154297	7.61152	0.113952
207	1.326923	16.501588	0.153395	7.618597	0.117134
208	1.333333	16.506216	0.152268	7.624413	0.116799
209	1.339744	16.519748	0.152313	7.62861	0.116572
210	1.346154	16.53062	0.155179	7.634611	0.118971
211	1.352564	16.54038	0.159968	7.644416	0.118246
212	1.358974	16.545843	0.160055	7.649304	0.117001
213	1.365385	16.557469	0.157938	7.654171	0.114796
214	1.371795	16.569171	0.155495	7.657016	0.114609
215	1.378205	16.585411	0.158526	7.664865	0.117607
216	1.384615	16.594433	0.158523	7.673907	0.115795
217	1.391026	16.602264	0.158756	7.681278	0.117439
218	1.397436	16.607139	0.159702	7.694897	0.117921
219	1.403846	16.618401	0.158451	7.701473	0.117976
220	1.410256	16.624314	0.160981	7.706908	0.120071
221	1.416667	16.630722	0.158491	7.710641	0.121532
222	1.423077	16.639625	0.15844	7.716213	0.121233
223	1.429487	16.647035	0.156943	7.723457	0.124188
224	1.435897	16.657249	0.15334	7.725939	0.124085
225	1.442308	16.668419	0.156964	7.734673	0.122296
226	1.448718	16.673153	0.154928	7.739775	0.123991
227	1.455128	16.677975	0.160408	7.745588	0.124153
228	1.461538	16.689415	0.16044	7.754831	0.124716
229	1.467949	16.702041	0.160608	7.75898	0.123049
230	1.474359	16.715312	0.168202	7.764062	0.123204
231	1.480769	16.724603	0.16521	7.769906	0.125976
232	1.487179	16.729669	0.168836	7.774375	0.123889
233	1.49359	16.74049	0.169271	7.780721	0.125191
234	1.5	16.748803	0.168799	7.787787	0.125343
235	1.50641	16.759222	0.170481	7.794977	0.123098
236	1.512821	16.768923	0.171344	7.804537	0.122791
237	1.519231	16.774184	0.167406	7.810549	0.124123
238	1.525641	16.784784	0.166433	7.814316	0.127682
239	1.532051	16.79523	0.163986	7.819702	0.125719
240	1.538462	16.802419	0.166169	7.826023	0.12864
241	1.544872	16.814312	0.165538	7.832981	0.12778
242	1.551282	16.823226	0.16138	7.836446	0.126916
243	1.557692	16.827848	0.160698	7.841653	0.121672
244	1.564103	16.833956	0.166676	7.851029	0.119096
245	1.570513	16.842199	0.167799	7.854198	0.117257
246	1.576923	16.855414	0.165985	7.858991	0.114826
247	1.583333	16.863421	0.168281	7.86571	0.118585
248	1.589744	16.873593	0.171147	7.871874	0.123829
249	1.596154	16.877202	0.171752	7.876603	0.123781
250	1.602564	16.884129	0.170288	7.879289	0.125279
251	1.608974	16.898708	0.17208	7.882952	0.125575
252	1.615385	16.911487	0.175245	7.890021	0.122543
253	1.621795	16.920408	0.178056	7.895344	0.121631
254	1.628205	16.926702	0.173973	7.903727	0.120733
255	1.634615	16.935371	0.173702	7.909687	0.120608
256	1.641026	16.942643	0.17526	7.913556	0.119854
257	1.647436	16.950105	0.175489	7.919401	0.116717
258	1.653846	16.95764	0.17661	7.918733	0.118155
259	1.660256	16.967168	0.177647	7.923735	0.11796
260	1.666667	16.974877	0.179294	7.933164	0.114061
261	1.673077	16.982602	0.180198	7.938174	0.120617
262	1.679487	16.994591	0.173641	7.948909	0.120012
263	1.685897	17.003112	0.171195	7.954517	0.11614
264	1.692308	17.011905	0.168445	7.960223	0.117414
265	1.698718	17.020038	0.165692	7.964758	0.11726
266	1.705128	17.030156	0.165295	7.97137	0.12097
267	1.711538	17.033751	0.162638	7.978601	0.121224
268	1.717949	17.041401	0.162415	7.98423	0.123718
269	1.724359	17.053713	0.162795	7.98969	0.121292
270	1.730769	17.062554	0.164358	7.989255	0.118065
271	1.737179	17.068088	0.16872	7.997033	0.120535
272	1.74359	17.074386	0.16806	8.004148	0.120397
273	1.75	17.080195	0.16581	8.012538	0.122198
274	1.75641	17.088873	0.167004	8.019362	0.118001
275	1.762821	17.09346	0.166537	8.021042	0.11957
276	1.769231	17.100232	0.170092	8.024226	0.119112
277	1.775641	17.107429	0.172157	8.032104	0.118637
278	1.782051	17.117844	0.172236	8.037136	0.12098
279	1.788462	17.126182	0.17453	8.045569	0.120152
280	1.794872	17.133737	0.179538	8.049419	0.118028
281	1.801282	17.13751	0.18092	8.055973	0.118345
282	1.807692	17.150901	0.177886	8.059365	0.117893
283	1.814103	17.154869	0.181822	8.064491	0.121791
284	1.820513	17.161839	0.180835	8.07148	0.122909
285	1.826923	17.169662	0.178228	8.076764	0.119406
286	1.833333	17.174236	0.176957	8.078233	0.120067
287	1.839744	17.186772	0.179379	8.085813	0.12028
288	1.846154	17.194597	0.181907	8.091147	0.119603
289	1.852564	17.202308	0.181306	8.097203	0.118602
290	1.858974	17.212649	0.181816	8.102445	0.117555
291	1.865385	17.226852	0.180732	8.10348	0.114386
292	1.871795	17.233494	0.179434	8.109222	0.114738
293	1.878205	17.244968	0.177152	8.116473	0.118326
294	1.884615	17.254944	0.179556	8.120989	0.120354
295	1.891026	17.260647	0.173979	8.126894	0.121766
296	1.897436	17.270645	0.176125	8.131743	0.123982
297	1.903846	17.278075	0.179173	8.139682	0.1238
298	1.910256	17.285511	0.179851	8.146486	0.123023
299	1.916667	17.297765	0.175269	8.149475	0.121781
300	1.923077	17.305899	0.171666	8.150742	0.122482
301	1.929487	17.310938	0.172802	8.157285	0.122913
302	1.935897	17.318826	0.174596	8.162217	0.122141
303	1.942308	17.324211	0.176524	8.171113	0.119158
304	1.948718	17.332645	0.174489	8.173994	0.120507
305	1.955128	17.33567	0.171662	8.17838	0.122231
306	1.961538	17.336887	0.170767	8.184245	0.124627
307	1.967949	17.343729	0.176345	8.188667	0.121383
308	1.974359	17.348166	0.174787	8.195525	0.119576
309	1.980769	17.355801	0.176425	8.196658	0.124966
310	1.987179	17.358586	0.178965	8.204195	0.127087
311	1.99359	17.363178	0.180087	8.209517	0.12617
312	2.0	17.370389	0.179679	8.215966	0.12708
313	2.00641	17.37494	0.180658	8.219353	0.128226
314	2.012821	17.383199	0.178179	8.220979	0.129184
315	2.019231	17.389287	0.181812	8.224731	0.127335
316	2.025641	17.397442	0.183176	8.232016	0.125554
317	2.032051	17.404593	0.182617	8.237836	0.123678
318	2.038462	17.411307	0.185223	8.242839	0.123166
319	2.044872	17.421588	0.185154	8.249104	0.123393
320	2.051282	17.425676	0.185776	8.254427	0.12388
321	2.057692	17.432031	0.187608	8.261698	0.127208
322	2.064103	17.443049	0.188416	8.268224	0.127896
323	2.070513	17.45206	0.189295	8.271819	0.129201
324	2.076923	17.454153	0.189467	8.2758	0.128379
325	2.083333	17.460955	0.188274	8.28144	0.128226
326	2.089744	17.463314	0.18942	8.284005	0.128156
327	2.096154	17.473757	0.195438	8.287713	0.128434
328	2.102564	17.475221	0.196427	8.296477	0.130594
329	2.108974	17.486317	0.191342	8.300715	0.128211
330	2.115385	17.491253	0.190297	8.305845	0.129739
331	2.121795	17.501235	0.192465	8.312776	0.131844
332	2.128205	17.504322	0.191942	8.318582	0.135289
333	2.134615	17.508806	0.196397	8.321661	0.13541
334	2.141026	17.518298	0.195241	8.320276	0.131491
335	2.147436	17.524802	0.193873	8.326907	0.133312
336	2.153846	17.52971	0.19558	8.33208	0.133054
337	2.160256	17.535359	0.201836	8.336078	0.130444
338	2.166667	17.53991	0.203447	8.337841	0.13004
339	2.173077	17.547652	0.202046	8.34555	0.13097
340	2.179487	17.552903	0.20217	8.34968	0.130604
341	2.185897	17.562168	0.200629	8.354751	0.130641
342	2.192308	17.567511	0.198835	8.363298	0.128112
343	2.198718	17.57692	0.196104	8.367831	0.129884
344	2.205128	17.582141	0.194409	8.370898	0.127486
345	2.211538	17.590982	0.190198	8.374261	0.126266
346	2.217949	17.602149	0.193628	8.380483	0.125787
347	2.224359	17.609455	0.191068	8.388089	0.126208
348	2.230769	17.616626	0.191047	8.389868	0.12419
349	2.237179	17.622338	0.187461	8.397882	0.125607
350	2.24359	17.630313	0.185592	8.399375	0.12459
351	2.25	17.642178	0.182408	8.406981	0.121097
352	2.25641	17.653023	0.183013	8.412711	0.124122
353	2.262821	17.657873	0.184117	8.417029	0.12278
354	2.269231	17.66677	0.184253	8.419167	0.120923
355	2.275641	17.671546	0.185428	8.42097	0.125872
356	2.282051	17.677507	0.186616	8.424276	0.126165
357	2.288462	17.684939	0.189302	8.430167	0.129167
358	2.294872	17.696056	0.193612	8.435592	0.131855
359	2.301282	17.70581	0.193698	8.437526	0.135285
360	2.307692	17.712677	0.192597	8.439378	0.135072
361	2.314103	17.718831	0.192605	8.442689	0.132821
362	2.320513	17.722393	0.194539	8.448954	0.129513
363	2.326923	17.728055	0.195557	8.456176	0.129946
364	2.333333	17.731207	0.193521	8.459817	0.129003
365	2.339744	17.733819	0.193443	8.465902	0.12306
366	2.346154	17.738505	0.193703	8.467261	0.12192
367	2.352564	17.744574	0.186467	8.473709	0.117712
368	2.358974	17.749465	0.189312	8.474141	0.116761
369	2.365385	17.754548	0.192064	8.481196	0.11765
370	2.371795	17.755313	0.193277	8.484743	0.114998
371	2.378205	17.760608	0.190956	8.491981	0.118847
372	2.384615	17.77144	0.188799	8.49225	0.122312
373	2.391026	17.776189	0.190712	8.497063	0.121212
374	2.397436	17.778374	0.18821	8.498892	0.119796
375	2.403846	17.777148	0.186074	8.49961	0.120453
376	2.410256	17.784095	0.184691	8.500191	0.121618
377	2.416667	17.791448	0.18301	8.50391	0.120803
378	2.423077	17.797452	0.180671	8.509756	0.117937
379	2.429487	17.802447	0.181307	8.510249	0.120093
380	2.435897	17.810737	0.179826	8.513998	0.11839
381	2.442308	17.816498	0.176772	8.520575	0.120004
382	2.448718	17.824224	0.177445	8.523223	0.115977
383	2.455128	17.830431	0.17782	8.525664	0.116915
384	2.461538	17.840547	0.17853	8.532391	0.118549
385	2.467949	17.842425	0.175561	8.534767	0.123677
386	2.474359	17.847266	0.174781	8.537688	0.126375
387	2.480769	17.85683	0.175439	8.541415	0.126401
388	2.487179	17.862377	0.171332	8.547372	0.129233
389	2.49359	17.869978	0.172114	8.550603	0.128364
390	2.5	17.878582	0.172909	8.552607	0.127037
391	2.50641	17.885477	0.176337	8.559522	0.124707
392	2.512821	17.88971	0.181912	8.563395	0.123701
393	2.519231	17.891407	0.182693	8.570288	0.12462
394	2.525641	17.896531	0.181863	8.574389	0.125451
395	2.532051	17.90512	0.178347	8.580788	0.127522
396	2.538462	17.915233	0.178241	8.57937	0.128234
397	2.544872	17.921385	0.179804	8.582424	0.128036
398	2.551282	17.924676	0.18412	8.58408	0.128201
399	2.557692	17.928972	0.181612	8.588199	0.12633
400	2.564103	17.936567	0.181301	8.594396	0.127554
401	2.570513	17.946174	0.176547	8.594543	0.126555
402	2.576923	17.951375	0.175255	8.598282	0.128131
403	2.583333	17.956385	0.174536	8.604082	0.129464
404	2.589744	17.964812	0.170585	8.607723	0.12911
405	2.596154	17.973125	0.171894	8.608804	0.128819
406	2.602564	17.975054	0.170146	8.616164	0.129718
407	2.608974	17.98378	0.171367	8.62201	0.1315
408	2.615385	17.993442	0.173206	8.629666	0.13072
409	2.621795	17.996046	0.171989	8.63158	0.131469
410	2.628205	18.0018	0.171098	8.638323	0.132154
411	2.634615	18.006932	0.176065	8.641608	0.126488
412	2.641026	18.012293	0.175499	8.65003	0.130928
413	2.647436	18.01505	0.170995	8.655349	0.124448
414	2.653846	18.019326	0.176162	8.656544	0.123979
415	2.660256	18.023869	0.180692	8.660768	0.125762
416	2.666667	18.031061	0.181057	8.660842	0.123663
417	2.673077	18.033666	0.182351	8.6637	0.121461
418	2.679487	18.032318	0.185584	8.671906	0.124788
419	2.685897	18.034464	0.18609	8.676061	0.122979
420	2.692308	18.040311	0.186062	8.680494	0.124331
421	2.698718	18.046955	0.184296	8.68858	0.122201
422	2.705128	18.051589	0.186512	8.694486	0.121192
423	2.711538	18.056063	0.18827	8.696667	0.122767
424	2.717949	18.064842	0.187955	8.700203	0.123835
425	2.724359	18.073457	0.188518	8.702485	0.129947
426	2.730769	18.075996	0.187424	8.704726	0.133652
427	2.737179	18.083048	0.188398	8.709933	0.135102
428	2.74359	18.084282	0.187829	8.710895	0.137538
429	2.75	18.089722	0.188449	8.714408	0.138109
430	2.75641	18.101119	0.19109	8.719385	0.136789
431	2.762821	18.107615	0.196013	8.723474	0.137357
432	2.769231	18.10392	0.202421	8.726343	0.139101
433	2.775641	18.111827	0.200226	8.72924	0.141107
434	2.782051	18.118938	0.200723	8.73222	0.139158
435	2.788462	18.124941	0.196509	8.738721	0.142207
436	2.794872	18.131879	0.197251	8.742944	0.140349
437	2.801282	18.137255	0.196971	8.742992	0.134842
438	2.807692	18.142447	0.196472	8.742674	0.136442
439	2.814103	18.145736	0.197575	8.746971	0.138256
440	2.820513	18.150911	0.19856	8.751446	0.138275
441	2.826923	18.159097	0.203992	8.753272	0.138082
442	2.833333	18.162657	0.205507	8.756747	0.1382
443	2.839744	18.168532	0.202196	8.757259	0.140089
444	2.846154	18.171438	0.20215	8.760859	0.140494
445	2.852564	18.175531	0.203548	8.765494	0.140493
446	2.858974	18.1852	0.203456	8.765721	0.142285
447	2.865385	18.187946	0.207985	8.76921	0.143854
448	2.871795	18.191753	0.208446	8.774775	0.141852
449	2.878205	18.197901	0.210502	8.778119	0.140415
450	2.884615	18.204382	0.204526	8.781159	0.143822
451	2.891026	18.202166	0.206274	8.785542	0.142406
452	2.897436	18.20879	0.205005	8.790918	0.145432
453	2.903846	18.211333	0.20588	8.794081	0.144058
454	2.910256	18.220269	0.202689	8.79977	0.144414
455	2.916667	18.224074	0.202747	8.800842	0.141237
456	2.923077	18.231261	0.198926	8.806657	0.140025
457	2.929487	18.233468	0.200949	8.807755	0.138304
458	2.935897	18.233006	0.197807	8.809445	0.13848
459	2.942308	18.240422	0.193488	8.812647	0.136914
460	2.948718	18.243594	0.193832	8.809903	0.138358
461	2.955128	18.2494	0.1928	8.815764	0.139256
462	2.961538	18.257677	0.191256	8.817627	0.140876
463	2.967949	18.258892	0.188783	8.823429	0.141339
464	2.974359	18.266295	0.182736	8.824287	0.140712
465	2.980769	18.272251	0.181511	8.825609	0.136903
466	2.987179	18.277097	0.187595	8.831033	0.137739
467	2.99359	18.284077	0.190219	8.829878	0.140463
468	3.0	18.287945	0.193245	8.83323	0.140764
469	3.00641	18.29562	0.18932	8.839414	0.138121
470	3.012821	18.297979	0.193279	8.84284	0.135172
471	3.019231	18.303577	0.192829	8.845757	0.137398
472	3.025641	18.312047	0.190483	8.846284	0.139489
473	3.032051	18.313959	0.193827	8.851059	0.137235
474	3.038462	18.322781	0.19518	8.851269	0.134023
475	3.044872	18.32333	0.195897	8.853828	0.132204
476	3.051282	18.326777	0.194828	8.86062	0.133453
477	3.057692	18.329315	0.196347	8.865634	0.136725
478	3.064103	18.32972	0.196917	8.866875	0.135268
479	3.070513	18.337496	0.19627	8.877459	0.135392
480	3.076923	18.343991	0.197112	8.877035	0.139198
481	3.083333	18.348726	0.194787	8.87495	0.14012
482	3.089744	18.354094	0.197002	8.877425	0.141336
483	3.096154	18.35486	0.191031	8.880482	0.142215
484	3.102564	18.357519	0.189897	8.882986	0.141389
485	3.108974	18.361993	0.192726	8.885284	0.137524
486	3.115385	18.364962	0.196112	8.889517	0.13834
487	3.121795	18.366974	0.196108	8.892004	0.138601
488	3.128205	18.373167	0.195249	8.89168	0.139492
489	3.134615	18.374716	0.198537	8.89437	0.136317
490	3.141026	18.377708	0.198913	8.896935	0.136906
491	3.147436	18.380283	0.197402	8.905561	0.138581
492	3.153846	18.387944	0.193211	8.906888	0.136871
493	3.160256	18.388806	0.198424	8.906019	0.137215
494	3.166667	18.394952	0.200457	8.909748	0.134012
495	3.173077	18.399756	0.201152	8.918672	0.133265
496	3.179487	18.400646	0.200377	8.92346	0.131646
497	3.185897	18.405634	0.203089	8.921077	0.129596
498	3.192308	18.409919	0.203995	8.923889	0.131761
499	3.198718	18.412452	0.203208	8.928685	0.13043
500	3.205128	18.416917	0.205372	8.935134	0.134249
501	3.211538	18.422218	0.202931	8.938172	0.129545
502	3.217949	18.426264	0.201371	8.940604	0.131785
503	3.224359	18.430101	0.198318	8.942721	0.133266
504	3.230769	18.431663	0.191448	8.945709	0.134459
505	3.237179	18.436972	0.192196	8.948054	0.137077
506	3.24359	18.440798	0.193404	8.953728	0.137382
507	3.25	18.444506	0.193247	8.956613	0.13911
508	3.25641	18.44823	0.195346	8.96222	0.13958
509	3.262821	18.452753	0.196241	8.967256	0.141757
510	3.269231	18.457094	0.197019	8.968722	0.144196
511	3.275641	18.463489	0.200532	8.972136	0.147142
512	3.282051	18.468774	0.197218	8.973455	0.145897
513	3.288462	18.47679	0.194599	8.975222	0.145435
514	3.294872	18.479743	0.19173	8.980094	0.147699
515	3.301282	18.482335	0.193703	8.980635	0.146513
516	3.307692	18.488469	0.189613	8.982962	0.146861
517	3.314103	18.491061	0.18889	8.985186	0.144436
518	3.320513	18.499635	0.189527	8.986116	0.144913
519	3.326923	18.503194	0.187682	8.98706	0.144379
520	3.333333	18.506907	0.189004	8.992195	0.14707
521	3.339744	18.511546	0.184617	8.993591	0.147927
522	3.346154	18.514718	0.184332	8.994214	0.146637
523	3.352564	18.520065	0.181812	8.996714	0.143259
524	3.358974	18.522911	0.18075	8.999642	0.14046
525	3.365385	18.528962	0.187781	9.004233	0.13995
526	3.371795	18.534159	0.186081	9.007554	0.141432
527	3.378205	18.538436	0.191425	9.010158	0.139968
528	3.384615	18.542623	0.193656	9.010965	0.14125
529	3.391026	18.547724	0.191048	9.01858	0.140301
530	3.397436	18.552684	0.185049	9.021509	0.139045
531	3.403846	18.554953	0.180274	9.022381	0.141836
532	3.410256	18.559092	0.180483	9.028584	0.142957
533	3.416667	18.563446	0.180034	9.029601	0.140926
534	3.423077	18.566899	0.178741	9.032428	0.137794
535	3.429487	18.570181	0.179043	9.035627	0.139725
536	3.435897	18.577984	0.174398	9.038909	0.14194
537	3.442308	18.580979	0.173695	9.043455	0.141315
538	3.448718	18.587687	0.176853	9.044187	0.144782
539	3.455128	18.590066	0.17913	9.044537	0.144963
540	3.461538	18.589966	0.180981	9.047063	0.140086
541	3.467949	18.592906	0.186157	9.048361	0.140301
542	3.474359	18.598209	0.183681	9.052568	0.143239
543	3.480769	18.603918	0.183175	9.054794	0.141249
544	3.487179	18.609441	0.179632	9.055457	0.136005
545	3.49359	18.61572	0.176218	9.057989	0.134968
546	3.5	18.618455	0.175859	9.05985	0.134213
547	3.50641	18.625792	0.175167	9.062014	0.134212
548	3.512821	18.632356	0.176843	9.061418	0.135283
549	3.519231	18.635604	0.178516	9.067438	0.135005
550	3.525641	18.64039	0.176822	9.067124	0.14172
551	3.532051	18.642866	0.17756	9.069614	0.140913
552	3.538462	18.641034	0.180193	9.072301	0.139641
553	3.544872	18.648809	0.181399	9.073471	0.139198
554	3.551282	18.650456	0.177007	9.078928	0.137115
555	3.557692	18.657559	0.175612	9.079034	0.141568
556	3.564103	18.65842	0.178464	9.085437	0.142993
557	3.570513	18.660887	0.178652	9.088047	0.138658
558	3.576923	18.665919	0.171491	9.090649	0.137411
559	3.583333	18.672823	0.169934	9.098506	0.139065
560	3.589744	18.676113	0.169416	9.100107	0.138732
561	3.596154	18.676948	0.168383	9.10468	0.135245
562	3.602564	18.682451	0.171723	9.109317	0.133681
563	3.608974	18.684081	0.173629	9.109365	0.129342
564	3.615385	18.686447	0.170688	9.113975	0.131998
565	3.621795	18.687804	0.169451	9.110145	0.133688
566	3.628205	18.694652	0.172332	9.113543	0.130524
567	3.634615	18.69964	0.17655	9.113976	0.130027
568	3.641026	18.702976	0.178335	9.117194	0.13299
569	3.647436	18.70539	0.176665	9.119098	0.135148
570	3.653846	18.708314	0.178087	9.120289	0.13396
571	3.660256	18.706893	0.177025	9.122956	0.132728
572	3.666667	18.707758	0.183707	9.125402	0.131032
573	3.673077	18.709757	0.181894	9.131741	0.129118
574	3.679487	18.716369	0.181877	9.132748	0.128792
575	3.685897	18.718194	0.18134	9.136225	0.133261
576	3.692308	18.723434	0.183295	9.141925	0.134511
577	3.698718	18.728369	0.183256	9.140522	0.133271
578	3.705128	18.73461	0.181041	9.143609	0.133924
579	3.711538	18.738347	0.180808	9.147637	0.134828
580	3.717949	18.741526	0.184337	9.152389	0.134498
581	3.724359	18.744748	0.186648	9.154087	0.1328
582	3.730769	18.745558	0.184276	9.155764	0.128935
583	3.737179	18.751566	0.186535	9.159631	0.130472
584	3.74359	18.751988	0.18167	9.160055	0.130138
585	3.75	18.75262	0.185927	9.161126	0.130338
586	3.75641	18.758317	0.187826	9.166014	0.135121
587	3.762821	18.755056	0.193305	9.169036	0.132212
588	3.769231	18.761144	0.194757	9.169722	0.132989
589	3.775641	18.762761	0.189653	9.171468	0.13411
590	3.782051	18.768555	0.193996	9.169451	0.134134
591	3.788462	18.765435	0.198673	9.17253	0.132931
592	3.794872	18.77527	0.200129	9.175437	0.132824
593	3.801282	18.776947	0.204151	9.176648	0.134842
594	3.807692	18.780378	0.205784	9.178023	0.136001
595	3.814103	18.792054	0.204308	9.180153	0.134038
596	3.820513	18.800026	0.206958	9.18275	0.136078
597	3.826923	18.807193	0.204335	9.185552	0.136534
598	3.833333	18.811018	0.2016	9.184474	0.135157
599	3.839744	18.812064	0.201743	9.186515	0.130387
600	3.846154	18.814599	0.203876	9.190661	0.128707
601	3.852564	18.813909	0.201611	9.190925	0.129452
602	3.858974	18.816183	0.200989	9.199262	0.12726
603	3.865385	18.818806	0.200046	9.200692	0.128357
604	3.871795	18.821423	0.198871	9.203193	0.129731
605	3.878205	18.829069	0.199601	9.199293	0.128306
606	3.884615	18.828763	0.201442	9.201109	0.126372
607	3.891026	18.831877	0.202952	9.204672	0.130978
608	3.897436	18.835294	0.206091	9.206058	0.126037
609	3.903846	18.841685	0.206988	9.209034	0.125833
610	3.910256	18.843302	0.204881	9.207685	0.126009
611	3.916667	18.845918	0.204335	9.209793	0.125538
612	3.923077	18.845233	0.206543	9.211789	0.123756
613	3.929487	18.851228	0.208155	9.211177	0.121196
614	3.935897	18.854332	0.210264	9.215633	0.120863
615	3.942308	18.851541	0.213037	9.21982	0.125632
616	3.948718	18.857693	0.208635	9.222429	0.126538
617	3.955128	18.863513	0.208512	9.224446	0.123005
618	3.961538	18.864801	0.208276	9.225737	0.122284
619	3.967949	18.865634	0.206756	9.226146	0.123966
620	3.974359	18.871339	0.206191	9.232176	0.121571
621	3.980769	18.871882	0.206419	9.231421	0.122213
622	3.987179	18.87875	0.205858	9.23144	0.122698
623	3.99359	18.877782	0.206035	9.235346	0.123252
624	4.0	18.879729	0.202849	9.238932	0.121181
625	4.00641	18.886194	0.204424	9.239064	0.124189
626	4.012821	18.888537	0.204992	9.240551	0.124091
627	4.019231	18.890684	0.207494	9.246711	0.124716
628	4.025641	18.896372	0.206305	9.24893	0.126492
629	4.032051	18.900322	0.202751	9.251151	0.127515
630	4.038462	18.90465	0.203182	9.255277	0.124509
631	4.044872	18.906266	0.202471	9.259382	0.122939
632	4.051282	18.907447	0.204472	9.261667	0.125505
633	4.057692	18.913223	0.204755	9.262814	0.121255
634	4.064103	18.915317	0.206136	9.266777	0.12066
635	4.070513	18.92226	0.2075	9.271773	0.119995
636	4.076923	18.926513	0.209914	9.276178	0.119696
637	4.083333	18.930955	0.209941	9.274835	0.121767
638	4.089744	18.935044	0.213396	9.276703	0.121266
639	4.096154	18.936914	0.21241	9.27622	0.121811
640	4.102564	18.941528	0.213056	9.277981	0.1206
641	4.108974	18.94607	0.212081	9.278997	0.120674
642	4.115385	18.951564	0.208626	9.280362	0.122912
643	4.121795	18.95433	0.209448	9.281666	0.124142
644	4.128205	18.963648	0.213359	9.283943	0.123419
645	4.134615	18.964427	0.211175	9.285144	0.122118
646	4.141026	18.967797	0.210435	9.289317	0.120897
647	4.147436	18.972411	0.208335	9.291314	0.117141
648	4.153846	18.977174	0.209958	9.292043	0.117923
649	4.160256	18.980514	0.205081	9.288125	0.119977
650	4.166667	18.987131	0.2039	9.292565	0.116425
651	4.173077	18.991558	0.204169	9.296305	0.119003
652	4.179487	18.989856	0.201298	9.300861	0.124092
653	4.185897	18.98995	0.193409	9.302845	0.125024
654	4.192308	18.991892	0.189994	9.306793	0.125062
655	4.198718	18.993601	0.190122	9.308815	0.124127
656	4.205128	18.996705	0.190457	9.308047	0.121768
657	4.211538	18.998159	0.185688	9.310693	0.119815
658	4.217949	19.004957	0.18672	9.312235	0.119108
659	4.224359	19.002044	0.19008	9.313612	0.123865
660	4.230769	19.0014	0.188784	9.310613	0.128076
661	4.237179	19.00334	0.190411	9.310949	0.125369
662	4.24359	19.000956	0.187708	9.313095	0.126916
663	4.25	19.00691	0.184116	9.313534	0.133764
664	4.25641	19.008561	0.183271	9.316134	0.134246
665	4.262821	19.006695	0.181105	9.319479	0.13424
666	4.269231	19.007835	0.179064	9.318921	0.127843
667	4.275641	19.011973	0.179345	9.323248	0.131019
668	4.282051	19.017276	0.183727	9.328198	0.133704
669	4.288462	19.022149	0.184448	9.331638	0.133054
670	4.294872	19.026166	0.186116	9.332249	0.134004
671	4.301282	19.030597	0.184042	9.33239	0.136719
672	4.307692	19.033864	0.188437	9.336358	0.134204
673	4.314103	19.036177	0.192037	9.340221	0.134011
674	4.320513	19.040612	0.195941	9.342316	0.133765
675	4.326923	19.044503	0.199519	9.347158	0.134925
676	4.333333	19.047422	0.200136	9.345644	0.13484
677	4.339744	19.048152	0.197648	9.346489	0.136566
678	4.346154	19.048758	0.195759	9.348966	0.135289
679	4.352564	19.048327	0.196592	9.354454	0.132935
680	4.358974	19.053613	0.197725	9.355089	0.133583
681	4.365385	19.057524	0.196305	9.355502	0.129478
682	4.371795	19.068686	0.199434	9.356743	0.130691
683	4.378205	19.070206	0.200277	9.358368	0.13129
684	4.384615	19.073737	0.199889	9.358639	0.138826
685	4.391026	19.081534	0.199459	9.362138	0.13735
686	4.397436	19.085141	0.196497	9.364639	0.137277
687	4.403846	19.087219	0.193448	9.367611	0.139168
688	4.410256	19.084833	0.191897	9.368964	0.139468
689	4.416667	19.089974	0.193208	9.369591	0.140038
690	4.423077	19.091991	0.195795	9.370417	0.139426
691	4.429487	19.096472	0.197496	9.37558	0.143915
692	4.435897	19.101757	0.202916	9.377555	0.146385
693	4.442308	19.1075	0.201775	9.380926	0.142915
694	4.448718	19.10959	0.199669	9.384187	0.142482
695	4.455128	19.114551	0.19674	9.383966	0.138778
696	4.461538	19.116221	0.192423	9.383641	0.138511
697	4.467949	19.116139	0.195249	9.382616	0.137059
698	4.474359	19.115765	0.198853	9.385562	0.13907
699	4.480769	19.115225	0.198109	9.385157	0.134739
700	4.487179	19.118785	0.19868	9.391646	0.132928
701	4.49359	19.120163	0.199899	9.397095	0.132964
702	4.5	19.124147	0.20207	9.398877	0.130917
703	4.50641	19.125399	0.203466	9.40268	0.129803
704	4.512821	19.127108	0.203979	9.402707	0.132747
705	4.519231	19.129893	0.197928	9.40242	0.13327
706	4.525641	19.133074	0.198889	9.4046	0.136578
707	4.532051	19.135326	0.192825	9.407519	0.135612
708	4.538462	19.136088	0.192945	9.404106	0.135216
709	4.544872	19.141589	0.196536	9.402519	0.133972
710	4.551282	19.146867	0.195353	9.401231	0.136338
711	4.557692	19.1488	0.199184	9.401858	0.136375
712	4.564103	19.150169	0.195551	9.403637	0.139152
713	4.570513	19.151699	0.196874	9.405278	0.138643
714	4.576923	19.156113	0.193555	9.406897	0.138515
715	4.583333	19.157697	0.195415	9.411594	0.137322
716	4.589744	19.16068	0.192631	9.415451	0.139031
717	4.596154	19.157815	0.190431	9.416241	0.140441
718	4.602564	19.160715	0.193179	9.417542	0.138749
719	4.608974	19.166138	0.193069	9.419097	0.138966
720	4.615385	19.167467	0.194149	9.418061	0.133147
721	4.621795	19.169001	0.196027	9.420371	0.133945
722	4.628205	19.168958	0.195183	9.423876	0.134537
723	4.634615	19.178434	0.197002	9.423946	0.136017
724	4.641026	19.182328	0.19835	9.425618	0.133308
725	4.647436	19.183958	0.196542	9.429245	0.128217
726	4.653846	19.186858	0.195359	9.432076	0.132047
727	4.660256	19.184254	0.196555	9.432454	0.134701
728	4.666667	19.187629	0.19621	9.435791	0.131774
729	4.673077	19.192058	0.200943	9.435912	0.133104
730	4.679487	19.195212	0.201741	9.439344	0.130326
731	4.685897	19.199165	0.202309	9.443333	0.134164
732	4.692308	19.199357	0.204718	9.444515	0.135278
733	4.698718	19.202043	0.203669	9.447847	0.137651
734	4.705128	19.204356	0.209368	9.449173	0.13678
735	4.711538	19.206628	0.210711	9.450352	0.138307
736	4.717949	19.207801	0.206448	9.451099	0.139364
737	4.724359	19.209173	0.208056	9.455788	0.141825
738	4.730769	19.211709	0.21065	9.454419	0.139604
739	4.737179	19.211908	0.210558	9.453595	0.137962
740	4.74359	19.217477	0.209962	9.452141	0.140448
741	4.75	19.217951	0.209881	9.454595	0.141397
742	4.75641	19.217078	0.210341	9.454728	0.141225
743	4.762821	19.220175	0.207808	9.457586	0.138955
744	4.769231	19.222815	0.214537	9.459008	0.143033
745	4.775641	19.223032	0.210912	9.461512	0.140475
746	4.782051	19.224979	0.208675	9.462797	0.139075
747	4.788462	19.22833	0.206741	9.469103	0.137359
748	4.794872	19.2273	0.207426	9.473968	0.139651
749	4.801282	19.230709	0.206474	9.476493	0.137273
750	4.807692	19.231816	0.208993	9.47476	0.136356
751	4.814103	19.233567	0.207735	9.473706	0.135053
752	4.820513	19.236802	0.210636	9.474533	0.139189
753	4.826923	19.233415	0.210457	9.476232	0.140421
754	4.833333	19.235358	0.211532	9.476604	0.140294
755	4.839744	19.241655	0.210323	9.476277	0.143631
756	4.846154	19.24395	0.208221	9.47703	0.144873
757	4.852564	19.244026	0.206356	9.474267	0.139974
758	4.858974	19.247763	0.206523	9.48075	0.140698
759	4.865385	19.248978	0.203142	9.481631	0.142004
760	4.871795	19.254813	0.201141	9.4812	0.143807
761	4.878205	19.254451	0.199904	9.486349	0.147355
762	4.884615	19.257544	0.197367	9.490433	0.146554
763	4.891026	19.263037	0.195041	9.492306	0.148556
764	4.897436	19.264832	0.196183	9.492513	0.145939
765	4.903846	19.267121	0.194615	9.489619	0.14606
766	4.910256	19.26615	0.192093	9.491072	0.143892
767	4.916667	19.268546	0.194425	9.49458	0.146245
768	4.923077	19.266658	0.195902	9.497872	0.145137
769	4.929487	19.270211	0.196424	9.502378	0.15128
770	4.935897	19.269492	0.191613	9.501451	0.149726
771	4.942308	19.270253	0.193769	9.502953	0.150371
772	4.948718	19.27393	0.192378	9.504529	0.149555
773	4.955128	19.271708	0.192327	9.509517	0.147528
774	4.961538	19.271293	0.192813	9.508404	0.147167
775	4.967949	19.272612	0.192982	9.507512	0.144975
776	4.974359	19.271921	0.196739	9.511671	0.148097
777	4.980769	19.271802	0.19742	9.513129	0.147911
778	4.987179	19.27415	0.198492	9.515453	0.14636
779	4.99359	19.275485	0.198466	9.514566	0.146197
780	5.0	19.281345	0.198785	9.514027	0.145313
781	5.00641	19.282758	0.194026	9.514909	0.145175
782	5.012821	19.283274	0.193803	9.51442	0.144926
783	5.019231	19.281886	0.198004	9.514972	0.145887
784	5.025641	19.286942	0.196931	9.515072	0.145872
785	5.032051	19.290026	0.199835	9.518839	0.142945
786	5.038462	19.290724	0.19855	9.521219	0.144758
787	5.044872	19.296177	0.202349	9.522182	0.14232
788	5.051282	19.29409	0.201963	9.519358	0.144451
789	5.057692	19.294319	0.198026	9.52247	0.144735
790	5.064103	19.299854	0.205363	9.523295	0.142574
791	5.070513	19.303363	0.205994	9.528161	0.143078
792	5.076923	19.303975	0.213306	9.529201	0.142301
793	5.083333	19.303698	0.211326	9.530763	0.140761
794	5.089744	19.311587	0.212819	9.535603	0.141156
795	5.096154	19.314377	0.209772	9.533463	0.142317
796	5.102564	19.32142	0.213422	9.534193	0.146649
797	5.108974	19.321755	0.212682	9.536664	0.147972
798	5.115385	19.328583	0.217683	9.538449	0.148074
799	5.121795	19.330244	0.220715	9.537545	0.149759
800	5.128205	19.331907	0.218758	9.539628	0.149299
801	5.134615	19.33456	0.217909	9.542794	0.1479
802	5.141026	19.334346	0.217951	9.541789	0.149505
803	5.147436	19.334805	0.215646	9.544412	0.151734
804	5.153846	19.335606	0.218716	9.547852	0.151832
805	5.160256	19.336617	0.21746	9.550811	0.14959
806	5.166667	19.339659	0.216196	9.551981	0.147464
807	5.173077	19.340099	0.218532	9.552583	0.147807
808	5.179487	19.342334	0.216397	9.552514	0.14779
809	5.185897	19.343244	0.216007	9.554668	0.145333
810	5.192308	19.346231	0.21634	9.557547	0.143464
811	5.198718	19.349275	0.214589	9.558637	0.147918
812	5.205128	19.34793	0.20967	9.558428	0.146957
813	5.211538	19.349699	0.210985	9.558689	0.149112
814	5.217949	19.349107	0.212649	9.558504	0.15041
815	5.224359	19.35219	0.213911	9.560994	0.147301
816	5.230769	19.355401	0.218302	9.563321	0.148964
817	5.237179	19.357471	0.215664	9.562451	0.148871
818	5.24359	19.358647	0.21345	9.567126	0.146706
819	5.25	19.355729	0.215061	9.565969	0.144967
820	5.25641	19.35608	0.213435	9.568985	0.146404
821	5.262821	19.360007	0.216688	9.566313	0.145556
822	5.269231	19.361918	0.217696	9.574233	0.146758
823	5.275641	19.365614	0.211721	9.578512	0.143156
824	5.282051	19.361965	0.215425	9.580189	0.140445
825	5.288462	19.366735	0.214408	9.579947	0.140132
826	5.294872	19.365698	0.215477	9.581239	0.138036
827	5.301282	19.369242	0.217849	9.579532	0.138988
828	5.307692	19.375212	0.220345	9.57993	0.138256
829	5.314103	19.37627	0.219639	9.58263	0.141756
830	5.320513	19.375987	0.222046	9.579687	0.142812
831	5.326923	19.380479	0.221181	9.587976	0.14294
832	5.333333	19.388106	0.217281	9.587489	0.14259
833	5.339744	19.388232	0.21696	9.590289	0.140756
834	5.346154	19.394141	0.218517	9.589468	0.139878
835	5.352564	19.398816	0.219176	9.590368	0.138431
836	5.358974	19.401056	0.220927	9.591548	0.138192
837	5.365385	19.404612	0.224044	9.596024	0.136378
838	5.371795	19.404457	0.220374	9.593879	0.136618
839	5.378205	19.405927	0.21768	9.599093	0.137391
840	5.384615	19.40597	0.218234	9.599684	0.139108
841	5.391026	19.407367	0.216608	9.599211	0.140534
842	5.397436	19.40414	0.216655	9.597629	0.139491
843	5.403846	19.404969	0.216231	9.599528	0.137206
844	5.410256	19.408418	0.214443	9.599471	0.134118
845	5.416667	19.410662	0.212846	9.599526	0.1373
846	5.423077	19.409973	0.211925	9.60094	0.135185
847	5.429487	19.405063	0.210962	9.59977	0.136864
848	5.435897	19.40925	0.214499	9.603603	0.132967
849	5.442308	19.420064	0.212461	9.603622	0.131359
850	5.448718	19.419912	0.211537	9.603469	0.133015
851	5.455128	19.421078	0.213071	9.607155	0.134552
852	5.461538	19.423109	0.217111	9.608655	0.134443
853	5.467949	19.423354	0.216542	9.608626	0.135412
854	5.474359	19.426173	0.217808	9.608485	0.133548
855	5.480769	19.430517	0.215107	9.61224	0.135992
856	5.487179	19.436224	0.216813	9.61163	0.13219
857	5.49359	19.433379	0.21621	9.610836	0.129626
858	5.5	19.435569	0.219986	9.613141	0.130354
859	5.50641	19.436076	0.21875	9.614975	0.131582
860	5.512821	19.442709	0.212297	9.614245	0.132892
861	5.519231	19.439239	0.213631	9.613319	0.132077
862	5.525641	19.440958	0.215877	9.618383	0.133066
863	5.532051	19.442836	0.213251	9.620656	0.132606
864	5.538462	19.44627	0.213121	9.622923	0.137735
865	5.544872	19.446993	0.212579	9.625019	0.13934
866	5.551282	19.445543	0.213706	9.627023	0.13542
867	5.557692	19.448024	0.213254	9.62808	0.13314
868	5.564103	19.451497	0.211898	9.629623	0.13062
869	5.570513	19.450442	0.207812	9.6313	0.130913
870	5.576923	19.452643	0.204822	9.629914	0.132222
871	5.583333	19.457604	0.204073	9.632156	0.132837
872	5.589744	19.457704	0.204374	9.633631	0.130726
873	5.596154	19.455905	0.20606	9.633591	0.131774
874	5.602564	19.456835	0.209361	9.633089	0.131088
875	5.608974	19.458916	0.20771	9.635371	0.131632
876	5.615385	19.459345	0.210137	9.634053	0.133738
877	5.621795	19.460281	0.207893	9.638259	0.132047
878	5.628205	19.462626	0.207488	9.641403	0.134166
879	5.634615	19.462779	0.20502	9.642336	0.136338
880	5.641026	19.460932	0.206088	9.643828	0.134489
881	5.647436	19.460799	0.206862	9.64376	0.134704
882	5.653846	19.469685	0.20789	9.646211	0.138024
883	5.660256	19.47009	0.20665	9.645205	0.140615
884	5.666667	19.472338	0.204374	9.645134	0.141676
885	5.673077	19.476768	0.205642	9.645792	0.139226
886	5.679487	19.477648	0.207026	9.645297	0.141421
887	5.685897	19.48212	0.209255	9.645633	0.138938
888	5.692308	19.482882	0.203649	9.642881	0.138315
889	5.698718	19.482734	0.200489	9.645885	0.138098
890	5.705128	19.487523	0.194056	9.650603	0.140971
891	5.711538	19.487746	0.193154	9.65253	0.140403
892	5.717949	19.486151	0.194633	9.649671	0.135214
893	5.724359	19.486686	0.191309	9.648568	0.132992
894	5.730769	19.490148	0.194308	9.649993	0.133989
895	5.737179	19.492049	0.19347	9.653242	0.134548
896	5.74359	19.491132	0.19172	9.653082	0.135111
897	5.75	19.492303	0.195701	9.65493	0.135429
898	5.75641	19.494434	0.195136	9.655802	0.13738
899	5.762821	19.490874	0.189783	9.656224	0.140346
900	5.769231	19.493734	0.188112	9.65912	0.140071
901	5.775641	19.490092	0.186782	9.661224	0.13829
902	5.782051	19.487426	0.188449	9.659018	0.140177
903	5.788462	19.490113	0.192462	9.660586	0.138122
904	5.794872	19.493964	0.191766	9.664609	0.138976
905	5.801282	19.495218	0.189203	9.667349	0.13643
906	5.807692	19.496521	0.194479	9.664878	0.138589
907	5.814103	19.498197	0.195175	9.661231	0.141853
908	5.820513	19.498791	0.197022	9.659552	0.144582
909	5.826923	19.502893	0.195692	9.662195	0.143913
910	5.833333	19.504874	0.194545	9.663782	0.143174
911	5.839744	19.502798	0.189737	9.66153	0.139263
912	5.846154	19.504005	0.187133	9.664641	0.141921
913	5.852564	19.507111	0.18814	9.662051	0.144878
914	5.858974	19.51075	0.189083	9.665635	0.146818
915	5.865385	19.51052	0.194117	9.668977	0.142196
916	5.871795	19.511699	0.192751	9.671279	0.139601
917	5.878205	19.511185	0.19118	9.669702	0.140408
918	5.884615	19.507565	0.193585	9.669016	0.140623
919	5.891026	19.505111	0.191321	9.669891	0.139249
920	5.897436	19.506249	0.18934	9.666821	0.138041
921	5.903846	19.506557	0.188269	9.667673	0.14015
922	5.910256	19.509747	0.187648	9.666004	0.140279
923	5.916667	19.508632	0.18555	9.670449	0.140463
924	5.923077	19.509054	0.17957	9.669434	0.139911
925	5.929487	19.51296	0.179561	9.672517	0.142306
926	5.935897	19.51008	0.181006	9.671727	0.144167
927	5.942308	19.510621	0.1768	9.672908	0.145973
928	5.948718	19.510389	0.173759	9.670872	0.145297
929	5.955128	19.51105	0.173598	9.674682	0.146152
930	5.961538	19.510199	0.174629	9.673635	0.14629
931	5.967949	19.509934	0.175458	9.674481	0.146986
932	5.974359	19.512153	0.173763	9.675216	0.146968
933	5.980769	19.510376	0.1693	9.678714	0.148896
934	5.987179	19.514293	0.171549	9.68276	0.147043
935	5.99359	19.513685	0.174206	9.682163	0.147563
936	6.0	19.515195	0.177171	9.683612	0.145006
937	6.00641	19.518935	0.182713	9.681219	0.143744
938	6.012821	19.519394	0.181736	9.680376	0.14324
939	6.019231	19.521573	0.186974	9.68347	0.141899
940	6.025641	19.52612	0.184675	9.683125	0.141055
941	6.032051	19.52984	0.188029	9.685431	0.141769
942	6.038462	19.529136	0.188783	9.69034	0.142459
943	6.044872	19.531091	0.191871	9.689664	0.139631
944	6.051282	19.531153	0.189903	9.689895	0.137994
945	6.057692	19.534774	0.186369	9.692338	0.139543
946	6.064103	19.535953	0.190039	9.69172	0.140826
947	6.070513	19.533473	0.190921	9.696365	0.139361
948	6.076923	19.532089	0.188528	9.69592	0.142532
949	6.083333	19.534445	0.188937	9.695902	0.145254
950	6.089744	19.537279	0.184482	9.696634	0.145199
951	6.096154	19.539834	0.186187	9.695266	0.142846
952	6.102564	19.538169	0.183197	9.698443	0.142496
953	6.108974	19.543043	0.184917	9.701252	0.142028
954	6.115385	19.546983	0.182275	9.701525	0.140465
955	6.121795	19.547525	0.182418	9.702107	0.139576
956	6.128205	19.546299	0.181369	9.698918	0.139317
957	6.134615	19.549751	0.181686	9.70358	0.138787
958	6.141026	19.551069	0.180811	9.701421	0.140597
959	6.147436	19.554014	0.17992	9.703371	0.140663
960	6.153846	19.551239	0.182782	9.703548	0.142933
961	6.160256	19.549653	0.18436	9.702898	0.143606
962	6.166667	19.55008	0.187818	9.702753	0.144809
963	6.173077	19.55107	0.18617	9.700986	0.143763
964	6.179487	19.553212	0.189587	9.699885	0.142804
965	6.185897	19.555089	0.18745	9.701443	0.142236
966	6.192308	19.556365	0.19062	9.701789	0.140245
967	6.198718	19.55565	0.188939	9.701613	0.135723
968	6.205128	19.562178	0.191203	9.702944	0.138384
969	6.211538	19.562757	0.192773	9.702297	0.139105
970	6.217949	19.561795	0.188922	9.701048	0.133495
971	6.224359	19.56346	0.192197	9.705636	0.134591
972	6.230769	19.563512	0.194614	9.707331	0.133356
973	6.237179	19.566394	0.19131	9.707467	0.133592
974	6.24359	19.57425	0.191475	9.708485	0.133972
975	6.25	19.572827	0.190781	9.710014	0.13145
976	6.25641	19.574264	0.193958	9.712096	0.133055
977	6.262821	19.574361	0.193051	9.711174	0.135084
978	6.269231	19.574133	0.192247	9.711354	0.133721
979	6.275641	19.57531	0.192626	9.711024	0.134818
980	6.282051	19.576293	0.191994	9.712664	0.136215
981	6.288462	19.575385	0.189803	9.714145	0.137588
982	6.294872	19.570624	0.191801	9.717631	0.130758
983	6.301282	19.567426	0.193053	9.719011	0.129483
984	6.307692	19.567389	0.19272	9.715562	0.129536
985	6.314103	19.572452	0.192686	9.713306	0.128698
986	6.320513	19.574092	0.187281	9.716852	0.130296
987	6.326923	19.573306	0.188553	9.716617	0.129031
988	6.333333	19.575251	0.188859	9.721278	0.125985
989	6.339744	19.575653	0.192557	9.721714	0.126579
990	6.346154	19.579889	0.190609	9.723077	0.125596
991	6.352564	19.576976	0.192806	9.722665	0.122572
992	6.358974	19.578955	0.191046	9.724944	0.124887
993	6.365385	19.582336	0.189032	9.725302	0.129557
994	6.371795	19.580878	0.18794	9.731082	0.128525
995	6.378205	19.585819	0.190672	9.730529	0.127848
996	6.384615	19.584182	0.194592	9.730881	0.126472
997	6.391026	19.583839	0.196726	9.733426	0.12656
998	6.397436	19.585489	0.198493	9.734388	0.131844
999	6.403846	19.592143	0.194867	9.734379	0.128355
1000	6.410256	19.596034	0.195706	9.731497	0.129974
1001	6.416667	19.597413	0.195879	9.730354	0.130723
1002	6.423077	19.598679	0.197366	9.727446	0.127134
1003	6.429487	19.592801	0.192121	9.729406	0.130463
1004	6.435897	19.59726	0.192267	9.730933	0.130623
1005	6.442308	19.59658	0.192392	9.735079	0.130577
1006	6.448718	19.597698	0.191472	9.733619	0.130924
1007	6.455128	19.599622	0.190002	9.734692	0.133785
1008	6.461538	19.596184	0.192417	9.736525	0.136386
1009	6.467949	19.596671	0.195978	9.738616	0.137733
1010	6.474359	19.601313	0.197165	9.741266	0.134518
1011	6.480769	19.604531	0.200026	9.74173	0.133467
1012	6.487179	19.610984	0.194293	9.743153	0.133032
1013	6.49359	19.613609	0.189766	9.744417	0.131853
1014	6.5	19.612611	0.189536	9.748956	0.132758
1015	6.50641	19.614048	0.188938	9.751188	0.130644
1016	6.512821	19.61328	0.191884	9.748899	0.130003
1017	6.519231	19.614486	0.192841	9.75249	0.130757
1018	6.525641	19.615718	0.198638	9.751089	0.13543
1019	6.532051	19.615246	0.19493	9.750768	0.136729
1020	6.538462	19.61918	0.198179	9.748408	0.135387
1021	6.544872	19.61943	0.199964	9.749275	0.13826
1022	6.551282	19.620609	0.202334	9.747026	0.137737
1023	6.557692	19.623902	0.201561	9.743861	0.141884
1024	6.564103	19.618262	0.201405	9.747887	0.139831
1025	6.570513	19.618001	0.201728	9.745411	0.138143
1026	6.576923	19.621675	0.200987	9.745409	0.139458
1027	6.583333	19.620949	0.198416	9.745717	0.138893
1028	6.589744	19.619089	0.193795	9.746953	0.136645
1029	6.596154	19.621013	0.192427	9.749049	0.136912
1030	6.602564	19.620393	0.19378	9.753816	0.133872
1031	6.608974	19.621673	0.191229	9.753998	0.135861
1032	6.615385	19.627238	0.189409	9.755301	0.134656
1033	6.621795	19.62844	0.18955	9.755644	0.137852
1034	6.628205	19.627131	0.191238	9.754899	0.136694
1035	6.634615	19.632036	0.191276	9.75633	0.139309
1036	6.641026	19.635909	0.191725	9.755172	0.138855
1037	6.647436	19.636196	0.194736	9.753616	0.140483
1038	6.653846	19.633675	0.197084	9.756806	0.142638
1039	6.660256	19.634341	0.193987	9.761441	0.14044
1040	6.666667	19.638787	0.195666	9.764815	0.144461
1041	6.673077	19.639401	0.193931	9.764389	0.143647
1042	6.679487	19.637968	0.198185	9.763482	0.143992
1043	6.685897	19.63839	0.194928	9.764681	0.145623
1044	6.692308	19.63969	0.194272	9.766586	0.145668
1045	6.698718	19.646337	0.193875	9.765389	0.147152
1046	6.705128	19.646221	0.193289	9.765848	0.152705
1047	6.711538	19.644441	0.194805	9.76677	0.152008
1048	6.717949	19.646068	0.195729	9.767508	0.150165
1049	6.724359	19.648576	0.194026	9.767632	0.149163
1050	6.730769	19.651315	0.196742	9.766833	0.148322
1051	6.737179	19.653595	0.198315	9.768427	0.148664
1052	6.74359	19.655725	0.199932	9.765951	0.149391
1053	6.75	19.656245	0.201232	9.76689	0.15336
1054	6.75641	19.651053	0.199539	9.769281	0.155979
1055	6.762821	19.655617	0.203031	9.770831	0.152834
1056	6.769231	19.654109	0.204898	9.77092	0.148801
1057	6.775641	19.657371	0.203947	9.772956	0.149024
1058	6.782051	19.655453	0.203066	9.770936	0.14946
1059	6.788462	19.656281	0.206408	9.772194	0.145806
1060	6.794872	19.656676	0.211538	9.776373	0.144958
1061	6.801282	19.65528	0.209197	9.776607	0.145442
1062	6.807692	19.656548	0.205186	9.775238	0.146461
1063	6.814103	19.662567	0.209096	9.776242	0.152308
1064	6.820513	19.661445	0.210829	9.776232	0.149233
1065	6.826923	19.663992	0.212213	9.777936	0.152372
1066	6.833333	19.664498	0.210372	9.7785	0.14907
1067	6.839744	19.668304	0.213321	9.778794	0.152117
1068	6.846154	19.667887	0.21594	9.780959	0.150837
1069	6.852564	19.669995	0.210941	9.780923	0.149726
1070	6.858974	19.668846	0.20965	9.780156	0.148336
1071	6.865385	19.674793	0.209119	9.780394	0.147417
1072	6.871795	19.677112	0.20854	9.777533	0.143757
1073	6.878205	19.679752	0.208737	9.776782	0.143577
1074	6.884615	19.682618	0.211431	9.778075	0.144376
1075	6.891026	19.684576	0.214711	9.779195	0.145657
1076	6.897436	19.688139	0.21614	9.780097	0.145224
1077	6.903846	19.690732	0.216589	9.777445	0.144661
1078	6.910256	19.689607	0.212506	9.777553	0.143499
1079	6.916667	19.69285	0.216159	9.779257	0.144715
1080	6.923077	19.691809	0.220864	9.778934	0.144358
1081	6.929487	19.696453	0.221752	9.774054	0.146993
1082	6.935897	19.699899	0.222958	9.778904	0.147778
1083	6.942308	19.699477	0.21788	9.780779	0.146805
1084	6.948718	19.692936	0.220237	9.778387	0.149053
1085	6.955128	19.69392	0.221514	9.782775	0.150634
1086	6.961538	19.693821	0.218834	9.783335	0.152095
1087	6.967949	19.700262	0.214995	9.786418	0.154322
1088	6.974359	19.70194	0.214208	9.790514	0.153172
1089	6.980769	19.704595	0.212884	9.792535	0.15321
1090	6.987179	19.702372	0.207072	9.788625	0.151813
1091	6.99359	19.703133	0.207041	9.791982	0.152343
1092	7.0	19.704921	0.204606	9.792056	0.152944
1093	7.00641	19.707562	0.201641	9.793234	0.152894
1094	7.012821	19.708703	0.201327	9.79746	0.156642
1095	7.019231	19.70794	0.203704	9.794433	0.159721
1096	7.025641	19.710445	0.204137	9.790553	0.156197
1097	7.032051	19.706746	0.204319	9.79489	0.157276
1098	7.038462	19.713744	0.206212	9.796874	0.15042
1099	7.044872	19.719046	0.207704	9.79893	0.151518
1100	7.051282	19.716997	0.206589	9.799131	0.153022
1101	7.057692	19.716388	0.208525	9.799849	0.154066
1102	7.064103	19.71713	0.208258	9.80168	0.15575
1103	7.070513	19.711842	0.205883	9.798801	0.157149
1104	7.076923	19.712584	0.203699	9.79839	0.156108
1105	7.083333	19.712655	0.200354	9.798547	0.1587
1106	7.089744	19.717212	0.197621	9.802123	0.158598
1107	7.096154	19.720508	0.196841	9.800684	0.157533
1108	7.102564	19.719853	0.202949	9.799574	0.157029
1109	7.108974	19.719576	0.200771	9.801489	0.156955
1110	7.115385	19.719008	0.198678	9.80483	0.158245
1111	7.121795	19.717586	0.201368	9.804058	0.157136
1112	7.128205	19.719542	0.206802	9.807683	0.155857
1113	7.134615	19.719224	0.207211	9.810897	0.156693
1114	7.141026	19.714149	0.205043	9.811307	0.15846
1115	7.147436	19.713832	0.207024	9.812418	0.157865
1116	7.153846	19.709288	0.207793	9.815117	0.15598
1117	7.160256	19.709182	0.20877	9.812833	0.156782
1118	7.166667	19.713173	0.207097	9.813919	0.156188
1119	7.173077	19.717432	0.209031	9.819385	0.156345
1120	7.179487	19.719863	0.210841	9.819781	0.158227
1121	7.185897	19.721341	0.218241	9.818944	0.157395
1122	7.192308	19.722936	0.217548	9.816386	0.157614
1123	7.198718	19.722936	0.213755	9.814979	0.15633
1124	7.205128	19.718457	0.215506	9.813235	0.154405
1125	7.211538	19.721382	0.214404	9.812427	0.152303
1126	7.217949	19.721562	0.211559	9.809138	0.151644
1127	7.224359	19.722473	0.219345	9.813394	0.151017
1128	7.230769	19.722098	0.2181	9.814224	0.151522
1129	7.237179	19.730176	0.217507	9.816746	0.15131
1130	7.24359	19.734058	0.220897	9.816837	0.153204
1131	7.25	19.736398	0.218711	9.818176	0.154955
1132	7.25641	19.735477	0.214194	9.817287	0.155175
1133	7.262821	19.734991	0.218469	9.816732	0.154911
1134	7.269231	19.734375	0.214385	9.817011	0.155762
1135	7.275641	19.734563	0.215286	9.822345	0.153634
1136	7.282051	19.735428	0.219898	9.819839	0.152163
1137	7.288462	19.734515	0.219642	9.822122	0.156298
1138	7.294872	19.736631	0.216173	9.822859	0.155822
1139	7.301282	19.735659	0.209862	9.822039	0.153985
1140	7.307692	19.733896	0.206333	9.823459	0.155009
1141	7.314103	19.730772	0.204187	9.819285	0.155445
1142	7.320513	19.733467	0.206072	9.816729	0.153494
1143	7.326923	19.735137	0.201169	9.816875	0.152255
1144	7.333333	19.7357	0.202129	9.8194	0.150254
1145	7.339744	19.737187	0.205912	9.825515	0.150725
1146	7.346154	19.734124	0.207434	9.828465	0.148604
1147	7.352564	19.734802	0.204774	9.834004	0.147901
1148	7.358974	19.734845	0.209273	9.83676	0.151319
1149	7.365385	19.735598	0.209869	9.837565	0.150925
1150	7.371795	19.736159	0.206925	9.83792	0.145556
1151	7.378205	19.739902	0.208217	9.835172	0.144862
1152	7.384615	19.73794	0.205129	9.831036	0.142835
1153	7.391026	19.737397	0.203796	9.832662	0.143015
1154	7.397436	19.735957	0.204744	9.832302	0.140074
1155	7.403846	19.737554	0.202121	9.830604	0.13927
1156	7.410256	19.742131	0.20475	9.83219	0.141704
1157	7.416667	19.742108	0.206838	9.837052	0.142595
1158	7.423077	19.740167	0.207649	9.836349	0.143108
1159	7.429487	19.740986	0.210534	9.837002	0.143019
1160	7.435897	19.740162	0.207688	9.836068	0.144058
1161	7.442308	19.740375	0.207514	9.839488	0.143929
1162	7.448718	19.746279	0.203927	9.840413	0.146067
1163	7.455128	19.750089	0.207698	9.841068	0.147159
1164	7.461538	19.748197	0.20852	9.838528	0.14748
1165	7.467949	19.747192	0.210369	9.842833	0.146823
1166	7.474359	19.748953	0.208762	9.842461	0.147438
1167	7.480769	19.749566	0.207897	9.839087	0.148006
1168	7.487179	19.750383	0.212529	9.838756	0.148199
1169	7.49359	19.752972	0.212715	9.838088	0.144976
1170	7.5	19.757036	0.211073	9.838728	0.145269
1171	7.50641	19.757169	0.211387	9.837283	0.142678
1172	7.512821	19.753641	0.209799	9.836864	0.143984
1173	7.519231	19.753535	0.213621	9.835356	0.147632
1174	7.525641	19.752085	0.211282	9.837802	0.147546
1175	7.532051	19.756063	0.209389	9.83712	0.146367
1176	7.538462	19.75332	0.20971	9.837735	0.14403
1177	7.544872	19.752733	0.209425	9.839569	0.143615
1178	7.551282	19.756229	0.20985	9.841834	0.141147
1179	7.557692	19.756042	0.208218	9.843852	0.139095
1180	7.564103	19.758096	0.208229	9.839014	0.141844
1181	7.570513	19.757275	0.209178	9.837307	0.140807
1182	7.576923	19.761015	0.208663	9.837169	0.141376
1183	7.583333	19.764178	0.205898	9.841268	0.143194
1184	7.589744	19.761889	0.202412	9.842888	0.144085
1185	7.596154	19.760277	0.202679	9.843529	0.1425
1186	7.602564	19.758597	0.200695	9.845894	0.142092
1187	7.608974	19.758062	0.199679	9.843696	0.140099
1188	7.615385	19.756099	0.197528	9.845049	0.141899
1189	7.621795	19.752486	0.195158	9.848648	0.143996
1190	7.628205	19.755698	0.194187	9.849251	0.149035
1191	7.634615	19.756323	0.196613	9.849369	0.148611
1192	7.641026	19.754955	0.194896	9.848254	0.148724
1193	7.647436	19.758566	0.203626	9.851039	0.147907
1194	7.653846	19.760371	0.206623	9.847372	0.144869
1195	7.660256	19.761231	0.203291	9.848119	0.144863
1196	7.666667	19.763302	0.200792	9.849405	0.144715
1197	7.673077	19.766525	0.203248	9.850863	0.142711
1198	7.679487	19.766904	0.204021	9.848747	0.142756
1199	7.685897	19.771768	0.211068	9.848056	0.147971
1200	7.692308	19.774978	0.210067	9.849716	0.146567
1201	7.698718	19.778696	0.208046	9.85425	0.144143
1202	7.705128	19.778039	0.205504	9.853518	0.141904
1203	7.711538	19.776499	0.205318	9.851155	0.144722
1204	7.717949	19.781527	0.206719	9.848816	0.145537
1205	7.724359	19.781167	0.206743	9.849808	0.146999
1206	7.730769	19.782991	0.205436	9.851502	0.145284
1207	7.737179	19.783554	0.200744	9.85204	0.14432
1208	7.74359	19.786106	0.199143	9.851032	0.139724
1209	7.75	19.790261	0.200619	9.849153	0.138985
1210	7.75641	19.790499	0.198037	9.848959	0.139781
1211	7.762821	19.795639	0.198042	9.852305	0.138555
1212	7.769231	19.79684	0.201722	9.855231	0.138604
1213	7.775641	19.788515	0.201154	9.85662	0.138276
1214	7.782051	19.786187	0.198303	9.855733	0.140652
1215	7.788462	19.78855	0.202914	9.856207	0.141804
1216	7.794872	19.786219	0.201029	9.853167	0.141385
1217	7.801282	19.787896	0.20061	9.852858	0.141064
1218	7.807692	19.790202	0.202858	9.8535	0.138984
1219	7.814103	19.793535	0.200357	9.85817	0.145128
1220	7.820513	19.791162	0.198195	9.857063	0.147159
1221	7.826923	19.790143	0.200567	9.858285	0.148221
1222	7.833333	19.78908	0.20638	9.858558	0.147221
1223	7.839744	19.789348	0.20574	9.861132	0.145928
1224	7.846154	19.789501	0.202886	9.857803	0.144821
1225	7.852564	19.793394	0.200673	9.858178	0.145452
1226	7.858974	19.793346	0.200594	9.854204	0.149243
1227	7.865385	19.793448	0.201292	9.854043	0.151452
1228	7.871795	19.794696	0.202059	9.85388	0.149688
1229	7.878205	19.796019	0.201319	9.854232	0.156329
1230	7.884615	19.797965	0.200312	9.859102	0.157542
1231	7.891026	19.79784	0.201151	9.860517	0.160037
1232	7.897436	19.799328	0.201875	9.858078	0.157635
1233	7.903846	19.798515	0.202667	9.857311	0.156754
1234	7.910256	19.797652	0.198167	9.860317	0.154184
1235	7.916667	19.795726	0.199287	9.85896	0.153664
1236	7.923077	19.797242	0.198971	9.861489	0.150352
1237	7.929487	19.796436	0.201048	9.859545	0.148499
1238	7.935897	19.799959	0.201238	9.85908	0.14886
1239	7.942308	19.802805	0.199769	9.866555	0.144408
1240	7.948718	19.802428	0.202354	9.868374	0.140581
1241	7.955128	19.804826	0.204349	9.867573	0.145393
1242	7.961538	19.806049	0.207701	9.866114	0.14596
1243	7.967949	19.804338	0.207677	9.865472	0.147366
1244	7.974359	19.807664	0.209374	9.864093	0.145947
1245	7.980769	19.809634	0.21115	9.863204	0.146386
1246	7.987179	19.805319	0.214653	9.863164	0.143239
1247	7.99359	19.805586	0.210355	9.864004	0.140993
1248	8.0	19.798534	0.211611	9.861304	0.14152
1249	8.00641	19.801562	0.212892	9.861754	0.143089
1250	8.012821	19.802789	0.212104	9.860779	0.143865
1251	8.019231	19.799228	0.211492	9.858754	0.142106
1252	8.025641	19.799788	0.211842	9.858107	0.140195
1253	8.032051	19.801551	0.208689	9.861078	0.141974
1254	8.038462	19.798807	0.211017	9.863184	0.140893
1255	8.044872	19.799442	0.210492	9.86107	0.140512
1256	8.051282	19.800804	0.209581	9.863135	0.140983
1257	8.057692	19.801883	0.208377	9.863473	0.142746
1258	8.064103	19.807032	0.214546	9.865146	0.138988
1259	8.070513	19.810369	0.217147	9.867321	0.137831
1260	8.076923	19.807026	0.214167	9.86846	0.138737
1261	8.083333	19.804564	0.212451	9.865958	0.141349
1262	8.089744	19.806545	0.210248	9.8644	0.142585
1263	8.096154	19.806308	0.208225	9.863373	0.140684
1264	8.102564	19.809531	0.205815	9.858971	0.140181
1265	8.108974	19.806774	0.202128	9.859549	0.140927
1266	8.115385	19.801757	0.201221	9.864182	0.141074
1267	8.121795	19.80005	0.202199	9.863428	0.142348
1268	8.128205	19.80237	0.198306	9.864992	0.142646
1269	8.134615	19.800874	0.196894	9.866885	0.144446
1270	8.141026	19.803662	0.192199	9.869424	0.146502
1271	8.147436	19.802356	0.191058	9.870721	0.145768
1272	8.153846	19.8017	0.193465	9.870883	0.143009
1273	8.160256	19.802453	0.191857	9.870331	0.145289
1274	8.166667	19.802753	0.191938	9.871395	0.145591
1275	8.173077	19.805954	0.195562	9.871201	0.147659
1276	8.179487	19.803722	0.19397	9.875724	0.144718
1277	8.185897	19.806423	0.194998	9.876354	0.143807
1278	8.192308	19.810938	0.195016	9.876362	0.142016
1279	8.198718	19.811058	0.192887	9.880354	0.137231
1280	8.205128	19.812463	0.196988	9.879516	0.13948
1281	8.211538	19.814336	0.19754	9.883688	0.137956
1282	8.217949	19.813005	0.196273	9.882606	0.140373
1283	8.224359	19.812284	0.193944	9.880664	0.142448
1284	8.230769	19.816372	0.193878	9.880904	0.142186
1285	8.237179	19.820351	0.199101	9.883114	0.139072
1286	8.24359	19.819489	0.196818	9.879365	0.139521
1287	8.25	19.820826	0.199615	9.881511	0.139674
1288	8.25641	19.818994	0.200495	9.880126	0.137867
1289	8.262821	19.818835	0.202975	9.878348	0.136465
1290	8.269231	19.815853	0.201987	9.882889	0.138356
1291	8.275641	19.812821	0.200728	9.883791	0.135885
1292	8.282051	19.809215	0.200922	9.882649	0.13377
1293	8.288462	19.811077	0.20172	9.880807	0.13366
1294	8.294872	19.813394	0.201088	9.884771	0.134596
1295	8.301282	19.816052	0.198798	9.884797	0.134126
1296	8.307692	19.816872	0.19901	9.887671	0.135284
1297	8.314103	19.820449	0.197956	9.88587	0.136482
1298	8.320513	19.818648	0.195363	9.884966	0.137153
1299	8.326923	19.822209	0.195567	9.88655	0.138536
1300	8.333333	19.825499	0.193168	9.888362	0.137313
1301	8.339744	19.824466	0.19321	9.89111	0.139905
1302	8.346154	19.824811	0.194647	9.88978	0.141088
1303	8.352564	19.827898	0.193089	9.889211	0.140752
1304	8.358974	19.827691	0.194802	9.89105	0.141472
1305	8.365385	19.826215	0.196278	9.892219	0.140587
1306	8.371795	19.827276	0.194862	9.891175	0.141426
1307	8.378205	19.826417	0.196737	9.889992	0.139525
1308	8.384615	19.828744	0.194013	9.891803	0.138774
1309	8.391026	19.833064	0.19125	9.890572	0.137869
1310	8.397436	19.829564	0.188422	9.891971	0.139031
1311	8.403846	19.831844	0.193304	9.893304	0.136045
1312	8.410256	19.833876	0.189776	9.898397	0.135124
1313	8.416667	19.83729	0.191664	9.897256	0.136135
1314	8.423077	19.834205	0.190287	9.89552	0.139806
1315	8.429487	19.831382	0.191663	9.895345	0.139962
1316	8.435897	19.832285	0.195195	9.895247	0.138456
1317	8.442308	19.832826	0.197209	9.896488	0.141618
1318	8.448718	19.830497	0.197908	9.896669	0.141975
1319	8.455128	19.828512	0.195791	9.897703	0.14198
1320	8.461538	19.828878	0.191955	9.898639	0.140968
1321	8.467949	19.83368	0.187714	9.898234	0.137137
1322	8.474359	19.835028	0.184429	9.900782	0.137158
1323	8.480769	19.835061	0.18886	9.900284	0.134086
1324	8.487179	19.833727	0.185745	9.899383	0.136297
1325	8.49359	19.832356	0.183275	9.900246	0.135445
1326	8.5	19.83074	0.183409	9.90051	0.132484
1327	8.50641	19.829644	0.184934	9.898742	0.133559
1328	8.512821	19.829786	0.185106	9.896713	0.130457
1329	8.519231	19.83225	0.185196	9.894775	0.130041
1330	8.525641	19.830564	0.184416	9.896725	0.129733
1331	8.532051	19.82735	0.186262	9.896275	0.133782
1332	8.538462	19.827727	0.186437	9.893289	0.136671
1333	8.544872	19.826489	0.189843	9.891961	0.13434
1334	8.551282	19.826797	0.187033	9.895098	0.136761
1335	8.557692	19.827633	0.188998	9.893527	0.139925
1336	8.564103	19.829394	0.188434	9.898989	0.138809
1337	8.570513	19.834609	0.183103	9.899208	0.142537
1338	8.576923	19.835339	0.185262	9.901399	0.14451
1339	8.583333	19.837408	0.183771	9.896207	0.146379
1340	8.589744	19.838131	0.184851	9.896303	0.146412
1341	8.596154	19.836255	0.186507	9.892094	0.1463
1342	8.602564	19.839622	0.185502	9.894137	0.143207
1343	8.608974	19.840855	0.186646	9.896509	0.146031
1344	8.615385	19.839757	0.185566	9.893703	0.148452
1345	8.621795	19.83936	0.189587	9.895713	0.14593
1346	8.628205	19.84135	0.188273	9.896424	0.148783
1347	8.634615	19.83802	0.191292	9.898103	0.148215
1348	8.641026	19.840502	0.193123	9.893863	0.151917
1349	8.647436	19.841983	0.195577	9.894144	0.15479
1350	8.653846	19.842968	0.198036	9.893247	0.153547
1351	8.660256	19.843451	0.19676	9.890037	0.155978
1352	8.666667	19.840552	0.196726	9.889425	0.150603
1353	8.673077	19.84308	0.193832	9.889147	0.147991
1354	8.679487	19.841661	0.195998	9.887704	0.147768
1355	8.685897	19.84581	0.19545	9.889319	0.145355
1356	8.692308	19.842191	0.189814	9.888136	0.144649
1357	8.698718	19.842678	0.192177	9.889575	0.145235
1358	8.705128	19.847537	0.191215	9.887143	0.145952
1359	8.711538	19.842529	0.191109	9.887702	0.143996
1360	8.717949	19.849016	0.193989	9.887757	0.13953
1361	8.724359	19.851103	0.194193	9.890145	0.135793
1362	8.730769	19.853802	0.190756	9.889898	0.136116
1363	8.737179	19.854788	0.187097	9.889718	0.136415
1364	8.74359	19.855122	0.186811	9.888772	0.1391
1365	8.75	19.860294	0.189652	9.889244	0.141168
1366	8.75641	19.859949	0.194119	9.891305	0.140257
1367	8.762821	19.858411	0.194467	9.889602	0.137369
1368	8.769231	19.855781	0.196178	9.887529	0.138229
1369	8.775641	19.854089	0.1988	9.88765	0.137261
1370	8.782051	19.854973	0.194884	9.885904	0.136237
1371	8.788462	19.855028	0.193748	9.882726	0.135998
1372	8.794872	19.854282	0.191344	9.880589	0.134262
1373	8.801282	19.851765	0.188659	9.882305	0.131376
1374	8.807692	19.853283	0.186769	9.886267	0.130863
1375	8.814103	19.853147	0.189743	9.888798	0.128445
1376	8.820513	19.855016	0.191082	9.888333	0.130015
1377	8.826923	19.854298	0.190944	9.888941	0.130264
1378	8.833333	19.850091	0.196115	9.889054	0.13459
1379	8.839744	19.855775	0.199091	9.889894	0.136721
1380	8.846154	19.854717	0.199173	9.889279	0.135854
1381	8.852564	19.852097	0.202152	9.885624	0.137363
1382	8.858974	19.855986	0.199037	9.884432	0.138105
1383	8.865385	19.859081	0.202196	9.884385	0.135899
1384	8.871795	19.859052	0.199495	9.886909	0.137437
1385	8.878205	19.860642	0.198831	9.887709	0.137555
1386	8.884615	19.860601	0.198208	9.887479	0.132715
1387	8.891026	19.856013	0.198538	9.884646	0.134765
1388	8.897436	19.855253	0.201079	9.885089	0.134884
1389	8.903846	19.860471	0.197316	9.885395	0.137707
1390	8.910256	19.865132	0.197562	9.887787	0.136747
1391	8.916667	19.867203	0.195193	9.885745	0.137154
1392	8.923077	19.869323	0.198505	9.887244	0.13501
1393	8.929487	19.873555	0.201464	9.893173	0.139384
1394	8.935897	19.873367	0.19865	9.889888	0.137398
1395	8.942308	19.872356	0.193107	9.890654	0.137003
1396	8.948718	19.87577	0.195476	9.888961	0.136763
1397	8.955128	19.873881	0.193119	9.889619	0.138416
1398	8.961538	19.876302	0.191529	9.889249	0.135708
1399	8.967949	19.879386	0.193194	9.8908	0.136543
1400	8.974359	19.872757	0.192898	9.89045	0.137551
1401	8.980769	19.867481	0.194661	9.890232	0.140245
1402	8.987179	19.866988	0.194537	9.888352	0.142908
1403	8.99359	19.867732	0.189158	9.887847	0.143301
1404	9.0	19.867987	0.183953	9.889483	0.141676
1405	9.00641	19.871644	0.184049	9.887833	0.142169
1406	9.012821	19.871306	0.182431	9.887236	0.142714
1407	9.019231	19.869916	0.185237	9.891038	0.145752
1408	9.025641	19.87438	0.188964	9.890408	0.144756
1409	9.032051	19.87281	0.189388	9.892741	0.144746
1410	9.038462	19.867451	0.187337	9.89611	0.144778
1411	9.044872	19.863539	0.187343	9.895266	0.144746
1412	9.051282	19.871583	0.183699	9.89587	0.143911
1413	9.057692	19.870031	0.18727	9.896951	0.143935
1414	9.064103	19.871795	0.189418	9.90066	0.143709
1415	9.070513	19.875641	0.187871	9.897171	0.142984
1416	9.076923	19.874071	0.18373	9.896439	0.142671
1417	9.083333	19.874841	0.178496	9.89799	0.142882
1418	9.089744	19.868489	0.177698	9.895961	0.141351
1419	9.096154	19.873294	0.179702	9.895619	0.143024
1420	9.102564	19.878213	0.183763	9.899826	0.141064
1421	9.108974	19.878643	0.182118	9.901866	0.141237
1422	9.115385	19.878603	0.188742	9.902801	0.144774
1423	9.121795	19.874517	0.186807	9.906093	0.146003
1424	9.128205	19.873106	0.183878	9.906769	0.146915
1425	9.134615	19.878191	0.184257	9.906307	0.150237
1426	9.141026	19.880895	0.183886	9.908302	0.149596
1427	9.147436	19.883006	0.188533	9.909118	0.150442
1428	9.153846	19.882085	0.190237	9.910467	0.150841
1429	9.160256	19.883379	0.19032	9.911205	0.155051
1430	9.166667	19.881067	0.19397	9.908316	0.15637
1431	9.173077	19.885951	0.192978	9.909238	0.152648
1432	9.179487	19.881168	0.191752	9.912564	0.151673
1433	9.185897	19.879888	0.18962	9.912881	0.1546
1434	9.192308	19.882183	0.194185	9.912457	0.151342
1435	9.198718	19.88484	0.188723	9.913056	0.152397
1436	9.205128	19.885119	0.190496	9.916396	0.153747
1437	9.211538	19.883485	0.191278	9.916371	0.154847
1438	9.217949	19.885626	0.192473	9.91499	0.152448
1439	9.224359	19.886032	0.195673	9.914792	0.153951
1440	9.230769	19.888264	0.1955	9.918794	0.154004
1441	9.237179	19.888835	0.193224	9.919909	0.156715
1442	9.24359	19.891446	0.191687	9.919679	0.157061
1443	9.25	19.894971	0.192766	9.920854	0.158939
1444	9.25641	19.891987	0.193972	9.920288	0.160927
1445	9.262821	19.894217	0.19339	9.919847	0.159756
1446	9.269231	19.894503	0.196473	9.920899	0.155816
1447	9.275641	19.894958	0.198608	9.91763	0.148917
1448	9.282051	19.89164	0.199817	9.916691	0.149852
1449	9.288462	19.889023	0.198065	9.917863	0.152753
1450	9.294872	19.892156	0.202615	9.91771	0.150168
1451	9.301282	19.892147	0.202818	9.918385	0.151503
1452	9.307692	19.88974	0.203961	9.918247	0.154865
1453	9.314103	19.891566	0.202337	9.920244	0.157096
1454	9.320513	19.885115	0.209942	9.917177	0.155301
1455	9.326923	19.885437	0.209446	9.916578	0.15475
1456	9.333333	19.884042	0.211863	9.916012	0.149145
1457	9.339744	19.884762	0.208818	9.915886	0.151158
1458	9.346154	19.886029	0.212758	9.916468	0.149577
1459	9.352564	19.889256	0.212079	9.917764	0.150175
1460	9.358974	19.889636	0.209273	9.910726	0.148928
1461	9.365385	19.893882	0.21364	9.911171	0.148844
1462	9.371795	19.893644	0.212423	9.912749	0.150965
1463	9.378205	19.896432	0.214868	9.913377	0.148827
1464	9.384615	19.896923	0.215895	9.91328	0.152043
1465	9.391026	19.899324	0.21675	9.914664	0.148363
1466	9.397436	19.896216	0.221031	9.914804	0.15034
1467	9.403846	19.897346	0.223556	9.916201	0.152417
1468	9.410256	19.896178	0.223858	9.917604	0.154559
1469	9.416667	19.892107	0.225409	9.917196	0.15699
1470	9.423077	19.896965	0.223375	9.91801	0.152596
1471	9.429487	19.896767	0.225053	9.919409	0.150701
1472	9.435897	19.897667	0.222639	9.920618	0.155199
1473	9.442308	19.894657	0.222105	9.919974	0.153402
1474	9.448718	19.894938	0.22228	9.920315	0.156586
1475	9.455128	19.889949	0.220485	9.919918	0.160207
1476	9.461538	19.889069	0.218116	9.92467	0.162521
1477	9.467949	19.888472	0.218914	9.923257	0.155756
1478	9.474359	19.889498	0.219476	9.922354	0.157249
1479	9.480769	19.893398	0.221272	9.926815	0.153693
1480	9.487179	19.894454	0.217731	9.929359	0.156064
1481	9.49359	19.894522	0.222227	9.928607	0.157648
1482	9.5	19.89767	0.22216	9.927461	0.15628
1483	9.50641	19.898994	0.216187	9.92884	0.156776
1484	9.512821	19.896676	0.214232	9.928006	0.159685
1485	9.519231	19.895522	0.21353	9.926785	0.155072
1486	9.525641	19.898809	0.212552	9.927931	0.152601
1487	9.532051	19.902338	0.211917	9.931189	0.149889
1488	9.538462	19.904001	0.208055	9.93376	0.150198
1489	9.544872	19.905317	0.210742	9.933512	0.152744
1490	9.551282	19.902474	0.21262	9.934386	0.150873
1491	9.557692	19.905902	0.212552	9.933385	0.153033
1492	9.564103	19.908818	0.212622	9.934455	0.153608
1493	9.570513	19.907773	0.216895	9.92829	0.152426
1494	9.576923	19.909293	0.220758	9.927061	0.152784
1495	9.583333	19.907728	0.223464	9.929284	0.150859
1496	9.589744	19.911995	0.222396	9.929323	0.156293
1497	9.596154	19.908142	0.221241	9.927867	0.157259
1498	9.602564	19.906428	0.222362	9.924204	0.158633
1499	9.608974	19.90747	0.223588	9.92292	0.161495
1500	9.615385	19.908786	0.226999	9.926952	0.162243
1501	9.621795	19.906272	0.223274	9.926453	0.163304
1502	9.628205	19.905081	0.228834	9.92342	0.164171
1503	9.634615	19.902653	0.230751	9.919062	0.162847
1504	9.641026	19.89833	0.229791	9.921298	0.162656
1505	9.647436	19.903437	0.225637	9.919525	0.164147
1506	9.653846	19.902439	0.226311	9.916771	0.165066
1507	9.660256	19.900762	0.222815	9.917889	0.165569
1508	9.666667	19.898299	0.22265	9.915168	0.165142
1509	9.673077	19.899867	0.224586	9.916945	0.161685
1510	9.679487	19.898999	0.22134	9.91669	0.160101
1511	9.685897	19.896794	0.218455	9.919044	0.160083
1512	9.692308	19.893921	0.218351	9.919601	0.158603
1513	9.698718	19.895444	0.218118	9.921094	0.154154
1514	9.705128	19.901113	0.219274	9.92241	0.153089
1515	9.711538	19.903359	0.224456	9.923602	0.156003
1516	9.717949	19.901862	0.224815	9.925688	0.153903
1517	9.724359	19.902754	0.224178	9.927719	0.154166
1518	9.730769	19.90281	0.220548	9.921913	0.155986
1519	9.737179	19.901622	0.218423	9.924952	0.158515
1520	9.74359	19.902902	0.217858	9.927704	0.156508
1521	9.75	19.905152	0.219683	9.931138	0.158596
1522	9.75641	19.905057	0.21725	9.929174	0.157073
1523	9.762821	19.905105	0.213617	9.927724	0.156569
1524	9.769231	19.907931	0.211466	9.927586	0.154364
1525	9.775641	19.901484	0.210772	9.928695	0.152539
1526	9.782051	19.905221	0.213059	9.927822	0.152824
1527	9.788462	19.900601	0.21804	9.922876	0.152063
1528	9.794872	19.901533	0.220081	9.924682	0.156615
1529	9.801282	19.903182	0.221356	9.926771	0.156451
1530	9.807692	19.900031	0.224709	9.925984	0.155492
1531	9.814103	19.903982	0.223027	9.927679	0.153449
1532	9.820513	19.902726	0.221585	9.926787	0.15221
1533	9.826923	19.897992	0.221441	9.92545	0.155276
1534	9.833333	19.89536	0.220407	9.926193	0.153506
1535	9.839744	19.894017	0.2217	9.928772	0.155078
1536	9.846154	19.893496	0.225843	9.930517	0.153355
1537	9.852564	19.895718	0.220069	9.929213	0.154774
1538	9.858974	19.900492	0.221498	9.931006	0.150591
1539	9.865385	19.897554	0.220243	9.932527	0.149934
1540	9.871795	19.89273	0.214629	9.933361	0.149259
1541	9.878205	19.890587	0.211088	9.931159	0.149939
1542	9.884615	19.888466	0.21255	9.930029	0.149801
1543	9.891026	19.891629	0.210058	9.929771	0.149656
1544	9.897436	19.887473	0.211163	9.927529	0.147535
1545	9.903846	19.886843	0.211185	9.925847	0.149996
1546	9.910256	19.890167	0.205321	9.929386	0.149461
1547	9.916667	19.891122	0.207443	9.930201	0.147968
1548	9.923077	19.892891	0.204515	9.931061	0.148228
1549	9.929487	19.899964	0.205992	9.92723	0.142118
1550	9.935897	19.899632	0.210394	9.92922	0.140127
1551	9.942308	19.899528	0.209435	9.93092	0.139041
1552	9.948718	19.894754	0.211597	9.928641	0.137722
1553	9.955128	19.893303	0.214606	9.927607	0.135934
1554	9.961538	19.890172	0.211463	9.926628	0.141479
1555	9.967949	19.889792	0.211971	9.925284	0.142705
1556	9.974359	19.890382	0.211335	9.923084	0.139946
1557	9.980769	19.887294	0.212333	9.922344	0.141213
1558	9.987179	19.887245	0.212651	9.923733	0.142712
1559	9.99359	19.887163	0.211878	9.921918	0.138019
1560	10.0	19.888808	0.216994	9.924893	0.139021
