case	k	seed	cell	f	a	volume	A_star	d_R	pieces
b	1	15001	126	0.596491	1.012812	79	78.000693	35.67341	2
b	1	15001	691	0.581967	0.98195	86	87.580834	36.885846	1
b	1	15001	963	0.613636	0.833182	50	60.010931	33.595521	1
b	1	15001	992	0.647059	0.808922	23	28.432885	33.994878	1
b	1	15001	1000	0.638889	1.03384	45	43.52706	35.207474	1
b	2	15002	445	0.5625	0.985055	63	63.955834	34.007031	1
b	2	15002	446	0.5625	0.977602	72	73.649635	36.264917	2
b	2	15002	811	0.593023	0.916305	50	54.566973	34.009284	1
b	2	15002	941	0.6	0.9917	59	59.493826	34.739373	2
b	3	15003	117	0.575	0.994256	49	49.283077	36.5909	1
b	3	15003	135	0.575	0.990709	46	46.431389	38.769111	1
b	3	15003	252	0.735849	1.003932	75	74.706275	42.801131	1
b	3	15003	483	0.618182	0.985603	69	70.007939	39.878691	2
b	3	15003	891	0.588235	0.962114	58	60.283896	32.795216	2
b	4	15004	302	0.58	0.930358	66	70.940398	37.293315	1
b	4	15004	418	0.627273	0.926975	62	66.884199	34.298132	1
b	4	15004	465	0.731707	0.876464	50	57.047379	38.358565	1
b	4	15004	855	0.659574	0.953274	48	50.35276	34.594602	2
b	4	15004	892	0.588235	0.987566	59	59.742818	33.501628	2
b	4	15004	923	0.77027	0.960184	41	42.700164	34.850314	1
b	4	15004	925	0.744186	1.03541	40	38.632056	37.085896	2
b	4	15004	990	0.563636	0.971771	56	57.626764	35.136065	3
b	5	15005	51	0.0	0.41617	15	36.043	3.82487	1
b	5	15005	69	0.59434	0.942629	78	82.747291	33.388966	1
b	5	15005	227	0.633929	0.937405	61	65.073242	38.29048	2
b	5	15005	505	0.75	0.927059	53	57.170016	38.539435	2
b	5	15005	835	0.574468	0.866945	47	54.213363	38.543297	3
b	5	15005	906	0.65	0.948278	53	55.890783	33.322748	2
b	5	15005	938	0.585714	0.818757	25	30.534101	34.334131	1
b	5	15005	944	0.602041	1.005124	52	51.734911	34.91802	1
b	6	15006	81	0.598039	0.883237	52	58.874338	34.396521	3
b	6	15006	145	0.719697	1.012067	99	97.819619	33.550803	1
b	6	15006	222	0.583333	0.991026	71	71.642956	39.424459	1
b	6	15006	544	0.723214	0.955839	73	76.372669	36.966457	1
b	6	15006	859	0.642857	1.017705	58	56.990959	38.47575	1
b	6	15006	873	0.638298	0.949177	59	62.159085	39.757414	1
b	7	15007	344	0.591667	1.026695	88	85.711883	32.7684	1
b	7	15007	509	0.6	0.961633	98	101.909967	38.365881	1
b	7	15007	850	0.579545	0.967168	54	55.833102	31.733243	1
b	7	15007	934	0.6	0.943982	37	39.195659	39.028826	1
b	8	15008	194	0.572917	0.997568	71	71.173072	35.110147	1
b	8	15008	404	0.570175	0.986857	84	85.1187	35.516268	1
b	8	15008	592	0.583333	1.007194	83	82.407132	35.259462	1
b	8	15008	746	0.583333	0.938848	47	50.061366	37.197716	1
b	9	15009	36	0.595745	0.938562	52	55.403887	36.37918	2
b	9	15009	288	0.679487	0.925175	36	38.911558	37.707107	1
b	9	15009	326	0.611111	1.020514	56	54.874307	34.030402	1
b	9	15009	590	0.581633	0.925018	46	49.728736	33.957628	1
b	9	15009	688	0.564103	0.999254	35	35.026115	33.466296	1
b	9	15009	742	0.666667	0.929874	67	72.052734	37.602789	1
b	9	15009	819	0.678571	0.782818	20	25.548718	36.578638	1
b	9	15009	846	0.602564	0.885249	41	46.314674	39.296473	1
b	9	15009	952	0.689655	0.904235	24	26.541787	34.246898	1
b	10	15010	277	0.578571	0.984358	104	105.652659	34.638212	1
b	10	15010	676	0.580645	1.02439	97	94.690461	32.065749	1
b	10	15010	775	0.704545	0.916554	50	54.552136	34.222463	1
b	10	15010	819	0.608696	0.994134	57	57.336347	39.01282	1
b	11	15011	46	0.564815	1.017493	85	83.538621	37.929455	1
b	11	15011	151	0.602041	0.936919	58	61.905053	35.467502	1
b	11	15011	222	0.607143	0.984786	87	88.344065	37.706163	1
b	11	15011	270	0.641509	0.97116	77	79.286605	36.585275	1
b	11	15011	273	0.565217	0.92798	59	63.578944	36.864459	1
b	11	15011	653	0.654545	0.98125	71	72.356666	35.065711	1
b	12	15012	22	0.560345	0.995544	97	97.434192	36.110552	1
b	12	15012	35	0.63	0.913998	62	67.833858	36.649624	1
b	12	15012	268	0.666667	0.907053	49	54.021075	38.042007	1
b	12	15012	284	0.570175	0.960337	75	78.097593	40.196654	1
b	12	15012	510	0.619048	0.959538	49	51.066217	38.086213	1
b	12	15012	926	0.61	0.932195	62	66.509703	39.2286	1
b	12	15012	938	0.806818	0.96195	49	50.938225	37.097191	1
b	13	15013	324	0.617021	0.924354	50	54.091828	33.331394	1
b	13	15013	725	0.820755	0.956156	75	78.439107	35.325865	1
b	13	15013	820	0.678571	0.920405	47	51.064453	36.518466	1
b	13	15013	880	0.607143	0.94205	49	52.014207	37.891073	1
b	13	15013	938	0.621951	0.970228	47	48.44221	38.587323	1
b	13	15013	975	0.563636	1.039871	51	49.044544	33.338578	1
b	14	15014	46	0.670213	0.962898	57	59.196321	36.193377	1
b	14	15014	306	0.702128	0.991143	62	62.554057	37.591627	1
b	14	15014	696	0.571429	0.837331	34	40.605217	34.147505	2
b	14	15014	849	0.666667	0.957085	49	51.19714	38.282119	1
b	14	15014	892	0.602273	0.940423	53	56.357611	35.681255	1
b	14	15014	927	0.0	0.368806	14	37.960339	11.949217	1
b	14	15014	972	0.642857	0.921602	56	60.763735	37.344815	1
b	14	15014	992	0.621951	1.000684	39	38.973349	36.036989	1
b	15	15015	43	0.663636	0.963657	79	81.979335	34.017904	2
b	15	15015	166	0.57	0.972628	66	67.857422	33.602323	1
b	15	15015	251	0.614583	0.940546	52	55.287046	35.409288	2
b	15	15015	448	0.587719	0.961433	72	74.888231	33.426704	1
b	15	15015	652	0.566038	0.917409	71	77.391885	34.677884	2
b	15	15015	654	0.598214	0.90923	75	82.487399	34.093642	2
b	16	15016	75	0.638298	0.90471	61	67.424899	38.9429	1
b	16	15016	139	0.77193	0.980494	84	85.671119	39.07918	1
b	16	15016	194	0.6	0.96313	61	63.335181	37.682174	1
b	16	15016	336	0.612069	0.986592	97	98.318296	36.426571	1
b	16	15016	469	0.597826	0.976315	57	58.382812	35.15863	2
b	16	15016	759	0.560976	0.936082	54	57.687248	37.849344	1
b	16	15016	853	0.565217	0.901169	53	58.8125	32.408777	1
b	17	15017	151	0.6	0.966961	80	82.733461	35.482243	1
b	17	15017	230	0.583333	1.000852	83	82.929309	35.939819	1
b	17	15017	252	0.566038	0.970775	80	82.408361	36.138388	1
b	17	15017	480	0.583333	0.981626	78	79.460024	33.385556	1
b	17	15017	786	0.583333	0.814866	30	36.815871	33.792525	1
b	17	15017	837	0.734694	0.903536	51	56.444903	34.361435	1
b	17	15017	864	0.602273	0.947775	50	52.755135	36.917935	1
b	18	15018	3	0.564815	0.951225	62	65.179089	34.810679	2
b	18	15018	102	0.73	0.952203	59	61.961599	39.372048	1
b	18	15018	350	0.567797	0.944071	78	82.620873	36.425219	2
b	18	15018	595	0.611111	0.873355	41	46.945391	35.389004	1
b	18	15018	874	0.670455	0.97877	54	55.171276	38.961877	1
b	18	15018	963	0.63	0.980791	47	47.92052	36.136263	2
b	19	15019	106	0.0	0.065957	2	30.32299	3.133285	1
b	19	15019	265	0.585106	0.984591	52	52.813792	36.4226	1
b	19	15019	321	0.609756	0.920823	38	41.267452	33.229406	3
b	19	15019	439	0.5625	0.945778	58	61.325164	37.7708	1
b	19	15019	503	0.585938	0.974808	115	117.9719	38.025296	1
b	19	15019	651	0.666667	0.899576	44	48.911936	37.247976	2
b	19	15019	972	0.0	0.329783	10	30.32299	3.556322	1
b	20	15020	337	0.587719	0.959964	71	73.961127	35.570839	4
b	20	15020	710	0.585366	0.979828	36	36.741148	37.245821	1
b	20	15020	724	0.62963	0.920004	68	73.912739	36.383937	1
b	20	15020	770	0.641509	0.955606	59	61.740896	36.231097	1
b	20	15020	822	0.0	0.406198	14	34.465946	14.853108	1
b	20	15020	906	0.563636	0.992739	80	80.585118	35.39272	2
b	20	15020	916	0.586957	0.934756	56	59.908707	35.630678	2
b	20	15020	977	0.565217	0.94995	62	65.26657	37.487124	1
b	21	15021	127	0.592308	0.942093	108	114.638357	33.814863	1
b	21	15021	150	0.602041	0.926757	57	61.50482	36.048359	1
b	21	15021	650	0.5625	0.974616	53	54.380418	35.630023	1
b	21	15021	957	0.693182	0.998845	48	48.055507	36.199904	1
b	21	15021	972	0.581633	0.988723	59	59.672946	36.052907	1
b	22	15022	59	0.76087	0.975043	50	51.279769	36.310062	1
b	22	15022	704	0.568627	0.92344	69	74.720577	34.322325	1
b	22	15022	752	0.589286	0.976339	75	76.817603	35.855105	1
b	22	15022	886	0.5625	0.949901	42	44.215127	36.784565	1
b	22	15022	935	0.571429	0.880341	35	39.75734	36.015116	1
b	22	15022	971	0.622449	0.970916	49	50.467805	35.74042	2
b	23	15023	30	0.577586	1.006556	102	101.335685	35.438161	1
b	23	15023	74	0.62766	0.963183	64	66.446384	36.979909	1
b	23	15023	119	0.596774	0.961743	83	86.301663	36.424714	1
b	23	15023	309	0.62963	0.952477	68	71.392767	36.342835	2
b	23	15023	674	0.572581	0.99104	97	97.877016	35.317464	1
b	23	15023	705	0.711864	0.98133	79	80.503024	36.470391	3
b	23	15023	835	0.613636	0.953773	58	60.811114	37.297201	1
b	24	15024	144	0.647727	0.955538	54	56.512664	35.494174	1
b	24	15024	329	0.604167	0.931847	57	61.168819	37.691043	2
b	24	15024	653	0.574074	0.979513	83	84.736013	32.814593	1
b	24	15024	823	0.653061	0.889169	57	64.104776	37.814929	2
b	24	15024	839	0.573529	0.947869	35	36.924931	33.627304	1
b	24	15024	989	0.581395	0.810443	43	53.057428	35.482306	1
b	25	15025	155	0.571429	1.002596	84	83.78251	32.896755	1
b	25	15025	575	0.705882	0.997352	59	59.156628	34.682461	3
b	25	15025	588	0.574074	0.948431	75	79.077999	38.363216	1
b	25	15025	681	0.636364	0.98523	82	83.229335	32.427017	1
b	25	15025	794	0.572917	0.927717	72	77.609879	37.719254	1
b	25	15025	979	0.6375	0.892992	44	49.272555	37.234133	1
b	25	15025	989	0.593023	0.960303	55	57.273564	39.425848	1
b	26	15026	400	0.642857	0.911107	49	53.780746	34.907887	2
b	26	15026	555	0.587302	0.977554	100	102.296119	35.896245	2
b	26	15026	776	0.573171	0.846898	45	53.135081	34.354717	1
b	26	15026	780	0.601852	0.913394	67	73.352823	36.791856	1
b	26	15026	782	0.6	0.911084	58	63.660408	35.633975	1
b	26	15026	809	0.622449	0.944225	68	72.016759	35.621877	2
b	26	15026	810	0.564815	0.97803	73	74.639869	36.49385	1
b	27	15027	62	0.669492	0.972975	95	97.638735	34.749135	1
b	27	15027	270	0.617647	0.973177	65	66.791551	34.245111	2
b	27	15027	315	0.5875	0.826067	43	52.0539	35.739856	1
b	27	15027	343	0.607843	0.933787	60	64.254473	34.135811	1
b	27	15027	415	0.0	0.410417	14	34.111659	15.362061	1
b	27	15027	913	0.0	0.381101	13	34.111659	14.328207	1
b	28	15028	169	0.62766	0.94124	53	56.30872	33.439473	1
b	28	15028	458	0.568182	0.977259	101	103.350302	37.992361	1
b	28	15028	669	0.5625	0.947469	75	79.158266	32.776854	1
b	28	15028	719	0.567308	0.976496	75	76.805192	36.482882	1
b	28	15028	777	0.633929	0.961279	85	88.423891	38.061837	1
b	28	15028	833	0.71875	0.791181	29	36.654045	35.740683	1
b	29	15029	168	0.587719	0.986672	82	83.107674	38.805884	1
b	29	15029	330	0.6	0.904003	60	66.37144	35.99898	1
b	29	15029	617	0.569767	1.001229	46	45.943517	32.626955	1
b	29	15029	785	0.579545	0.978674	47	48.024162	33.486659	1
b	30	15030	572	0.607692	0.984809	98	99.511656	33.339488	2
b	30	15030	674	0.586538	0.929796	74	79.587324	37.228834	1
b	30	15030	788	0.619048	0.905145	52	57.449376	33.059251	1
b	31	15031	107	0.613208	0.962697	78	81.022366	37.099094	1
b	31	15031	318	0.607143	0.995893	67	67.276273	38.673647	3
b	31	15031	330	0.563636	0.969459	81	83.551726	36.26255	1
b	31	15031	576	0.572581	0.968065	102	105.364793	33.110178	1
b	31	15031	731	0.590909	1.008649	75	74.356918	37.980033	2
b	31	15031	778	0.626984	0.937846	74	78.904171	34.361528	2
b	31	15031	912	0.71875	0.919695	42	45.667307	33.268731	1
b	31	15031	950	0.0	0.313996	11	35.032305	13.774689	1
b	31	15031	952	0.0	0.399631	14	35.032305	14.886308	1
b	32	15032	173	0.590164	0.953562	91	95.431641	36.91522	2
b	32	15032	392	0.6875	0.978837	60	61.297222	36.454151	1
b	32	15032	669	0.586207	0.988099	83	83.999685	36.099452	1
b	32	15032	883	0.625	0.959211	57	59.423828	34.301487	2
b	33	15033	66	0.592105	0.933419	42	44.995873	34.078604	1
b	33	15033	203	0.561224	0.971663	60	61.749811	35.246244	1
b	33	15033	218	0.601852	1.014347	84	82.811933	33.593199	1
b	33	15033	259	0.602273	0.92129	55	59.698872	36.712119	1
b	33	15033	899	0.847222	0.801152	30	37.446084	36.591755	1
b	34	15034	202	0.564815	0.974673	77	79.000851	35.199189	1
b	34	15034	667	0.636364	0.980897	59	60.149005	35.742318	3
b	34	15034	795	0.586957	0.955493	62	64.887947	35.985318	1
b	34	15034	855	0.67	0.974345	57	58.500851	35.892164	1
b	34	15034	899	0.581633	0.984749	71	72.099609	35.758813	1
b	35	15035	21	0.606061	0.960722	90	93.679498	35.776425	1
b	35	15035	192	0.575758	0.951182	105	110.388987	34.784081	1
b	35	15035	205	0.579365	0.967502	97	100.258191	36.227856	1
b	35	15035	251	0.596491	0.962853	72	74.777785	35.056143	2
b	35	15035	428	0.595238	0.989984	116	117.173639	36.399142	1
b	35	15035	726	0.622449	0.97117	62	63.840505	34.886448	1
b	36	15036	347	0.574074	0.931525	73	78.366116	36.202864	1
b	36	15036	611	0.564815	0.977636	75	76.715631	34.054762	1
b	36	15036	627	0.627451	0.967442	73	75.456716	39.367621	1
b	36	15036	862	0.648936	0.993181	50	50.343277	40.303777	1
b	36	15036	940	0.578125	0.892337	31	34.740234	32.574541	1
b	36	15036	970	0.61	1.012162	68	67.182901	33.424284	1
b	37	15037	303	0.577778	0.957474	59	61.620464	38.795434	1
b	37	15037	325	0.572917	1.023691	70	68.38004	31.610197	1
b	37	15037	443	0.576087	0.999755	55	55.013483	37.720322	1
b	37	15037	756	0.609091	0.975789	73	74.81124	38.30577	2
b	37	15037	831	0.0	0.407474	14	34.358052	22.937354	1
b	37	15037	980	0.644444	0.942489	54	57.295111	37.724767	1
b	37	15037	996	0.653061	0.916923	52	56.711442	35.479559	1
b	38	15038	439	0.761364	0.967782	58	59.930822	34.766477	1
b	38	15038	666	0.660714	0.99342	74	74.490171	35.545718	1
b	38	15038	676	0.568627	0.989376	75	75.805381	33.512858	1
b	38	15038	696	0.567308	0.952273	77	80.859123	35.002332	1
b	38	15038	761	0.563636	0.939182	66	70.273942	34.735764	1
b	38	15038	944	0.618421	0.906161	47	51.867187	36.171379	1
b	39	15039	689	0.587719	0.942097	82	87.03985	38.077099	2
b	39	15039	749	0.574074	1.001311	70	69.908329	38.986997	1
b	40	15040	82	0.576923	0.991982	77	77.622354	35.427249	1
b	40	15040	151	0.587719	0.991614	96	96.81187	35.246747	1
b	40	15040	651	0.596154	0.926174	64	69.101499	33.471108	1
b	40	15040	981	0.59375	0.984184	62	62.996346	37.544186	1
b	41	15041	219	0.670213	0.974472	68	69.781376	36.972864	1
b	41	15041	357	0.567901	0.991605	143	144.210685	37.714105	1
b	41	15041	359	0.0	0.389436	16	41.085055	2.957928	1
b	41	15041	570	0.566667	0.975955	92	94.266633	37.254662	1
b	41	15041	577	0.587302	0.990215	88	88.869582	35.587722	1
b	41	15041	632	0.672414	0.983401	88	89.485383	34.158841	1
b	41	15041	785	0.605769	1.000486	68	67.966986	34.113065	1
b	41	15041	929	0.597826	0.944747	61	64.56754	34.363492	1
b	41	15041	970	0.707317	0.90303	43	47.61744	38.828182	1
b	41	15041	979	0.590909	0.923343	34	36.822707	38.509567	1
b	42	15042	161	0.669811	0.998227	68	68.120779	38.701575	2
b	42	15042	165	0.592593	0.980128	64	65.297568	37.535649	2
b	42	15042	280	0.641026	0.93115	46	49.401304	34.226718	1
b	42	15042	428	0.586538	0.994525	72	72.396358	34.649589	1
b	42	15042	496	0.590909	0.974021	117	120.12059	37.231827	1
b	42	15042	695	0.491071	1.107275	81	73.152533	36.05303	1
b	42	15042	808	0.613636	0.945156	47	49.727256	32.703413	2
b	42	15042	831	0.647727	0.988863	49	49.551852	32.818581	1
b	42	15042	849	0.573171	0.923169	49	53.078062	33.159047	1
b	42	15042	954	0.642857	0.973642	53	54.434791	38.657198	1
b	43	15043	96	0.59375	0.975335	125	128.161101	38.619431	1
b	43	15043	174	0.642857	0.848271	39	45.975869	38.62507	1
b	43	15043	722	0.5625	0.994515	58	58.319871	36.064538	1
b	43	15043	725	0.622449	0.94099	59	62.699912	39.053179	1
b	43	15043	777	0.59434	0.943944	74	78.394468	35.351063	1
b	43	15043	806	0.614035	0.965295	82	84.948085	36.370594	1
b	44	15044	469	0.56383	0.949713	56	58.965159	33.538629	1
b	44	15044	477	0.567797	0.983128	99	100.698967	33.593915	1
b	44	15044	567	0.7	0.926492	45	48.570281	33.686299	1
b	44	15044	989	0.72619	0.981583	44	44.825573	34.782892	1
b	44	15044	994	0.637931	1.03039	66	64.053396	35.753194	1
b	45	15045	156	0.605263	0.867365	32	36.893366	37.810148	2
b	45	15045	260	0.578947	0.972455	48	49.359596	33.360644	1
b	45	15045	330	0.592593	0.990383	75	75.728264	38.609822	1
b	45	15045	497	0.5625	0.974939	66	67.69651	37.2909	3
b	45	15045	639	0.59434	1.041963	68	65.261435	33.847623	2
b	45	15045	743	0.565217	0.958179	66	68.880639	37.162974	1
b	45	15045	812	0.606383	0.961079	61	63.470357	35.468097	1
b	46	15046	118	0.715686	1.004743	55	54.74036	33.975683	1
b	46	15046	328	0.564815	1.026145	84	81.859816	33.726364	1
b	46	15046	459	0.563636	1.04532	71	67.921812	34.857592	1
b	46	15046	552	0.575758	0.975039	89	91.278415	34.907995	2
b	46	15046	958	0.588235	0.845838	33	39.014585	32.910427	1
b	46	15046	962	0.565789	0.991947	46	46.373456	33.481698	1
b	46	15046	986	0.66	1.034147	53	51.249968	37.094253	2
b	47	15047	59	0.574074	0.988183	71	71.849042	36.524767	2
b	47	15047	167	0.577778	0.8876	51	57.458291	36.628654	1
b	47	15047	332	0.583333	0.957664	61	63.696636	36.038879	1
b	47	15047	858	0.597826	0.953884	63	66.045741	34.719601	1
b	47	15047	908	0.615385	0.995073	41	41.202999	35.661671	1
b	47	15047	913	0.618421	0.920392	45	48.8922	34.72496	1
b	47	15047	959	0.628205	0.969752	47	48.465978	36.707041	1
b	48	15048	20	0.583333	0.980353	106	108.12437	36.448481	3
b	48	15048	120	0.698113	0.948357	70	73.811838	38.316019	2
b	48	15048	273	0.607692	0.997669	102	102.238281	36.038715	1
b	48	15048	454	0.58871	0.9246	103	111.399572	36.114845	1
b	48	15048	459	0.604167	0.91258	58	63.556042	36.3758	2
b	48	15048	461	0.568627	0.948309	65	68.543032	37.965696	1
b	48	15048	509	0.59322	0.970719	95	97.865612	37.734056	1
b	48	15048	872	0.66	0.9252	62	67.012569	35.202281	1
b	48	15048	923	0.0	0.414018	18	43.476405	9.541349	1
b	48	15048	940	0.627907	0.916521	44	48.007655	34.967285	1
b	49	15049	35	0.5625	0.810155	37	45.670268	36.016987	1
b	49	15049	282	0.657407	1.014486	86	84.771988	36.235836	1
b	49	15049	439	0.589744	0.847296	31	36.586977	37.599197	1
b	49	15049	461	0.588889	0.994246	66	66.381962	36.089282	1
b	49	15049	585	0.690476	0.907097	46	50.711253	36.91253	1
b	49	15049	774	0.574468	0.93637	51	54.465631	33.223447	1
b	49	15049	943	0.586207	1.015325	66	65.003843	35.217693	1
b	50	15050	157	0.645833	0.921121	46	49.939138	35.307644	2
b	50	15050	206	0.576087	0.948907	62	65.338332	34.154714	1
b	50	15050	329	0.62037	0.963522	65	67.460811	37.378169	3
b	50	15050	555	0.618644	0.992087	95	95.757686	34.016561	1
b	50	15050	594	0.616279	0.917998	45	49.01972	36.570146	2
b	50	15050	788	0.595745	0.977166	64	65.495527	36.634466	1
b	50	15050	841	0.669811	0.946199	68	71.866494	36.051807	1
b	51	15051	369	0.571429	0.978516	74	75.624685	37.473634	2
b	51	15051	428	0.675439	0.960229	88	91.644783	36.625085	1
b	51	15051	505	0.650943	0.98238	67	68.201739	36.598315	1
b	51	15051	520	0.719512	1.00157	47	46.926348	35.079676	1
b	51	15051	598	0.605263	0.840612	41	48.774005	36.781738	1
b	51	15051	874	0.625	0.971472	62	63.820691	37.107421	1
b	51	15051	990	0.617021	0.891405	56	62.822203	37.08883	1
b	52	15052	292	0.571429	0.946534	50	52.824313	34.111194	1
b	52	15052	478	0.602273	0.939289	57	60.684192	35.129041	1
b	52	15052	895	0.642857	0.946338	60	63.402281	38.453868	1
b	52	15052	929	0.571429	0.922194	49	53.134136	35.964773	1
b	53	15053	288	0.571429	0.984865	79	80.214025	34.174054	1
b	53	15053	404	0.0	0.384714	12	31.191989	27.489896	1
b	53	15053	664	0.58871	0.964434	89	92.282069	38.930685	1
b	53	15053	847	0.651163	0.951836	48	50.428837	38.513955	1
b	53	15053	887	0.617647	0.843903	37	43.843908	38.827136	1
b	53	15053	939	0.609375	0.863491	33	38.216954	38.335572	1
b	53	15053	947	0.575	0.953325	46	48.252174	34.299157	1
b	53	15053	953	0.617647	0.985675	64	64.930097	37.033831	1
b	53	15053	988	0.591837	0.970126	56	57.724452	37.586082	1
b	54	15054	162	0.567797	1.007331	97	96.294103	35.753014	1
b	54	15054	309	0.59322	0.992487	85	85.643397	34.707147	1
b	54	15054	544	0.59375	0.976222	70	71.705015	37.827087	1
b	54	15054	577	0.678571	0.926862	50	53.945439	36.225093	1
b	54	15054	760	0.676471	0.916833	37	40.356319	36.59687	1
b	54	15054	854	0.597826	0.956534	51	53.317477	36.362855	1
b	54	15054	908	0.591837	0.989761	57	57.589655	36.588502	1
b	55	15055	228	0.593023	0.930886	46	49.415291	36.713153	1
b	55	15055	383	0.590909	0.969125	57	58.815965	37.202396	1
b	55	15055	440	0.638889	0.974487	73	74.911227	36.359623	1
b	55	15055	534	0.587302	0.95192	95	99.798261	34.854636	1
b	55	15055	667	0.584906	0.968959	73	75.338584	34.892334	1
b	55	15055	774	0.584906	0.978913	81	82.744834	37.253183	1
b	55	15055	899	0.0	0.36307	13	35.805759	14.186925	1
b	55	15055	961	0.615385	0.934556	41	43.871094	36.899699	1
b	56	15056	124	0.575472	0.948369	82	86.464214	32.599425	1
b	56	15056	185	0.602041	0.963273	62	64.363911	36.302631	1
b	56	15056	457	0.673469	0.966445	61	63.117944	36.935014	2
b	56	15056	854	0.597561	0.902622	50	55.394153	33.933904	1
b	56	15056	879	0.0	0.296817	10	33.690839	22.285955	1
b	56	15056	995	0.588889	0.924572	53	57.323841	34.00185	1
b	57	15057	316	0.59	1.004127	75	74.691753	37.254813	1
b	57	15057	353	0.666667	0.934998	51	54.545583	36.405796	1
b	57	15057	770	0.703704	0.952553	66	69.287519	36.469487	1
b	57	15057	811	0.590909	0.976602	82	83.964592	35.395629	1
b	57	15057	925	0.642857	0.961126	67	69.709898	38.638152	1
b	57	15057	971	0.0	0.386	9	23.316083	33.052408	2
b	57	15057	986	0.59434	0.915905	54	58.958102	35.646597	1
b	58	15058	16	0.593023	0.871387	52	59.674994	37.941421	1
b	58	15058	67	0.591837	1.018168	70	68.750945	33.211994	1
b	58	15058	271	0.561224	0.948749	65	68.511278	37.599805	1
b	58	15058	665	0.586538	0.978583	70	71.531975	36.739123	1
b	58	15058	670	0.626984	0.984267	91	92.454574	38.215859	2
b	58	15058	681	0.707547	1.047945	74	70.614384	39.145206	1
b	58	15058	814	0.6625	0.905883	43	47.467474	38.711912	1
b	58	15058	926	0.721154	0.969214	67	69.128213	36.315911	2
b	58	15058	952	0.651163	0.881767	43	48.76572	37.280773	1
b	59	15059	350	0.828571	0.910099	40	43.951266	37.447133	1
b	59	15059	460	0.608108	0.900513	40	44.419126	36.088465	1
b	59	15059	536	0.0	0.373677	12	32.113313	7.04552	1
b	59	15059	967	0.583333	0.913235	44	48.180381	34.761301	1
b	60	15060	5	0.75	0.955289	55	57.574219	34.981915	1
b	60	15060	105	0.571429	0.933649	57	61.050781	37.906995	1
b	60	15060	120	0.577778	0.938786	55	58.586316	33.805144	1
b	60	15060	161	0.561538	1.016422	110	108.222782	35.790494	1
b	60	15060	334	0.181818	1.09874	42	38.225617	32.887019	1
b	60	15060	642	0.609091	0.958446	69	71.991557	33.325443	1
b	60	15060	726	0.636364	0.929698	54	58.083354	37.474546	1
b	61	15061	86	0.661765	0.840505	31	36.882592	35.301676	1
b	61	15061	129	0.566667	0.970478	91	93.768208	36.710894	1
b	61	15061	130	0.653846	0.953146	131	137.439642	36.662222	2
b	61	15061	195	0.588235	0.953683	72	75.496755	36.7104	1
b	61	15061	427	0.575	0.986187	94	95.316595	36.09088	1
b	61	15061	437	0.587719	0.971949	85	87.453188	36.671723	2
b	61	15061	453	0.561538	0.997825	108	108.235446	36.365645	1
b	61	15061	542	0.560976	0.942469	51	54.113187	36.812582	1
b	61	15061	821	0.608696	0.894041	55	61.518429	36.241381	2
b	61	15061	840	0.641304	0.946117	58	61.303207	36.474127	1
b	61	15061	964	0.073529	1.091527	37	33.897461	35.402082	1
b	61	15061	986	0.810811	0.858714	35	40.758632	37.274097	1
b	61	15061	992	0.6375	0.843817	39	46.218529	36.424971	1
b	62	15062	300	0.584746	0.981287	100	101.907006	34.868541	1
b	62	15062	471	0.56383	0.923527	56	60.637097	35.228485	1
b	62	15062	499	0.590909	0.998984	95	95.096648	34.94228	1
b	62	15062	514	0.5625	0.950167	68	71.566343	34.417254	1
b	62	15062	871	0.732558	0.995324	50	50.234879	36.774966	1
b	62	15062	920	0.612245	0.974477	55	56.440524	36.415631	1
b	62	15062	991	0.651163	0.966691	36	37.240423	35.078525	1
b	63	15063	225	0.663934	0.979331	91	92.920615	35.957294	1
b	63	15063	231	0.67	0.944283	65	68.835307	35.6815	1
b	63	15063	627	0.574074	0.90311	68	75.295363	35.866802	1
b	63	15063	757	0.638298	0.96384	63	65.363533	35.704205	1
b	63	15063	981	0.588889	0.933723	45	48.194178	35.695579	1
b	64	15064	168	0.58	0.91652	63	68.738281	35.635904	1
b	64	15064	216	0.606557	0.957347	92	96.098885	35.903839	1
b	64	15064	224	0.696429	0.958179	78	81.404423	34.683288	1
b	64	15064	363	0.625	0.966886	55	56.883663	37.03031	1
b	64	15064	430	0.654412	0.973662	116	119.137853	35.666555	1
b	64	15064	845	0.670732	0.967157	43	44.460229	36.702542	1
b	64	15064	979	0.608108	0.923824	39	42.21582	35.409361	1
b	65	15065	278	0.606667	0.975953	155	158.819052	35.628587	1
b	65	15065	543	0.607143	0.93309	53	56.800529	35.350394	1
b	65	15065	845	0.653061	0.859898	56	65.123992	37.191227	1
b	65	15065	937	0.56383	0.961391	61	63.449723	35.716098	1
b	65	15065	984	0.641304	0.924118	46	49.777218	35.120961	1
b	66	15066	287	0.651163	1.024638	52	50.749622	36.11807	1
b	66	15066	359	0.579545	0.941082	59	62.6938	35.74534	1
b	66	15066	491	0.580645	0.978955	90	91.934728	35.667527	1
b	66	15066	567	0.572727	0.989192	79	79.863155	35.301713	1
b	66	15066	630	0.604651	0.935084	47	50.262853	35.734925	2
b	66	15066	733	0.566038	1.008031	75	74.40247	34.747778	1
b	66	15066	835	0.612245	0.990414	57	57.551663	36.915007	1
b	66	15066	881	0.722222	1.010144	53	52.467742	37.500023	2
b	67	15067	162	0.56383	0.964135	64	66.380765	38.479545	1
b	67	15067	546	0.651163	0.927885	52	56.041425	34.347044	1
b	67	15067	812	0.625	1.043446	66	63.251953	37.050791	1
b	67	15067	935	0.0	0.395476	12	30.343214	22.699965	1
b	67	15067	989	0.69697	0.90966	34	37.376607	37.968886	1
b	67	15067	997	0.62037	0.96643	54	55.875725	38.316195	2
b	68	15068	296	0.596154	0.998307	71	71.120401	38.804545	2
b	68	15068	300	0.572917	0.891444	62	69.550088	32.389886	1
b	68	15068	314	0.567797	0.964668	92	95.369645	34.435034	1
b	68	15068	433	0.616279	0.938274	57	60.749842	38.335304	1
b	68	15068	549	0.612903	0.975153	93	95.369645	34.636407	1
b	68	15068	765	0.636364	0.974095	60	61.595609	36.54201	1
b	69	15069	382	0.734043	0.964152	72	74.677041	34.615025	1
b	69	15069	528	0.629032	0.992641	108	108.800655	37.286514	2
b	69	15069	559	0.795455	0.845734	44	52.025832	34.403503	1
b	69	15069	986	0.583333	0.987918	58	58.709299	35.21126	1
b	70	15070	236	0.0	0.410881	11	26.771736	14.870125	1
b	70	15070	254	0.573171	0.948429	49	51.664378	34.630491	1
b	70	15070	316	0.603448	0.870921	75	86.115738	35.686186	2
b	70	15070	480	0.625	0.915554	66	72.087513	36.096772	1
b	70	15070	482	0.561224	0.930728	56	60.167969	37.238284	2
b	70	15070	669	0.581633	0.884315	50	56.540953	37.824964	2
b	70	15070	859	0.565217	0.919307	56	60.915449	37.497199	1
b	70	15070	923	0.616279	0.928348	55	59.245023	34.024934	1
b	70	15070	994	0.0	0.26147	7	26.771736	15.154792	3
b	71	15071	135	0.576923	1.000429	96	95.958795	34.647088	1
b	71	15071	145	0.567797	0.988111	94	95.131048	35.778757	1
b	71	15071	148	0.641791	1.003461	114	113.606855	37.028123	1
b	71	15071	152	0.606383	0.955921	61	63.812815	36.937611	1
b	71	15071	304	0.615385	0.951874	71	74.589718	37.255843	1
b	71	15071	535	0.675926	0.967136	84	86.854398	35.305196	1
b	71	15071	667	0.573171	0.955044	46	48.165323	37.302709	1
b	71	15071	790	0.586538	0.997722	68	68.155242	36.521497	1
b	72	15072	66	0.574074	0.921085	66	71.654643	35.810278	1
b	72	15072	272	0.568966	0.893249	27	30.22672	35.175281	1
b	72	15072	597	0.804878	0.886377	41	46.255702	34.462158	1
b	72	15072	984	0.635417	0.93607	48	51.278194	36.847289	2
b	72	15072	986	0.636364	1.023173	58	56.686429	36.975902	1
b	73	15073	192	0.572727	0.955923	69	72.181578	32.898983	1
b	73	15073	542	0.598214	0.947729	94	99.184476	38.897687	1
b	73	15073	717	0.565217	0.897485	55	61.282384	35.856352	1
b	73	15073	793	0.583333	0.893728	46	51.469821	36.926846	1
b	73	15073	979	0.644444	0.944719	52	55.042843	36.356931	2
b	74	15074	634	0.607843	0.96147	69	71.765121	35.555941	1
b	74	15074	642	0.596154	0.950887	74	77.822077	34.809733	1
b	74	15074	895	0.574468	0.974979	53	54.360131	36.04514	2
b	74	15074	907	0.639535	0.948653	46	48.489793	35.596488	1
b	74	15074	933	0.671875	0.862693	29	33.615675	35.425003	1
b	75	15075	210	0.561224	0.964989	63	65.285708	37.024385	1
b	75	15075	211	0.58	0.951235	63	66.229681	37.062238	1
b	75	15075	236	0.57	0.948317	60	63.270004	36.620434	1
b	75	15075	257	0.6	1.029672	124	120.426663	36.251125	1
b	75	15075	297	0.59434	0.969198	81	83.574282	36.062443	1
b	75	15075	383	0.62037	1.037039	70	67.499842	34.148282	1
b	75	15075	522	0.610169	0.96095	86	89.494802	34.490406	1
b	75	15075	807	0.712963	0.984101	64	65.033959	36.856532	1
b	75	15075	865	0.608696	0.991862	63	63.516917	35.199266	1
b	76	15076	334	0.580357	0.97721	84	85.959047	37.51907	1
b	76	15076	394	0.627273	0.991461	75	75.645917	38.195823	1
b	76	15076	630	0.607143	0.969932	76	78.355973	33.895282	1
b	76	15076	828	0.580357	1.039117	65	62.553112	34.998602	2
b	76	15076	857	0.602273	1.017979	55	54.028604	38.425595	1
b	76	15076	885	0.0	0.410277	14	34.123299	14.794536	1
b	76	15076	901	0.639535	0.937603	48	51.194367	33.778813	1
b	76	15076	915	0.578947	0.979243	44	44.932649	37.56527	1
b	76	15076	966	0.0	0.410277	14	34.123299	13.942941	1
b	76	15076	982	0.622222	0.901266	42	46.601121	35.48007	1
b	77	15077	318	0.565574	0.976716	98	100.336253	38.52925	1
b	77	15077	733	0.622807	0.965226	82	84.954196	37.727462	1
b	78	15078	12	0.644444	0.948298	52	54.835055	38.51633	1
b	78	15078	157	0.58	0.937085	64	68.296875	37.100086	1
b	78	15078	160	0.686275	0.951897	62	65.133065	37.934069	1
b	78	15078	397	0.568182	0.994349	58	58.329637	35.899973	1
b	78	15078	487	0.579545	0.946041	50	52.851815	33.924891	1
b	78	15078	532	0.575	0.990713	87	87.815524	38.188545	2
b	78	15078	757	0.578431	0.971966	65	66.874748	34.181478	2
b	78	15078	801	0.596154	0.960915	73	75.969254	33.442922	1
b	78	15078	807	0.577778	0.961684	41	42.633569	37.506178	1
b	78	15078	837	0.625	0.954166	66	69.170363	37.910117	1
b	78	15078	868	0.679245	0.957372	75	78.339466	33.638325	1
b	79	15079	161	0.642857	0.871152	41	47.064107	35.207413	1
b	79	15079	462	0.602041	0.959509	64	66.700794	35.212801	1
b	79	15079	810	0.571429	0.992728	55	55.402911	35.055995	1
b	79	15079	872	0.666667	1.007155	77	76.452999	36.110775	1
b	79	15079	894	0.619048	0.91477	51	55.751701	36.765068	1
b	79	15079	984	0.0	0.386066	10	25.902281	26.477981	1
b	80	15080	348	0.686275	0.946196	66	69.753024	35.690282	1
b	80	15080	462	0.666667	0.904284	53	58.609879	37.992258	1
b	80	15080	680	0.6875	0.951286	76	79.891885	32.43031	2
b	80	15080	707	0.590909	0.990295	61	61.597782	38.105119	1
b	80	15080	773	0.712963	0.98828	71	71.841986	36.785375	1
b	80	15080	941	0.579545	0.936984	52	55.497228	36.496072	1
b	80	15080	955	0.561224	0.936525	49	52.321069	33.759366	1
b	80	15080	960	0.614286	0.832839	35	42.02495	31.919847	1
b	81	15081	212	0.584615	0.978416	105	107.31628	34.733237	1
b	81	15081	364	0.647727	0.927408	39	42.052671	35.930462	2
b	81	15081	555	0.575758	0.986073	96	97.355847	35.240293	1
b	81	15081	639	0.578431	0.973028	74	76.051285	36.542517	1
b	81	15081	910	0.0	0.413312	15	36.292213	12.935503	1
b	82	15082	93	0.633333	0.959181	92	95.915134	36.056104	1
b	82	15082	457	0.613636	0.992268	96	96.748047	37.657152	1
b	82	15082	778	0.646154	1.002541	86	85.782069	37.613365	3
b	83	15083	119	0.576087	0.885249	52	58.740518	35.135055	1
b	83	15083	315	0.576923	1.010902	94	92.986265	34.438422	2
b	83	15083	512	0.5625	0.978006	88	89.978957	33.611247	1
b	83	15083	693	0.566667	0.977916	63	64.422726	36.293316	1
b	83	15083	728	0.630952	0.974841	41	42.058137	36.341152	2
b	83	15083	774	0.5875	1.000104	43	42.995527	34.591232	1
b	83	15083	990	0.561224	0.993836	56	56.34731	37.687204	1
b	84	15084	59	0.65	0.993233	76	76.517767	33.502893	1
b	84	15084	540	0.570312	0.991001	96	96.871724	35.632407	1
b	84	15084	958	0.0	0.358117	11	30.71623	13.821205	2
b	84	15084	959	0.681818	1.042906	60	57.531565	35.167444	1
b	84	15084	961	0.575	0.988751	43	43.489226	35.485448	2
b	85	15085	16	0.567797	0.989505	90	90.954574	36.560915	1
b	85	15085	194	0.570175	0.918897	71	77.26657	34.485346	2
b	85	15085	298	0.625	0.97371	69	70.862998	35.49435	1
b	85	15085	479	0.571429	0.979068	110	112.351752	35.594534	1
b	85	15085	502	0.611111	0.985889	52	52.744298	36.20264	1
b	85	15085	591	0.56383	0.993023	54	54.379379	35.640848	1
b	85	15085	848	0.657407	0.958942	79	82.382497	34.98046	1
b	86	15086	1	0.576923	0.842738	39	46.277722	35.439819	1
b	86	15086	263	0.638889	0.962795	81	84.13004	36.419492	1
b	86	15086	374	0.57	0.938716	69	73.504662	36.477913	1
b	86	15086	623	0.642857	0.866892	26	29.992187	37.362552	2
b	86	15086	694	0.7	0.863001	43	49.826109	35.98996	1
b	86	15086	714	0.6	0.995248	66	66.315146	33.59112	1
b	86	15086	776	0.636364	0.883703	58	65.632939	37.339719	1
b	87	15087	319	0.6	0.99921	45	45.035597	37.35299	1
b	87	15087	771	0.690909	1.019711	83	81.395602	37.620061	1
b	87	15087	788	0.57	1.022975	53	51.809696	33.552696	2
b	87	15087	845	0.0	0.416178	17	40.84794	7.927457	1
b	87	15087	915	0.595745	0.960854	67	69.72965	32.681883	1
b	87	15087	937	0.0	0.394535	16	40.554026	7.732616	1
b	88	15088	10	0.57377	0.965229	88	91.170048	34.835774	1
b	88	15088	422	0.614583	0.975288	68	69.722971	37.315145	1
b	88	15088	691	0.602564	1.00352	39	38.863187	36.648307	1
b	88	15088	959	0.585366	0.963088	49	50.878024	34.858343	1
b	88	15088	980	0.337209	1.093826	47	42.968435	36.876811	1
b	89	15089	195	0.688525	0.973572	81	83.198778	35.648938	2
b	89	15089	213	0.569231	0.969539	116	119.644531	36.429278	1
b	89	15089	254	0.642857	0.936092	63	67.301096	36.396596	1
b	89	15089	332	0.0	0.404788	17	41.997322	7.934831	1
b	89	15089	429	0.567797	0.975407	100	102.521358	36.015851	2
b	89	15089	936	0.0	0.399468	13	32.543268	16.931342	1
b	89	15089	954	0.586538	0.942119	67	71.116274	37.063607	1
b	89	15089	1000	0.421569	1.130191	60	53.088379	35.28722	1
b	90	15090	65	0.571429	0.989006	70	70.778163	35.750904	1
b	90	15090	72	0.563636	1.004809	83	82.602791	36.447874	1
b	90	15090	589	0.675926	0.990052	82	82.823904	35.886391	1
b	90	15090	616	0.598361	0.980851	85	86.659463	36.8421	2
b	90	15090	921	0.669811	1.044146	71	67.998173	36.577279	1
b	91	15091	164	0.608696	1.00337	62	61.791772	33.904741	1
b	91	15091	168	0.612245	0.943359	62	65.722625	34.655894	1
b	91	15091	237	0.568627	0.963261	64	66.440965	34.02741	1
b	91	15091	426	0.634146	0.898538	45	50.08137	37.94445	1
b	91	15091	471	0.627451	0.932202	64	68.654675	37.263429	1
b	91	15091	826	0.615385	0.952098	56	58.817477	39.730742	1
b	91	15091	830	0.602041	0.979957	69	70.411227	39.43308	1
b	91	15091	876	0.56383	0.917538	60	65.392358	38.934073	1
b	91	15091	913	0.662162	1.01525	45	44.324061	38.928329	1
b	92	15092	306	0.592593	0.96533	67	69.406345	38.370205	2
b	92	15092	395	0.611111	0.970503	114	117.464907	36.252226	1
b	92	15092	530	0.589286	0.958241	79	82.442729	37.473098	1
b	92	15092	741	0.612245	1.031072	57	55.28229	34.693313	1
b	92	15092	990	0.7625	0.918518	39	42.459709	34.240078	2
b	93	15093	263	0.578125	0.997151	104	104.297127	33.60415	1
b	93	15093	403	0.644231	0.939299	75	79.846774	36.36781	1
b	93	15093	648	0.563636	0.974567	94	96.453125	37.045291	1
b	93	15093	746	0.6	1.001696	64	63.891633	36.928173	1
b	94	15094	109	0.712963	0.976056	58	59.422836	36.907795	1
b	94	15094	181	0.583333	0.913779	58	63.472688	36.317833	1
b	94	15094	231	0.566667	0.955231	93	97.358682	36.145889	1
b	94	15094	394	0.565217	0.963728	61	63.295835	35.300064	1
b	94	15094	479	0.636364	0.916934	49	53.438981	34.608313	1
b	94	15094	504	0.605769	0.967907	75	77.486801	36.522966	1
b	94	15094	607	0.711111	0.978689	54	55.17586	36.867536	1
b	94	15094	831	0.688679	0.932903	69	73.962639	35.45159	1
b	94	15094	885	0.622449	0.941536	56	59.477287	35.676982	1
b	95	15095	201	0.636364	0.92168	51	55.333732	35.289587	1
b	95	15095	295	0.581818	0.992235	88	88.688634	35.435392	1
b	95	15095	777	0.574074	1.000704	69	68.951424	33.793846	1
b	95	15095	780	0.615385	0.951853	72	75.641948	34.974014	1
b	95	15095	791	0.565217	0.917384	56	61.043158	34.682669	1
b	95	15095	811	0.577778	0.925466	62	66.993259	37.176267	1
b	96	15096	6	0.625	0.923005	69	74.755796	35.506097	1
b	96	15096	28	0.62069	1.010119	82	81.178553	37.11027	2
b	96	15096	186	0.571429	0.965013	108	111.915575	36.626194	1
b	96	15096	207	0.678571	1.021012	48	47.01216	36.489168	1
b	96	15096	366	0.636364	0.952214	57	59.860509	36.603065	1
b	96	15096	574	0.663636	0.969498	91	93.863029	36.130792	1
b	96	15096	916	0.0	0.379161	13	34.286227	9.328754	1
b	97	15097	49	0.712766	0.987551	59	59.743763	35.181444	1
b	97	15097	86	0.607843	0.945141	65	68.772839	35.493265	1
b	97	15097	101	0.56383	0.98701	54	54.710717	37.597641	2
b	97	15097	256	0.572727	0.984041	83	84.346081	34.915227	1
b	97	15097	485	0.645455	0.993615	81	81.520476	35.16076	1
b	97	15097	487	0.61	0.991668	57	57.478894	37.254534	1
b	97	15097	578	0.57377	0.980699	97	98.909085	37.155811	1
b	97	15097	966	0.588889	0.836207	45	53.814422	35.746555	1
b	98	15098	150	0.595238	0.948854	87	91.689516	34.005189	2
b	98	15098	175	0.654545	0.95252	70	73.489289	36.746788	2
b	98	15098	690	0.578947	0.955219	70	73.281628	33.97525	3
b	98	15098	762	0.653061	0.918868	56	60.944556	34.939665	1
b	98	15098	797	0.592105	0.848585	35	41.245133	36.685497	1
b	98	15098	818	0.715686	0.92871	63	67.836064	34.674962	1
b	98	15098	901	0.604651	0.907324	36	39.677104	36.137396	1
b	98	15098	919	0.654762	0.994179	47	47.275202	35.27194	1
b	99	15099	32	0.658333	0.965095	79	81.857233	34.326118	3
b	99	15099	509	0.561224	1.009422	54	53.495968	39.756104	1
b	99	15099	751	0.602273	0.974673	60	61.559098	33.251039	1
b	100	15100	60	0.56383	0.991742	55	55.457976	37.1366	1
b	100	15100	394	0.576087	0.924632	63	68.135207	33.773579	1
b	100	15100	443	0.608696	0.959919	61	63.547033	37.302251	1
b	100	15100	795	0.612245	0.959773	62	64.598601	34.254807	1
b	100	15100	885	0.666667	0.97298	35	35.971979	35.202449	3
control	1	15501	502	0.0	1.097781	45	40.991769	27.496201	1
control	1	15501	665	0.0	1.109681	52	46.8603	31.402373	1
control	1	15501	708	0.709091	0.988798	81	81.91766	31.406984	1
control	1	15501	750	0.591837	0.913167	67	73.371062	31.924336	1
control	1	15501	800	0.680556	0.991978	33	33.26688	37.712067	1
control	1	15501	808	0.632075	0.973411	77	79.103239	33.186372	1
control	1	15501	820	0.642857	1.105556	46	41.608012	33.090943	1
control	1	15501	862	0.577778	0.915846	57	62.237552	29.783171	1
control	1	15501	884	0.85	0.971052	87	89.593574	34.307906	1
control	1	15501	894	0.745902	0.998899	98	98.108042	39.873224	2
control	1	15501	900	0.59434	0.963712	66	68.48522	39.795769	1
control	1	15501	924	0.561404	1.016801	88	86.545945	31.394895	1
control	1	15501	940	0.744186	0.92341	51	55.230044	32.580008	1
control	1	15501	941	0.672727	1.04402	81	77.584723	32.564383	1
control	1	15501	989	0.69	0.960341	62	64.560382	35.245898	1
control	1	15501	998	0.695652	1.050192	51	48.562554	29.480447	1
control	2	15502	710	0.696078	1.000128	56	55.992834	32.823939	1
control	2	15502	713	0.639535	1.033888	49	47.393923	33.069185	1
control	2	15502	719	0.0	1.108792	51	45.995993	26.274215	1
control	2	15502	727	0.56383	0.996637	70	70.236208	33.474237	1
control	2	15502	803	0.592308	1.013461	104	102.618612	34.131409	1
control	2	15502	827	0.8125	0.963703	49	50.845536	35.920623	1
control	2	15502	831	0.615942	0.974552	114	116.976821	34.8594	2
control	2	15502	851	0.572917	0.961205	61	63.462014	35.477665	1
control	2	15502	867	0.579545	0.953782	57	59.76208	36.5268	1
control	2	15502	873	0.676923	0.979571	114	116.377533	37.982757	1
control	2	15502	899	0.865079	0.996081	101	101.39737	36.114197	1
control	2	15502	900	0.635417	0.967944	55	56.821489	33.276026	1
control	2	15502	923	0.657895	0.975629	76	77.898444	36.868286	2
control	2	15502	925	0.578947	0.973553	86	88.336233	32.907355	1
control	2	15502	941	0.923077	1.036418	71	68.50517	36.150648	1
control	2	15502	953	0.64	0.947202	65	68.623171	34.123247	1
control	2	15502	954	0.594828	0.99207	85	85.679466	33.947764	2
control	2	15502	959	0.612245	1.010652	61	60.357074	33.361938	1
control	2	15502	965	0.59375	0.902382	56	62.057967	34.043534	2
control	2	15502	971	0.637255	0.982281	74	75.33487	33.898158	1
control	2	15502	987	0.806818	0.991688	47	47.393923	34.786085	1
control	2	15502	991	0.566667	0.99272	63	63.462014	34.942439	1
control	2	15502	995	0.577778	0.940203	54	57.434392	33.156326	1
control	2	15502	997	0.5625	0.914109	52	56.886005	33.411164	1
control	3	15503	590	0.642857	0.982749	107	108.878211	37.953562	1
control	3	15503	731	0.740385	0.97289	78	80.173505	35.145102	1
control	3	15503	733	0.595588	1.001742	122	121.787813	30.105682	1
control	3	15503	744	0.581818	0.984147	68	69.095376	38.192046	1
control	3	15503	751	0.693878	0.949017	59	62.169598	36.125846	1
control	3	15503	771	0.673077	0.94814	63	66.445892	29.419674	3
control	3	15503	860	0.619048	0.953843	36	37.742057	35.719001	3
control	3	15503	863	0.673913	0.951772	58	60.938949	34.194425	1
control	3	15503	868	0.897727	0.974703	61	62.583163	38.768659	1
control	3	15503	906	0.714286	0.987254	91	92.174904	37.147435	1
control	3	15503	912	0.710526	1.010722	86	85.087707	33.587562	1
control	3	15503	917	0.650943	1.002305	87	86.799887	35.158855	1
control	3	15503	928	0.679487	0.917217	39	42.519911	33.365966	1
control	3	15503	931	0.601852	0.97716	74	75.72968	32.760268	1
control	3	15503	932	0.578431	1.001775	81	80.856482	30.361915	1
control	3	15503	945	0.612245	0.956198	67	70.069203	31.460299	2
control	3	15503	947	0.858491	0.986581	69	69.938483	34.136362	1
control	3	15503	950	0.564516	0.958959	87	90.723418	32.787835	2
control	3	15503	956	0.569767	0.926767	58	62.583163	37.24452	1
control	3	15503	965	0.645833	1.007816	66	65.488147	38.548473	1
control	3	15503	977	0.605769	0.977197	69	70.610106	39.469466	1
control	3	15503	988	0.608696	1.020439	54	52.918422	33.949311	1
control	3	15503	989	0.592105	0.966146	41	42.436667	30.993706	2
control	3	15503	993	0.678571	0.930788	49	52.643568	34.020478	1
control	4	15504	272	0.578125	0.957751	98	102.323009	36.539547	1
control	4	15504	566	0.8	1.013855	75	73.975111	36.971942	1
control	4	15504	670	0.787234	0.947375	59	62.277355	34.671426	2
control	4	15504	773	0.6125	0.95056	44	46.288515	33.839737	2
control	4	15504	782	0.609756	0.948605	52	54.817319	34.198225	1
control	4	15504	830	0.611111	0.920741	59	64.078805	36.315349	1
control	4	15504	832	0.619048	1.029416	87	84.513978	35.224631	1
control	4	15504	896	0.598039	0.975253	67	68.700098	32.791775	1
control	4	15504	900	0.6	1.050991	76	72.312733	34.095018	2
control	4	15504	914	0.596491	0.981	88	89.704416	30.291974	1
control	4	15504	923	0.78125	0.974015	84	86.240959	33.570676	3
control	4	15504	937	0.589286	0.982281	87	88.569335	30.786512	1
control	4	15504	944	0.62	0.954264	66	69.163241	36.886361	1
control	4	15504	952	0.673469	0.996077	60	60.236325	36.757579	1
control	4	15504	981	0.666667	0.975282	62	63.571334	32.665702	1
control	4	15504	987	0.62	0.938382	70	74.596504	35.261265	1
control	4	15504	993	0.56383	0.948605	52	54.817319	32.655884	1
control	4	15504	997	0.654762	0.877858	35	39.869796	31.999293	2
control	5	15505	594	0.609375	0.979587	95	96.97965	33.18758	1
control	5	15505	633	0.68	0.976196	72	73.755685	35.866339	1
control	5	15505	694	0.688889	0.96143	58	60.326836	34.036719	1
control	5	15505	738	0.652778	0.985211	39	39.585413	33.720384	1
control	5	15505	742	0.826923	0.952065	81	85.078266	36.411454	1
control	5	15505	748	0.781818	0.963506	77	79.916498	34.455575	2
control	5	15505	753	0.6	0.968982	111	114.553247	34.210792	1
control	5	15505	754	0.856061	0.993773	86	86.538908	34.757507	3
control	5	15505	862	0.561224	0.977895	67	68.514527	35.517626	1
control	5	15505	870	0.6	0.923006	57	61.754768	35.480272	1
control	5	15505	872	0.797872	0.986149	58	58.814658	33.346507	1
control	5	15505	880	0.577465	1.004358	111	110.518343	35.520012	1
control	5	15505	898	0.648936	0.972836	54	55.507823	34.543264	3
control	5	15505	939	0.644231	0.972324	74	76.106311	35.618355	1
control	5	15505	956	0.645455	1.019089	79	77.52018	34.130459	1
control	5	15505	959	0.72	1.059273	66	62.306871	37.487217	1
control	5	15505	960	0.744681	0.952789	62	65.072096	33.384947	1
control	5	15505	961	0.695652	0.965255	54	55.943771	34.562626	2
control	5	15505	967	0.782609	0.964251	59	61.187406	33.627942	1
control	5	15505	971	0.789474	0.928706	46	49.531297	34.740793	1
control	5	15505	988	0.583333	0.945688	56	59.216145	38.791574	1
control	5	15505	1000	0.684211	1.122273	61	54.353988	33.622508	2
control	6	15506	305	0.0	1.090444	64	58.691678	20.253204	1
control	6	15506	437	0.784722	0.984922	125	126.913585	34.355275	2
control	6	15506	597	0.745098	0.96745	70	72.355147	35.823116	1
control	6	15506	777	0.5625	1.036311	70	67.547292	32.808211	1
control	6	15506	784	0.724138	0.995772	81	81.343889	34.611994	1
control	6	15506	787	0.585366	0.932236	49	52.561783	34.983502	1
control	6	15506	810	0.70339	1.003529	106	105.627254	36.698591	1
control	6	15506	811	0.888889	0.968958	46	47.473674	33.735972	2
control	6	15506	813	0.782258	0.984872	79	80.213477	35.821541	1
control	6	15506	817	0.722222	0.980614	66	67.304744	35.882466	1
control	6	15506	821	0.731707	0.846941	40	47.228814	33.78948	1
control	6	15506	827	0.607143	0.946408	43	45.434936	34.513799	2
control	6	15506	838	0.6	0.952869	93	97.600011	34.125092	1
control	6	15506	847	0.731481	0.997709	75	75.172183	35.126362	1
control	6	15506	860	0.661538	0.976274	107	109.600414	34.664771	1
control	6	15506	899	0.947368	1.008715	86	85.256969	35.314106	1
control	6	15506	900	0.816327	0.952708	63	66.127324	36.680824	1
control	6	15506	901	0.590909	0.967663	92	95.07441	31.267906	2
control	6	15506	922	0.754902	0.984564	73	74.144475	35.094634	1
control	6	15506	929	0.595238	1.048237	44	41.975259	31.06006	1
control	6	15506	932	0.568966	0.955401	81	84.781137	34.305486	1
control	6	15506	937	0.744681	0.946134	60	63.415965	33.521233	1
control	6	15506	947	0.568627	0.983066	60	61.033543	31.906559	2
control	6	15506	972	0.723404	0.963307	57	59.171175	35.673802	1
control	6	15506	981	0.571429	0.994888	68	68.349406	32.109909	3
control	6	15506	985	0.597222	0.88038	40	45.434936	36.099705	1
control	6	15506	995	0.818182	0.981619	57	58.067344	34.381222	1
control	7	15507	613	0.566667	0.944491	53	56.114888	32.018441	1
control	7	15507	619	0.611111	0.985144	57	57.859551	33.966806	1
control	7	15507	686	0.818182	0.982304	111	112.999632	36.741997	2
control	7	15507	776	0.685484	0.995685	112	112.485422	33.175108	1
control	7	15507	844	0.648148	0.978881	88	89.898597	32.271278	1
control	7	15507	847	0.65625	1.002444	65	64.841501	35.013242	1
control	7	15507	884	0.696721	0.993884	105	105.646104	34.312677	1
control	7	15507	888	0.622222	0.961782	58	60.3047	33.359257	1
control	7	15507	892	0.711111	0.965272	45	46.618976	33.754151	2
control	7	15507	895	0.663934	0.983423	95	96.601321	32.36664	2
control	7	15507	906	0.729508	0.974363	94	96.473306	33.943363	1
control	7	15507	914	0.7	0.97588	78	79.92789	33.932849	1
control	7	15507	924	0.646341	0.891376	39	43.752579	33.910578	1
control	7	15507	940	0.708333	0.993022	56	56.393525	35.757333	1
control	7	15507	951	0.819149	0.955147	63	65.958437	35.70909	1
control	7	15507	952	0.666667	0.927903	72	77.594316	37.03969	2
control	7	15507	954	0.663043	0.990189	66	66.653963	33.595744	1
control	7	15507	963	0.578431	0.98771	72	72.895882	34.95383	1
control	7	15507	966	0.591837	1.056519	68	64.362328	35.936932	1
control	7	15507	983	0.765957	0.945762	61	64.498249	34.397972	1
control	7	15507	997	0.708333	0.988349	44	44.518708	34.776423	1
control	8	15508	12	0.0	1.090276	27	24.764365	9.876151	1
control	8	15508	255	0.0	1.121024	38	33.897571	13.928392	1
control	8	15508	581	0.581967	0.971238	95	97.813292	34.431621	1
control	8	15508	754	0.744898	1.00275	71	70.805271	34.864906	1
control	8	15508	774	0.604167	0.976833	62	63.470406	36.224286	1
control	8	15508	787	0.59	0.962035	68	70.683485	33.52472	1
control	8	15508	796	0.655738	0.969003	93	95.97497	35.021012	1
control	8	15508	810	0.0	1.093612	47	42.976844	26.499453	1
control	8	15508	813	0.572727	0.986882	77	78.023519	30.522291	1
control	8	15508	846	0.627119	0.989377	100	101.073704	32.730052	1
control	8	15508	853	0.855556	1.024331	51	49.788592	37.21334	1
control	8	15508	860	0.851562	0.996233	95	95.359203	36.385264	3
control	8	15508	892	0.612245	0.930031	71	76.341512	35.840295	1
control	8	15508	896	0.735294	0.964131	83	86.08788	35.792518	1
control	8	15508	899	0.767442	0.989502	48	48.50927	34.428216	1
control	8	15508	905	0.65	0.961382	89	92.575111	35.904986	1
control	8	15508	906	0.566667	0.986967	96	97.2677	36.61293	1
control	8	15508	927	0.613636	0.970431	56	57.706337	34.195936	1
control	8	15508	946	0.612069	0.920845	70	76.017141	36.686152	1
control	8	15508	947	0.585106	0.962029	67	69.64446	34.953738	1
control	8	15508	948	0.571429	0.990346	59	59.575167	34.072527	1
control	8	15508	950	0.627907	0.933706	38	40.698029	39.189305	1
control	8	15508	954	0.787234	0.88834	54	60.787555	36.830226	1
control	8	15508	957	0.561224	0.960096	67	69.784669	33.191162	1
control	8	15508	965	0.59	0.972188	58	59.659216	32.610812	2
control	8	15508	969	0.619565	0.980515	53	54.053205	37.673455	1
control	8	15508	975	0.569767	0.924571	49	52.997546	34.382478	1
control	8	15508	987	0.5625	0.929858	49	52.696212	34.982677	1
control	9	15509	457	0.0	1.107737	54	48.748043	23.83203	1
control	9	15509	537	0.653846	0.983243	92	93.567952	37.029843	1
control	9	15509	547	0.579545	0.947183	56	59.122672	34.830783	1
control	9	15509	585	0.875	0.998179	64	64.11678	37.148878	1
control	9	15509	593	0.576923	0.935952	93	99.364046	35.401035	1
control	9	15509	648	0.655556	0.999772	54	54.012319	35.785837	1
control	9	15509	761	0.704225	0.998871	112	112.126547	38.304321	2
control	9	15509	768	0.57	0.97597	74	75.821984	34.839661	1
control	9	15509	770	0.578571	1.013841	110	108.498274	36.294019	1
control	9	15509	797	0.721311	1.0178	81	79.583384	34.531032	2
control	9	15509	812	0.566667	0.921734	59	64.009782	35.3114	1
control	9	15509	847	0.56383	0.972296	61	62.738109	35.021554	1
control	9	15509	876	0.584906	1.026039	72	70.172744	36.452602	1
control	9	15509	918	0.686047	0.950794	46	48.380641	34.97256	1
control	9	15509	926	0.833333	1.01861	82	80.501866	33.117777	1
control	9	15509	945	0.598039	0.977686	69	70.574788	34.243751	1
control	9	15509	959	0.836957	0.994532	58	58.318914	37.0266	1
control	9	15509	976	0.783784	0.951297	39	40.996654	32.167804	1
control	9	15509	991	0.670213	0.944229	51	54.012319	35.543609	2
control	9	15509	996	0.089744	1.10098	44	39.964395	30.67275	1
control	10	15510	311	0.0	1.158558	28	24.167969	17.76166	1
control	10	15510	460	0.655172	0.966345	86	88.995127	30.395855	1
control	10	15510	535	0.608333	0.96249	92	95.585362	32.86941	1
control	10	15510	632	0.6	1.019179	88	86.34401	38.020664	1
control	10	15510	762	1.0	0.926287	47	50.74019	33.878221	1
control	10	15510	780	0.7	0.997866	105	105.224557	36.041234	1
control	10	15510	781	0.658333	0.946141	78	82.440123	34.259304	1
control	10	15510	806	0.733333	1.001104	60	59.933812	34.361081	1
control	10	15510	815	0.773585	1.008727	82	81.290548	29.874713	1
control	10	15510	879	0.716418	1.016112	109	107.271652	35.847495	2
control	10	15510	921	0.705882	0.988605	81	81.933652	30.66935	1
control	10	15510	925	0.648148	0.986379	73	74.008037	33.164495	1
control	10	15510	940	0.768519	0.992235	77	77.602617	30.550964	1
control	10	15510	946	0.627907	0.947739	47	49.59172	33.298513	1
control	10	15510	967	0.806818	1.003148	48	47.849359	34.646392	2
control	10	15510	970	0.792683	0.975199	46	47.169876	35.401725	1
control	10	15510	972	0.783019	0.943413	69	73.138664	38.966495	1
control	10	15510	978	0.7125	0.893666	38	42.521486	38.762111	1
control	10	15510	983	0.712766	0.966503	62	64.14882	38.383882	1
control	10	15510	992	0.611111	0.924131	37	40.037615	38.038249	2
control	10	15510	993	0.593023	0.981167	43	43.825372	32.918589	2
control	11	15511	389	0.663793	0.964231	95	98.524082	33.806583	1
control	11	15511	423	0.0	1.108786	52	46.898148	17.105051	1
control	11	15511	498	0.585106	0.955967	68	71.132175	31.664094	1
control	11	15511	624	0.669231	0.945187	97	102.625228	35.192694	1
control	11	15511	705	0.692308	0.965762	73	75.587982	31.509103	1
control	11	15511	739	0.576087	0.985667	58	58.843412	30.758396	1
control	11	15511	741	0.646552	0.992683	99	99.729727	33.507828	1
control	11	15511	782	0.566667	1.018939	102	100.104111	32.669874	1
control	11	15511	795	0.614035	0.968048	86	88.838537	32.357285	1
control	11	15511	825	0.754098	0.96426	78	80.891085	38.995678	1
control	11	15511	850	0.6	0.957286	76	79.391073	34.498433	3
control	11	15511	881	0.647541	1.012034	101	99.799057	35.415914	1
control	11	15511	935	0.797872	0.98174	51	51.948578	36.772346	1
control	11	15511	960	0.722222	1.005531	74	73.59297	34.481586	1
control	11	15511	961	0.592593	0.98411	70	71.130253	32.586306	1
control	11	15511	968	0.871429	1.031885	35	33.918517	34.1187	1
control	11	15511	971	0.585366	0.966657	41	42.414216	33.915659	1
control	11	15511	973	0.8375	0.969451	37	38.165933	34.455037	1
control	11	15511	975	0.605263	0.91472	39	42.63599	31.215412	1
control	11	15511	985	0.661765	0.796905	26	32.626204	32.934283	2
control	11	15511	988	0.615385	0.923494	33	35.733849	37.152766	2
control	12	15512	392	0.755814	0.94189	56	59.454949	29.58478	1
control	12	15512	644	0.792308	0.967809	103	106.425992	34.151172	2
control	12	15512	729	0.64	0.960455	61	63.511536	30.305253	1
control	12	15512	748	0.590164	1.015975	97	95.474765	32.058116	2
control	12	15512	774	0.772727	0.967916	55	56.8231	30.396604	2
control	12	15512	779	0.866667	0.994944	45	45.228695	38.240144	2
control	12	15512	790	0.0	1.104311	40	36.221696	29.03637	1
control	12	15512	808	0.675676	0.954028	46	48.216591	33.959076	1
control	12	15512	821	0.602564	0.910256	47	51.633803	33.063425	1
control	12	15512	830	0.731481	0.967469	73	75.454618	37.053312	1
control	12	15512	832	0.576923	0.915153	41	44.801269	33.279023	1
control	12	15512	845	0.663265	0.969264	58	59.839234	34.270697	2
control	12	15512	849	0.677419	0.966982	102	105.48283	36.078218	1
control	12	15512	880	0.758929	1.015897	89	87.607292	31.418631	1
control	12	15512	886	0.773438	1.00177	103	102.817978	29.673015	1
control	12	15512	888	0.772727	0.983432	47	47.791825	36.092285	1
control	12	15512	890	0.756098	0.942761	45	47.732152	34.531127	2
control	12	15512	895	0.823529	0.983524	61	62.021862	37.344016	1
control	12	15512	908	0.698113	0.986902	81	82.075033	35.935574	1
control	12	15512	916	0.605769	1.036128	79	76.245407	30.344817	1
control	12	15512	921	0.653846	0.995437	73	73.33462	33.578001	1
control	12	15512	942	0.706522	0.986736	58	58.779633	35.059262	1
control	12	15512	951	0.702381	0.982115	44	44.801269	33.930154	2
control	12	15512	958	0.682692	1.025466	74	72.162328	31.00468	2
control	12	15512	980	0.670732	0.982036	50	50.914609	36.653998	1
control	12	15512	1000	0.673469	1.060757	49	46.193413	37.110328	2
control	13	15513	410	0.645455	1.005412	85	84.542438	36.342669	2
control	13	15513	599	0.692308	0.922055	41	44.465874	34.703805	1
control	13	15513	632	0.851852	0.940994	63	66.950512	33.947626	1
control	13	15513	698	0.822222	1.060797	48	45.248988	32.96027	1
control	13	15513	712	0.730159	1.014677	102	100.524644	36.465141	1
control	13	15513	816	0.666667	0.84797	47	55.426511	34.678865	1
control	13	15513	849	0.598039	0.950782	77	80.985987	34.68621	1
control	13	15513	877	0.607692	1.004589	103	102.529525	34.53618	1
control	13	15513	894	0.908333	1.007882	94	93.264894	36.648144	1
control	13	15513	903	0.616071	0.969982	78	80.413893	33.946101	1
control	13	15513	909	0.648148	0.946152	83	87.723782	34.525359	1
control	13	15513	915	0.931818	0.989999	49	49.495023	35.643335	2
control	13	15513	916	0.611111	0.98255	63	64.118849	34.705183	1
control	13	15513	920	0.721311	0.978524	87	88.9094	37.200459	2
control	13	15513	943	0.711538	0.924481	70	75.718193	35.433806	1
control	13	15513	947	0.764151	0.964783	80	82.920227	33.403668	1
control	13	15513	950	0.607143	0.93732	74	78.948499	37.361361	1
control	13	15513	965	0.738095	1.001685	53	52.910839	34.621506	1
control	13	15513	967	0.633929	0.987043	73	73.95827	31.179829	1
control	13	15513	968	0.658537	0.908983	50	55.006508	37.627678	1
control	13	15513	976	0.681818	0.941729	46	48.846323	32.192258	1
control	13	15513	980	0.581395	0.888983	47	52.869411	35.591083	1
control	13	15513	995	0.647727	0.964354	47	48.73731	33.454306	2
control	14	15514	472	0.734375	1.006463	105	104.325716	34.756883	1
control	14	15514	665	0.598485	1.031803	89	86.25676	36.203294	1
control	14	15514	704	0.801471	0.972674	115	118.230808	34.992481	1
control	14	15514	736	0.579545	0.995152	56	56.27279	31.960376	1
control	14	15514	763	0.833333	0.938274	86	91.657688	39.226221	1
control	14	15514	783	0.631579	0.946019	88	93.021341	30.322179	2
control	14	15514	810	0.709091	0.957916	75	78.294968	33.383376	1
control	14	15514	823	0.634615	0.968398	69	71.251663	40.992401	1
control	14	15514	835	0.56383	0.992453	60	60.456258	31.508046	1
control	14	15514	837	0.601562	0.995693	110	110.475832	35.664486	1
control	14	15514	860	0.767241	1.014115	88	86.775162	35.731796	1
control	14	15514	876	0.639535	1.000034	48	47.998351	38.200083	1
control	14	15514	890	0.734043	0.930718	60	64.466339	31.199354	1
control	14	15514	917	0.743902	0.933279	52	55.717541	35.864559	1
control	14	15514	924	0.617647	0.945053	58	61.372216	38.613124	2
control	14	15514	945	0.86	0.98286	56	56.976604	31.995003	1
control	14	15514	956	0.811111	0.977254	63	64.466339	33.697625	1
control	14	15514	962	0.653846	0.965058	65	67.353436	32.912832	2
control	14	15514	969	0.806122	0.983476	66	67.108884	38.351578	1
control	14	15514	977	0.704082	1.024424	59	57.593319	33.559726	1
control	14	15514	987	0.691176	0.909295	36	39.591093	37.321027	1
control	14	15514	991	0.572917	1.00204	63	62.871772	37.127352	1
control	15	15515	54	0.0	1.111532	36	32.387727	1.001514	1
control	15	15515	68	0.0	1.109472	40	36.053175	9.156989	1
control	15	15515	488	0.7375	0.966623	52	53.795544	31.385598	1
control	15	15515	499	0.0	1.122204	32	28.515312	19.949306	1
control	15	15515	536	0.604651	0.940056	60	63.825967	33.713418	1
control	15	15515	560	0.733333	0.937914	53	56.508389	33.71394	1
control	15	15515	619	0.637255	1.006784	74	73.501377	35.375949	1
control	15	15515	623	0.0	1.109556	56	50.470645	21.719738	1
control	15	15515	651	0.0	1.098277	70	63.736172	21.603599	1
control	15	15515	653	0.560345	0.959365	96	100.066173	32.33646	2
control	15	15515	671	0.58	0.948769	58	61.13182	34.785935	1
control	15	15515	682	0.67	0.981919	74	75.362604	33.917233	1
control	15	15515	685	0.622807	0.973064	94	96.602118	33.359395	1
control	15	15515	818	0.79661	0.981321	88	89.675044	36.594403	2
control	15	15515	843	0.59375	0.98502	65	65.988484	34.640417	1
control	15	15515	867	0.642857	0.981747	51	51.948198	32.348877	1
control	15	15515	903	0.583333	0.986178	91	92.275384	38.01173	1
control	15	15515	906	0.615385	0.876808	36	41.058043	36.73417	1
control	15	15515	914	0.627273	1.015206	86	84.711876	36.630754	1
control	15	15515	921	0.682692	0.990625	86	86.813918	35.627374	1
control	15	15515	924	0.806452	0.96941	32	33.009758	30.721539	1
control	15	15515	925	0.65625	0.907817	61	67.194144	38.558976	1
control	15	15515	927	0.606061	0.889963	33	37.080175	35.479998	1
control	15	15515	929	0.63	0.969426	74	76.333853	33.258152	1
control	15	15515	937	0.588235	0.981813	67	68.241086	35.235798	1
control	15	15515	939	0.625	1.024348	73	71.264838	32.957789	1
control	15	15515	946	0.678571	0.846374	46	54.349499	33.116693	1
control	15	15515	969	0.581395	0.960486	56	58.303796	33.094373	1
control	15	15515	972	0.755814	0.941127	48	51.002701	32.706213	1
control	15	15515	979	0.735849	0.96325	71	73.708827	37.105704	1
control	15	15515	985	0.755319	0.998005	60	60.119939	31.325034	1
control	15	15515	996	0.693548	0.848234	28	33.009758	31.535097	1
control	15	15515	999	0.717949	0.985388	47	47.696935	35.390593	1
control	16	15516	485	0.586538	0.945995	74	78.224549	40.166773	2
control	16	15516	724	0.690909	0.987135	77	78.003505	33.960183	1
control	16	15516	750	0.0	1.101251	39	35.41428	33.353162	1
control	16	15516	762	0.570312	0.989745	98	99.015391	31.231178	1
control	16	15516	770	0.727273	1.007451	100	99.26045	32.939164	1
control	16	15516	780	0.610169	0.980137	90	91.823909	33.397819	1
control	16	15516	784	0.666667	0.925391	76	82.127407	30.56575	1
control	16	15516	801	0.597826	0.944291	62	65.657739	31.647035	1
control	16	15516	818	0.673469	0.937776	69	73.578365	36.164613	1
control	16	15516	845	0.785714	0.951169	40	42.053524	37.376018	2
control	16	15516	881	0.641304	0.969721	60	61.873492	37.323326	1
control	16	15516	883	0.686441	1.011122	99	97.911021	30.658662	1
control	16	15516	890	0.611111	0.971212	92	94.726967	29.943508	1
control	16	15516	900	0.669492	0.969246	89	91.823909	33.672888	1
control	16	15516	913	0.744898	0.925567	75	81.031446	32.850029	1
control	16	15516	916	0.895349	0.97352	49	50.332833	40.767359	2
control	16	15516	920	0.648148	0.997874	77	77.164064	35.060633	1
control	16	15516	925	0.844444	0.934066	48	51.38821	34.037803	1
control	16	15516	929	0.572917	0.975221	70	71.778569	39.577915	1
control	16	15516	952	0.691489	1.004697	57	56.733502	32.109412	1
control	16	15516	957	0.691489	0.942775	62	65.763276	40.062522	1
control	16	15516	960	0.6	1.080671	70	64.77456	32.079004	1
control	16	15516	968	0.75	1.067584	41	38.404488	38.144528	1
control	17	15517	101	0.0	1.09834	38	34.597656	6.817617	1
control	17	15517	261	0.688679	0.974859	84	86.166272	34.371749	1
control	17	15517	481	0.622222	1.027396	61	59.373389	34.441867	1
control	17	15517	531	0.619048	0.938931	54	57.512201	37.058329	1
control	17	15517	617	0.631579	1.003263	90	89.70729	31.591991	1
control	17	15517	622	0.0	1.091245	34	31.157086	27.389554	1
control	17	15517	665	0.610169	0.945691	99	104.685362	38.491632	1
control	17	15517	846	0.614035	0.993598	79	79.509024	34.660507	1
control	17	15517	858	0.613208	0.974274	70	71.848388	30.977218	1
control	17	15517	884	0.760417	0.959075	58	60.474961	38.281569	1
control	17	15517	886	0.923913	0.972728	57	58.598066	34.748395	1
control	17	15517	902	0.75	1.046556	57	54.46434	33.570772	1
control	17	15517	907	0.684211	0.964994	97	100.518725	36.509849	1
control	17	15517	914	0.598214	0.995525	81	81.364074	35.611536	1
control	17	15517	949	0.708955	0.989902	74	74.754856	32.916796	2
control	17	15517	955	0.9375	1.012373	63	62.230001	35.988031	1
control	17	15517	959	0.586957	0.931235	65	69.799777	36.153436	1
control	17	15517	970	0.740741	0.94738	67	70.721322	35.139163	1
control	17	15517	978	0.914634	0.93663	47	50.17991	35.874748	1
control	17	15517	979	0.564103	0.95275	52	54.578828	30.424872	1
control	17	15517	983	0.680851	0.956656	56	58.53724	31.486013	1
control	17	15517	986	0.585366	0.91548	53	57.893102	36.95064	1
control	17	15517	993	0.817073	0.907195	44	48.501134	33.136138	1
control	17	15517	1000	0.56383	1.032554	53	51.329041	33.802964	1
control	18	15518	512	0.731707	0.93064	43	46.204751	33.835323	1
control	18	15518	524	0.0	1.117224	53	47.439007	21.939063	1
control	18	15518	728	0.613636	0.91633	49	53.474202	32.996603	1
control	18	15518	766	0.763636	0.926678	59	63.668285	33.610543	2
control	18	15518	803	0.934783	0.914059	50	54.701063	36.382773	1
control	18	15518	805	0.811321	0.934692	80	85.589673	34.938563	1
control	18	15518	869	0.684211	0.976965	87	89.051285	36.423436	1
control	18	15518	870	0.763158	1.013868	89	87.782641	33.959687	1
control	18	15518	874	0.697917	0.992039	66	66.529675	34.973386	1
control	18	15518	889	0.638298	0.990778	51	51.474711	32.454765	1
control	18	15518	892	0.596774	1.00606	95	94.427806	32.472937	1
control	18	15518	902	0.625	0.979089	77	78.644549	36.170472	1
control	18	15518	904	0.596491	0.944406	74	78.356159	32.652134	1
control	18	15518	911	0.59322	0.998854	98	98.112473	35.421159	1
control	18	15518	916	0.631148	0.925729	90	97.22064	35.916712	2
control	18	15518	924	0.755556	0.921338	56	60.781158	35.665936	2
control	18	15518	925	0.741071	0.918609	77	83.822365	35.745536	1
control	18	15518	942	0.790909	0.948817	67	70.614267	36.540559	1
control	18	15518	948	0.657143	0.899386	37	41.139163	31.761772	1
control	18	15518	953	0.578431	0.959962	65	67.711041	35.107425	1
control	18	15518	956	0.617647	1.05401	68	64.515517	37.250579	1
control	18	15518	978	0.776596	0.974563	49	50.278938	34.945799	1
control	18	15518	985	0.574074	0.972407	57	58.617417	33.046803	1
control	18	15518	999	0.731707	0.958067	47	49.057112	35.517003	1
control	19	15519	192	0.756098	0.928777	49	52.757526	33.516384	1
control	19	15519	704	0.690476	0.928804	51	54.90935	34.622651	1
control	19	15519	728	0.930556	0.925037	40	43.241496	36.531444	1
control	19	15519	741	0.585366	0.97466	43	44.117966	34.621145	1
control	19	15519	753	0.59	0.916626	53	57.820769	33.346196	2
control	19	15519	766	0.598214	1.027972	88	85.605471	37.116648	1
control	19	15519	773	0.805556	0.919357	58	63.087582	36.048627	1
control	19	15519	801	0.580882	0.982788	108	109.891426	31.648212	1
control	19	15519	832	0.77	1.011846	69	68.192185	32.746321	1
control	19	15519	834	0.569767	0.999099	52	52.046912	34.055105	1
control	19	15519	853	0.336957	1.092816	48	43.923215	32.219855	1
control	19	15519	870	0.561644	0.964588	106	109.891426	32.260495	1
control	19	15519	872	0.66129	0.982544	94	95.670049	38.748444	1
control	19	15519	877	0.596154	0.947748	69	72.804197	32.680979	1
control	19	15519	881	0.622449	0.918279	65	70.784608	37.339296	1
control	19	15519	888	0.677966	1.010101	102	100.979991	34.77087	1
control	19	15519	905	0.570175	0.979209	81	82.719804	32.520785	1
control	19	15519	906	0.627119	1.018488	87	85.420776	34.740174	3
control	19	15519	909	0.689655	1.010653	72	71.241056	37.755789	2
control	19	15519	920	0.61	0.994783	66	66.346116	33.926928	1
control	19	15519	925	0.74	0.999969	76	76.00235	35.972887	1
control	19	15519	941	0.6875	0.97508	66	67.686752	33.287249	1
control	19	15519	978	0.660714	0.96568	60	62.132403	36.279282	1
control	19	15519	980	0.77907	0.964115	44	45.637711	35.463637	1
control	19	15519	987	0.721154	1.038396	59	56.818406	33.109679	1
control	19	15519	988	0.593023	0.967328	52	53.756348	36.752497	1
control	19	15519	990	0.666667	0.922242	44	47.70981	32.20758	1
control	19	15519	994	0.604651	0.951993	42	44.117966	35.025098	1
control	20	15520	220	0.0	1.095298	49	44.736691	22.72482	1
control	20	15520	316	0.625	0.974865	64	65.650116	32.826257	1
control	20	15520	667	0.64	1.004862	114	113.448418	31.001579	4
control	20	15520	685	0.597826	0.982845	59	60.029807	35.390878	1
control	20	15520	717	0.707317	0.963795	48	49.803147	30.363468	1
control	20	15520	743	0.890244	0.898252	49	54.55037	34.578811	1
control	20	15520	750	0.717742	0.994243	98	98.567425	29.218477	1
control	20	15520	757	0.815217	0.982478	55	55.980905	29.802842	2
control	20	15520	780	0.672727	0.993248	70	70.475878	36.507637	2
control	20	15520	824	0.578947	1.018394	46	45.169137	32.572529	1
control	20	15520	838	0.818182	0.955591	108	113.019038	31.103667	2
control	20	15520	843	0.577778	0.932844	49	52.52752	36.69441	1
control	20	15520	847	0.639535	0.909749	56	61.555468	29.513584	1
control	20	15520	856	0.659574	0.902384	62	68.706899	39.853121	1
control	20	15520	878	0.602273	0.960987	55	57.232811	32.871584	1
control	20	15520	891	0.607143	1.003888	51	50.802491	36.30826	1
control	20	15520	897	0.672131	0.984488	97	98.528369	35.841583	1
control	20	15520	921	0.641304	0.955048	63	65.965291	35.330426	1
control	20	15520	924	0.632075	0.991356	74	74.645233	38.461142	1
control	20	15520	931	0.6	0.980685	87	88.713469	34.874665	1
control	20	15520	935	0.701923	1.015881	79	77.765029	35.909361	1
control	20	15520	943	0.617647	0.970772	63	64.896802	33.017745	1
control	20	15520	951	0.754386	1.001048	72	71.924641	37.777878	1
control	20	15520	955	0.614583	0.925057	59	63.779867	32.493092	1
control	20	15520	966	0.613636	0.984362	57	57.905505	35.095305	1
control	20	15520	972	0.619565	0.949464	52	54.76777	30.66234	1
control	20	15520	974	0.566667	0.904042	53	58.625627	37.933852	1
control	20	15520	975	0.596154	1.001229	59	58.927551	33.256633	1
control	20	15520	990	0.97	0.946751	53	55.980905	30.383169	3
control	20	15520	994	0.578947	0.947768	44	46.424853	36.09519	1
