case	quantity	dbin	d_lo_R	d_hi_R	bin	x_lo	count
b	f	1	0.0	8.988237	0	0.0	6391
b	f	2	8.988237	17.976475	0	0.0	19079
b	f	3	17.976475	26.964712	0	0.0	31023
b	f	4	26.964712	35.95295	0	0.0	31853
b	f	4	26.964712	35.95295	1	0.01	75
b	f	4	26.964712	35.95295	2	0.02	65
b	f	4	26.964712	35.95295	3	0.03	70
b	f	4	26.964712	35.95295	4	0.04	61
b	f	4	26.964712	35.95295	5	0.05	76
b	f	4	26.964712	35.95295	6	0.06	78
b	f	4	26.964712	35.95295	7	0.07	76
b	f	4	26.964712	35.95295	8	0.08	83
b	f	4	26.964712	35.95295	9	0.09	73
b	f	4	26.964712	35.95295	10	0.1	93
b	f	4	26.964712	35.95295	11	0.11	85
b	f	4	26.964712	35.95295	12	0.12	85
b	f	4	26.964712	35.95295	13	0.13	94
b	f	4	26.964712	35.95295	14	0.14	100
b	f	4	26.964712	35.95295	15	0.15	80
b	f	4	26.964712	35.95295	16	0.16	96
b	f	4	26.964712	35.95295	17	0.17	112
b	f	4	26.964712	35.95295	18	0.18	122
b	f	4	26.964712	35.95295	19	0.19	109
b	f	4	26.964712	35.95295	20	0.2	135
b	f	4	26.964712	35.95295	21	0.21	113
b	f	4	26.964712	35.95295	22	0.22	144
b	f	4	26.964712	35.95295	23	0.23	141
b	f	4	26.964712	35.95295	24	0.24	91
b	f	4	26.964712	35.95295	25	0.25	174
b	f	4	26.964712	35.95295	26	0.26	138
b	f	4	26.964712	35.95295	27	0.27	169
b	f	4	26.964712	35.95295	28	0.28	168
b	f	4	26.964712	35.95295	29	0.29	143
b	f	4	26.964712	35.95295	30	0.3	196
b	f	4	26.964712	35.95295	31	0.31	206
b	f	4	26.964712	35.95295	32	0.32	184
b	f	4	26.964712	35.95295	33	0.33	188
b	f	4	26.964712	35.95295	34	0.34	197
b	f	4	26.964712	35.95295	35	0.35	227
b	f	4	26.964712	35.95295	36	0.36	196
b	f	4	26.964712	35.95295	37	0.37	172
b	f	4	26.964712	35.95295	38	0.38	224
b	f	4	26.964712	35.95295	39	0.39	177
b	f	4	26.964712	35.95295	40	0.4	204
b	f	4	26.964712	35.95295	41	0.41	179
b	f	4	26.964712	35.95295	42	0.42	242
b	f	4	26.964712	35.95295	43	0.43	186
b	f	4	26.964712	35.95295	44	0.44	190
b	f	4	26.964712	35.95295	45	0.45	172
b	f	4	26.964712	35.95295	46	0.46	152
b	f	4	26.964712	35.95295	47	0.47	130
b	f	4	26.964712	35.95295	48	0.48	131
b	f	4	26.964712	35.95295	49	0.49	68
b	f	4	26.964712	35.95295	50	0.5	200
b	f	4	26.964712	35.95295	51	0.51	111
b	f	4	26.964712	35.95295	52	0.52	105
b	f	4	26.964712	35.95295	53	0.53	102
b	f	4	26.964712	35.95295	54	0.54	69
b	f	4	26.964712	35.95295	55	0.55	59
b	f	4	26.964712	35.95295	56	0.56	44
b	f	4	26.964712	35.95295	57	0.57	55
b	f	4	26.964712	35.95295	58	0.58	37
b	f	4	26.964712	35.95295	59	0.59	25
b	f	4	26.964712	35.95295	60	0.6	29
b	f	4	26.964712	35.95295	61	0.61	20
b	f	4	26.964712	35.95295	62	0.62	13
b	f	4	26.964712	35.95295	63	0.63	9
b	f	4	26.964712	35.95295	64	0.64	10
b	f	4	26.964712	35.95295	65	0.65	12
b	f	4	26.964712	35.95295	66	0.66	6
b	f	4	26.964712	35.95295	67	0.67	7
b	f	4	26.964712	35.95295	68	0.68	6
b	f	4	26.964712	35.95295	69	0.69	1
b	f	4	26.964712	35.95295	70	0.7	3
b	f	4	26.964712	35.95295	71	0.71	7
b	f	4	26.964712	35.95295	72	0.72	1
b	f	4	26.964712	35.95295	73	0.73	2
b	f	4	26.964712	35.95295	75	0.75	1
b	f	4	26.964712	35.95295	76	0.76	2
b	f	4	26.964712	35.95295	77	0.77	1
b	f	4	26.964712	35.95295	79	0.79	1
b	f	4	26.964712	35.95295	80	0.8	1
b	f	4	26.964712	35.95295	82	0.82	1
b	f	5	35.95295	44.941187	0	0.0	483
b	f	5	35.95295	44.941187	1	0.01	4
b	f	5	35.95295	44.941187	2	0.02	13
b	f	5	35.95295	44.941187	3	0.03	9
b	f	5	35.95295	44.941187	4	0.04	6
b	f	5	35.95295	44.941187	5	0.05	9
b	f	5	35.95295	44.941187	6	0.06	15
b	f	5	35.95295	44.941187	7	0.07	18
b	f	5	35.95295	44.941187	8	0.08	21
b	f	5	35.95295	44.941187	9	0.09	15
b	f	5	35.95295	44.941187	10	0.1	15
b	f	5	35.95295	44.941187	11	0.11	16
b	f	5	35.95295	44.941187	12	0.12	20
b	f	5	35.95295	44.941187	13	0.13	23
b	f	5	35.95295	44.941187	14	0.14	32
b	f	5	35.95295	44.941187	15	0.15	19
b	f	5	35.95295	44.941187	16	0.16	18
b	f	5	35.95295	44.941187	17	0.17	23
b	f	5	35.95295	44.941187	18	0.18	34
b	f	5	35.95295	44.941187	19	0.19	30
b	f	5	35.95295	44.941187	20	0.2	36
b	f	5	35.95295	44.941187	21	0.21	35
b	f	5	35.95295	44.941187	22	0.22	36
b	f	5	35.95295	44.941187	23	0.23	51
b	f	5	35.95295	44.941187	24	0.24	34
b	f	5	35.95295	44.941187	25	0.25	71
b	f	5	35.95295	44.941187	26	0.26	46
b	f	5	35.95295	44.941187	27	0.27	54
b	f	5	35.95295	44.941187	28	0.28	72
b	f	5	35.95295	44.941187	29	0.29	76
b	f	5	35.95295	44.941187	30	0.3	80
b	f	5	35.95295	44.941187	31	0.31	72
b	f	5	35.95295	44.941187	32	0.32	84
b	f	5	35.95295	44.941187	33	0.33	97
b	f	5	35.95295	44.941187	34	0.34	83
b	f	5	35.95295	44.941187	35	0.35	99
b	f	5	35.95295	44.941187	36	0.36	94
b	f	5	35.95295	44.941187	37	0.37	102
b	f	5	35.95295	44.941187	38	0.38	104
b	f	5	35.95295	44.941187	39	0.39	102
b	f	5	35.95295	44.941187	40	0.4	121
b	f	5	35.95295	44.941187	41	0.41	101
b	f	5	35.95295	44.941187	42	0.42	123
b	f	5	35.95295	44.941187	43	0.43	114
b	f	5	35.95295	44.941187	44	0.44	119
b	f	5	35.95295	44.941187	45	0.45	101
b	f	5	35.95295	44.941187	46	0.46	102
b	f	5	35.95295	44.941187	47	0.47	111
b	f	5	35.95295	44.941187	48	0.48	102
b	f	5	35.95295	44.941187	49	0.49	36
b	f	5	35.95295	44.941187	50	0.5	118
b	f	5	35.95295	44.941187	51	0.51	98
b	f	5	35.95295	44.941187	52	0.52	67
b	f	5	35.95295	44.941187	53	0.53	73
b	f	5	35.95295	44.941187	54	0.54	60
b	f	5	35.95295	44.941187	55	0.55	59
b	f	5	35.95295	44.941187	56	0.56	43
b	f	5	35.95295	44.941187	57	0.57	30
b	f	5	35.95295	44.941187	58	0.58	32
b	f	5	35.95295	44.941187	59	0.59	29
b	f	5	35.95295	44.941187	60	0.6	33
b	f	5	35.95295	44.941187	61	0.61	24
b	f	5	35.95295	44.941187	62	0.62	21
b	f	5	35.95295	44.941187	63	0.63	19
b	f	5	35.95295	44.941187	64	0.64	18
b	f	5	35.95295	44.941187	65	0.65	9
b	f	5	35.95295	44.941187	66	0.66	15
b	f	5	35.95295	44.941187	67	0.67	12
b	f	5	35.95295	44.941187	68	0.68	2
b	f	5	35.95295	44.941187	69	0.69	5
b	f	5	35.95295	44.941187	70	0.7	5
b	f	5	35.95295	44.941187	71	0.71	5
b	f	5	35.95295	44.941187	72	0.72	3
b	f	5	35.95295	44.941187	73	0.73	4
b	f	5	35.95295	44.941187	74	0.74	1
b	f	5	35.95295	44.941187	75	0.75	1
b	f	5	35.95295	44.941187	76	0.76	1
b	f	5	35.95295	44.941187	77	0.77	1
b	f	5	35.95295	44.941187	80	0.8	1
b	f	5	35.95295	44.941187	81	0.81	1
b	f	5	35.95295	44.941187	82	0.82	1
b	f	5	35.95295	44.941187	84	0.84	1
b	a	1	0.0	8.988237	6	0.06	1
b	a	1	0.0	8.988237	32	0.32	1
b	a	1	0.0	8.988237	37	0.37	1
b	a	1	0.0	8.988237	38	0.38	1
b	a	1	0.0	8.988237	39	0.39	1
b	a	1	0.0	8.988237	40	0.4	1
b	a	1	0.0	8.988237	41	0.41	2
b	a	1	0.0	8.988237	42	0.42	2
b	a	1	0.0	8.988237	43	0.43	8
b	a	1	0.0	8.988237	44	0.44	2
b	a	1	0.0	8.988237	45	0.45	4
b	a	1	0.0	8.988237	46	0.46	8
b	a	1	0.0	8.988237	47	0.47	2
b	a	1	0.0	8.988237	48	0.48	8
b	a	1	0.0	8.988237	49	0.49	6
b	a	1	0.0	8.988237	50	0.5	10
b	a	1	0.0	8.988237	51	0.51	15
b	a	1	0.0	8.988237	52	0.52	14
b	a	1	0.0	8.988237	53	0.53	19
b	a	1	0.0	8.988237	54	0.54	8
b	a	1	0.0	8.988237	55	0.55	19
b	a	1	0.0	8.988237	56	0.56	31
b	a	1	0.0	8.988237	57	0.57	18
b	a	1	0.0	8.988237	58	0.58	38
b	a	1	0.0	8.988237	59	0.59	42
b	a	1	0.0	8.988237	60	0.6	52
b	a	1	0.0	8.988237	61	0.61	46
b	a	1	0.0	8.988237	62	0.62	50
b	a	1	0.0	8.988237	63	0.63	76
b	a	1	0.0	8.988237	64	0.64	77
b	a	1	0.0	8.988237	65	0.65	124
b	a	1	0.0	8.988237	66	0.66	122
b	a	1	0.0	8.988237	67	0.67	137
b	a	1	0.0	8.988237	68	0.68	159
b	a	1	0.0	8.988237	69	0.69	171
b	a	1	0.0	8.988237	70	0.7	212
b	a	1	0.0	8.988237	71	0.71	230
b	a	1	0.0	8.988237	72	0.72	227
b	a	1	0.0	8.988237	73	0.73	286
b	a	1	0.0	8.988237	74	0.74	294
b	a	1	0.0	8.988237	75	0.75	337
b	a	1	0.0	8.988237	76	0.76	321
b	a	1	0.0	8.988237	77	0.77	303
b	a	1	0.0	8.988237	78	0.78	320
b	a	1	0.0	8.988237	79	0.79	351
b	a	1	0.0	8.988237	80	0.8	371
b	a	1	0.0	8.988237	81	0.81	351
b	a	1	0.0	8.988237	82	0.82	354
b	a	1	0.0	8.988237	83	0.83	348
b	a	1	0.0	8.988237	84	0.84	261
b	a	1	0.0	8.988237	85	0.85	211
b	a	1	0.0	8.988237	86	0.86	145
b	a	1	0.0	8.988237	87	0.87	103
b	a	1	0.0	8.988237	88	0.88	54
b	a	1	0.0	8.988237	89	0.89	19
b	a	1	0.0	8.988237	90	0.9	12
b	a	1	0.0	8.988237	91	0.91	4
b	a	1	0.0	8.988237	92	0.92	1
b	a	2	8.988237	17.976475	26	0.26	1
b	a	2	8.988237	17.976475	31	0.31	1
b	a	2	8.988237	17.976475	35	0.35	1
b	a	2	8.988237	17.976475	36	0.36	2
b	a	2	8.988237	17.976475	37	0.37	1
b	a	2	8.988237	17.976475	38	0.38	1
b	a	2	8.988237	17.976475	39	0.39	2
b	a	2	8.988237	17.976475	40	0.4	1
b	a	2	8.988237	17.976475	41	0.41	6
b	a	2	8.988237	17.976475	43	0.43	9
b	a	2	8.988237	17.976475	44	0.44	9
b	a	2	8.988237	17.976475	45	0.45	5
b	a	2	8.988237	17.976475	46	0.46	9
b	a	2	8.988237	17.976475	47	0.47	5
b	a	2	8.988237	17.976475	48	0.48	7
b	a	2	8.988237	17.976475	49	0.49	11
b	a	2	8.988237	17.976475	50	0.5	16
b	a	2	8.988237	17.976475	51	0.51	15
b	a	2	8.988237	17.976475	52	0.52	16
b	a	2	8.988237	17.976475	53	0.53	23
b	a	2	8.988237	17.976475	54	0.54	42
b	a	2	8.988237	17.976475	55	0.55	25
b	a	2	8.988237	17.976475	56	0.56	46
b	a	2	8.988237	17.976475	57	0.57	65
b	a	2	8.988237	17.976475	58	0.58	80
b	a	2	8.988237	17.976475	59	0.59	79
b	a	2	8.988237	17.976475	60	0.6	83
b	a	2	8.988237	17.976475	61	0.61	120
b	a	2	8.988237	17.976475	62	0.62	106
b	a	2	8.988237	17.976475	63	0.63	156
b	a	2	8.988237	17.976475	64	0.64	184
b	a	2	8.988237	17.976475	65	0.65	193
b	a	2	8.988237	17.976475	66	0.66	269
b	a	2	8.988237	17.976475	67	0.67	317
b	a	2	8.988237	17.976475	68	0.68	377
b	a	2	8.988237	17.976475	69	0.69	431
b	a	2	8.988237	17.976475	70	0.7	466
b	a	2	8.988237	17.976475	71	0.71	537
b	a	2	8.988237	17.976475	72	0.72	634
b	a	2	8.988237	17.976475	73	0.73	710
b	a	2	8.988237	17.976475	74	0.74	731
b	a	2	8.988237	17.976475	75	0.75	862
b	a	2	8.988237	17.976475	76	0.76	876
b	a	2	8.988237	17.976475	77	0.77	918
b	a	2	8.988237	17.976475	78	0.78	1002
b	a	2	8.988237	17.976475	79	0.79	1098
b	a	2	8.988237	17.976475	80	0.8	1064
b	a	2	8.988237	17.976475	81	0.81	1104
b	a	2	8.988237	17.976475	82	0.82	1139
b	a	2	8.988237	17.976475	83	0.83	1095
b	a	2	8.988237	17.976475	84	0.84	1012
b	a	2	8.988237	17.976475	85	0.85	869
b	a	2	8.988237	17.976475	86	0.86	778
b	a	2	8.988237	17.976475	87	0.87	581
b	a	2	8.988237	17.976475	88	0.88	399
b	a	2	8.988237	17.976475	89	0.89	258
b	a	2	8.988237	17.976475	90	0.9	132
b	a	2	8.988237	17.976475	91	0.91	55
b	a	2	8.988237	17.976475	92	0.92	21
b	a	2	8.988237	17.976475	93	0.93	12
b	a	2	8.988237	17.976475	94	0.94	8
b	a	2	8.988237	17.976475	98	0.98	1
b	a	2	8.988237	17.976475	99	0.99	3
b	a	3	17.976475	26.964712	29	0.29	1
b	a	3	17.976475	26.964712	38	0.38	1
b	a	3	17.976475	26.964712	39	0.39	1
b	a	3	17.976475	26.964712	40	0.4	1
b	a	3	17.976475	26.964712	42	0.42	3
b	a	3	17.976475	26.964712	43	0.43	2
b	a	3	17.976475	26.964712	45	0.45	3
b	a	3	17.976475	26.964712	46	0.46	5
b	a	3	17.976475	26.964712	47	0.47	5
b	a	3	17.976475	26.964712	48	0.48	2
b	a	3	17.976475	26.964712	49	0.49	9
b	a	3	17.976475	26.964712	50	0.5	5
b	a	3	17.976475	26.964712	51	0.51	8
b	a	3	17.976475	26.964712	52	0.52	6
b	a	3	17.976475	26.964712	53	0.53	11
b	a	3	17.976475	26.964712	54	0.54	9
b	a	3	17.976475	26.964712	55	0.55	18
b	a	3	17.976475	26.964712	56	0.56	15
b	a	3	17.976475	26.964712	57	0.57	22
b	a	3	17.976475	26.964712	58	0.58	27
b	a	3	17.976475	26.964712	59	0.59	27
b	a	3	17.976475	26.964712	60	0.6	61
b	a	3	17.976475	26.964712	61	0.61	61
b	a	3	17.976475	26.964712	62	0.62	54
b	a	3	17.976475	26.964712	63	0.63	80
b	a	3	17.976475	26.964712	64	0.64	84
b	a	3	17.976475	26.964712	65	0.65	118
b	a	3	17.976475	26.964712	66	0.66	161
b	a	3	17.976475	26.964712	67	0.67	194
b	a	3	17.976475	26.964712	68	0.68	200
b	a	3	17.976475	26.964712	69	0.69	265
b	a	3	17.976475	26.964712	70	0.7	292
b	a	3	17.976475	26.964712	71	0.71	371
b	a	3	17.976475	26.964712	72	0.72	415
b	a	3	17.976475	26.964712	73	0.73	534
b	a	3	17.976475	26.964712	74	0.74	633
b	a	3	17.976475	26.964712	75	0.75	758
b	a	3	17.976475	26.964712	76	0.76	866
b	a	3	17.976475	26.964712	77	0.77	1035
b	a	3	17.976475	26.964712	78	0.78	1170
b	a	3	17.976475	26.964712	79	0.79	1334
b	a	3	17.976475	26.964712	80	0.8	1520
b	a	3	17.976475	26.964712	81	0.81	1692
b	a	3	17.976475	26.964712	82	0.82	1826
b	a	3	17.976475	26.964712	83	0.83	1931
b	a	3	17.976475	26.964712	84	0.84	2076
b	a	3	17.976475	26.964712	85	0.85	2136
b	a	3	17.976475	26.964712	86	0.86	2082
b	a	3	17.976475	26.964712	87	0.87	2067
b	a	3	17.976475	26.964712	88	0.88	1761
b	a	3	17.976475	26.964712	89	0.89	1572
b	a	3	17.976475	26.964712	90	0.9	1276
b	a	3	17.976475	26.964712	91	0.91	927
b	a	3	17.976475	26.964712	92	0.92	622
b	a	3	17.976475	26.964712	93	0.93	353
b	a	3	17.976475	26.964712	94	0.94	171
b	a	3	17.976475	26.964712	95	0.95	79
b	a	3	17.976475	26.964712	96	0.96	45
b	a	3	17.976475	26.964712	97	0.97	11
b	a	3	17.976475	26.964712	98	0.98	3
b	a	3	17.976475	26.964712	99	0.99	4
b	a	3	17.976475	26.964712	100	1.0	1
b	a	3	17.976475	26.964712	102	1.02	1
b	a	4	26.964712	35.95295	38	0.38	2
b	a	4	26.964712	35.95295	45	0.45	1
b	a	4	26.964712	35.95295	47	0.47	1
b	a	4	26.964712	35.95295	54	0.54	2
b	a	4	26.964712	35.95295	55	0.55	2
b	a	4	26.964712	35.95295	56	0.56	1
b	a	4	26.964712	35.95295	57	0.57	3
b	a	4	26.964712	35.95295	58	0.58	1
b	a	4	26.964712	35.95295	59	0.59	4
b	a	4	26.964712	35.95295	60	0.6	6
b	a	4	26.964712	35.95295	61	0.61	9
b	a	4	26.964712	35.95295	62	0.62	6
b	a	4	26.964712	35.95295	63	0.63	9
b	a	4	26.964712	35.95295	64	0.64	12
b	a	4	26.964712	35.95295	65	0.65	24
b	a	4	26.964712	35.95295	66	0.66	20
b	a	4	26.964712	35.95295	67	0.67	31
b	a	4	26.964712	35.95295	68	0.68	42
b	a	4	26.964712	35.95295	69	0.69	56
b	a	4	26.964712	35.95295	70	0.7	48
b	a	4	26.964712	35.95295	71	0.71	71
b	a	4	26.964712	35.95295	72	0.72	94
b	a	4	26.964712	35.95295	73	0.73	147
b	a	4	26.964712	35.95295	74	0.74	129
b	a	4	26.964712	35.95295	75	0.75	182
b	a	4	26.964712	35.95295	76	0.76	214
b	a	4	26.964712	35.95295	77	0.77	315
b	a	4	26.964712	35.95295	78	0.78	339
b	a	4	26.964712	35.95295	79	0.79	487
b	a	4	26.964712	35.95295	80	0.8	583
b	a	4	26.964712	35.95295	81	0.81	700
b	a	4	26.964712	35.95295	82	0.82	842
b	a	4	26.964712	35.95295	83	0.83	1030
b	a	4	26.964712	35.95295	84	0.84	1230
b	a	4	26.964712	35.95295	85	0.85	1535
b	a	4	26.964712	35.95295	86	0.86	1730
b	a	4	26.964712	35.95295	87	0.87	1947
b	a	4	26.964712	35.95295	88	0.88	2211
b	a	4	26.964712	35.95295	89	0.89	2496
b	a	4	26.964712	35.95295	90	0.9	2746
b	a	4	26.964712	35.95295	91	0.91	3062
b	a	4	26.964712	35.95295	92	0.92	2947
b	a	4	26.964712	35.95295	93	0.93	2954
b	a	4	26.964712	35.95295	94	0.94	2660
b	a	4	26.964712	35.95295	95	0.95	2469
b	a	4	26.964712	35.95295	96	0.96	1893
b	a	4	26.964712	35.95295	97	0.97	1515
b	a	4	26.964712	35.95295	98	0.98	1071
b	a	4	26.964712	35.95295	99	0.99	748
b	a	4	26.964712	35.95295	100	1.0	427
b	a	4	26.964712	35.95295	101	1.01	195
b	a	4	26.964712	35.95295	102	1.02	101
b	a	4	26.964712	35.95295	103	1.03	57
b	a	4	26.964712	35.95295	104	1.04	33
b	a	4	26.964712	35.95295	105	1.05	9
b	a	4	26.964712	35.95295	106	1.06	6
b	a	4	26.964712	35.95295	107	1.07	5
b	a	4	26.964712	35.95295	109	1.09	2
b	a	4	26.964712	35.95295	113	1.13	1
b	a	5	35.95295	44.941187	69	0.69	1
b	a	5	35.95295	44.941187	72	0.72	1
b	a	5	35.95295	44.941187	73	0.73	3
b	a	5	35.95295	44.941187	74	0.74	1
b	a	5	35.95295	44.941187	75	0.75	1
b	a	5	35.95295	44.941187	76	0.76	6
b	a	5	35.95295	44.941187	77	0.77	2
b	a	5	35.95295	44.941187	78	0.78	4
b	a	5	35.95295	44.941187	79	0.79	4
b	a	5	35.95295	44.941187	80	0.8	6
b	a	5	35.95295	44.941187	81	0.81	6
b	a	5	35.95295	44.941187	82	0.82	11
b	a	5	35.95295	44.941187	83	0.83	17
b	a	5	35.95295	44.941187	84	0.84	30
b	a	5	35.95295	44.941187	85	0.85	48
b	a	5	35.95295	44.941187	86	0.86	41
b	a	5	35.95295	44.941187	87	0.87	76
b	a	5	35.95295	44.941187	88	0.88	97
b	a	5	35.95295	44.941187	89	0.89	125
b	a	5	35.95295	44.941187	90	0.9	128
b	a	5	35.95295	44.941187	91	0.91	225
b	a	5	35.95295	44.941187	92	0.92	249
b	a	5	35.95295	44.941187	93	0.93	309
b	a	5	35.95295	44.941187	94	0.94	419
b	a	5	35.95295	44.941187	95	0.95	426
b	a	5	35.95295	44.941187	96	0.96	447
b	a	5	35.95295	44.941187	97	0.97	435
b	a	5	35.95295	44.941187	98	0.98	365
b	a	5	35.95295	44.941187	99	0.99	236
b	a	5	35.95295	44.941187	100	1.0	150
b	a	5	35.95295	44.941187	101	1.01	96
b	a	5	35.95295	44.941187	102	1.02	49
b	a	5	35.95295	44.941187	103	1.03	28
b	a	5	35.95295	44.941187	104	1.04	17
b	a	5	35.95295	44.941187	105	1.05	8
b	a	5	35.95295	44.941187	106	1.06	3
b	a	5	35.95295	44.941187	108	1.08	1
b	a	5	35.95295	44.941187	109	1.09	1
b	a	5	35.95295	44.941187	110	1.1	1
control	f	1	0.0	8.651051	0	0.0	1323
control	f	2	8.651051	17.302103	0	0.0	3996
control	f	3	17.302103	25.953154	0	0.0	6575
control	f	3	17.302103	25.953154	3	0.03	1
control	f	3	17.302103	25.953154	7	0.07	1
control	f	3	17.302103	25.953154	15	0.15	1
control	f	3	17.302103	25.953154	19	0.19	1
control	f	4	25.953154	34.604206	0	0.0	5256
control	f	4	25.953154	34.604206	1	0.01	23
control	f	4	25.953154	34.604206	2	0.02	17
control	f	4	25.953154	34.604206	3	0.03	14
control	f	4	25.953154	34.604206	4	0.04	23
control	f	4	25.953154	34.604206	5	0.05	22
control	f	4	25.953154	34.604206	6	0.06	16
control	f	4	25.953154	34.604206	7	0.07	35
control	f	4	25.953154	34.604206	8	0.08	26
control	f	4	25.953154	34.604206	9	0.09	27
control	f	4	25.953154	34.604206	10	0.1	42
control	f	4	25.953154	34.604206	11	0.11	31
control	f	4	25.953154	34.604206	12	0.12	40
control	f	4	25.953154	34.604206	13	0.13	46
control	f	4	25.953154	34.604206	14	0.14	36
control	f	4	25.953154	34.604206	15	0.15	47
control	f	4	25.953154	34.604206	16	0.16	50
control	f	4	25.953154	34.604206	17	0.17	58
control	f	4	25.953154	34.604206	18	0.18	58
control	f	4	25.953154	34.604206	19	0.19	31
control	f	4	25.953154	34.604206	20	0.2	50
control	f	4	25.953154	34.604206	21	0.21	43
control	f	4	25.953154	34.604206	22	0.22	43
control	f	4	25.953154	34.604206	23	0.23	40
control	f	4	25.953154	34.604206	24	0.24	27
control	f	4	25.953154	34.604206	25	0.25	47
control	f	4	25.953154	34.604206	26	0.26	31
control	f	4	25.953154	34.604206	27	0.27	41
control	f	4	25.953154	34.604206	28	0.28	30
control	f	4	25.953154	34.604206	29	0.29	36
control	f	4	25.953154	34.604206	30	0.3	32
control	f	4	25.953154	34.604206	31	0.31	40
control	f	4	25.953154	34.604206	32	0.32	27
control	f	4	25.953154	34.604206	33	0.33	39
control	f	4	25.953154	34.604206	34	0.34	27
control	f	4	25.953154	34.604206	35	0.35	38
control	f	4	25.953154	34.604206	36	0.36	38
control	f	4	25.953154	34.604206	37	0.37	40
control	f	4	25.953154	34.604206	38	0.38	30
control	f	4	25.953154	34.604206	39	0.39	29
control	f	4	25.953154	34.604206	40	0.4	41
control	f	4	25.953154	34.604206	41	0.41	38
control	f	4	25.953154	34.604206	42	0.42	31
control	f	4	25.953154	34.604206	43	0.43	33
control	f	4	25.953154	34.604206	44	0.44	17
control	f	4	25.953154	34.604206	45	0.45	27
control	f	4	25.953154	34.604206	46	0.46	32
control	f	4	25.953154	34.604206	47	0.47	28
control	f	4	25.953154	34.604206	48	0.48	29
control	f	4	25.953154	34.604206	49	0.49	9
control	f	4	25.953154	34.604206	50	0.5	40
control	f	4	25.953154	34.604206	51	0.51	22
control	f	4	25.953154	34.604206	52	0.52	28
control	f	4	25.953154	34.604206	53	0.53	29
control	f	4	25.953154	34.604206	54	0.54	21
control	f	4	25.953154	34.604206	55	0.55	17
control	f	4	25.953154	34.604206	56	0.56	19
control	f	4	25.953154	34.604206	57	0.57	14
control	f	4	25.953154	34.604206	58	0.58	6
control	f	4	25.953154	34.604206	59	0.59	22
control	f	4	25.953154	34.604206	60	0.6	17
control	f	4	25.953154	34.604206	61	0.61	15
control	f	4	25.953154	34.604206	62	0.62	7
control	f	4	25.953154	34.604206	63	0.63	10
control	f	4	25.953154	34.604206	64	0.64	13
control	f	4	25.953154	34.604206	65	0.65	7
control	f	4	25.953154	34.604206	66	0.66	9
control	f	4	25.953154	34.604206	67	0.67	8
control	f	4	25.953154	34.604206	68	0.68	9
control	f	4	25.953154	34.604206	69	0.69	8
control	f	4	25.953154	34.604206	70	0.7	8
control	f	4	25.953154	34.604206	71	0.71	3
control	f	4	25.953154	34.604206	72	0.72	5
control	f	4	25.953154	34.604206	73	0.73	6
control	f	4	25.953154	34.604206	74	0.74	4
control	f	4	25.953154	34.604206	75	0.75	7
control	f	4	25.953154	34.604206	76	0.76	6
control	f	4	25.953154	34.604206	77	0.77	4
control	f	4	25.953154	34.604206	78	0.78	5
control	f	4	25.953154	34.604206	79	0.79	2
control	f	4	25.953154	34.604206	80	0.8	1
control	f	4	25.953154	34.604206	81	0.81	5
control	f	4	25.953154	34.604206	82	0.82	1
control	f	4	25.953154	34.604206	83	0.83	2
control	f	4	25.953154	34.604206	84	0.84	1
control	f	4	25.953154	34.604206	85	0.85	3
control	f	4	25.953154	34.604206	86	0.86	1
control	f	4	25.953154	34.604206	87	0.87	1
control	f	4	25.953154	34.604206	88	0.88	1
control	f	4	25.953154	34.604206	89	0.89	1
control	f	4	25.953154	34.604206	97	0.97	1
control	f	4	25.953154	34.604206	100	1.0	1
control	f	5	34.604206	43.255257	0	0.0	120
control	f	5	34.604206	43.255257	2	0.02	3
control	f	5	34.604206	43.255257	3	0.03	3
control	f	5	34.604206	43.255257	4	0.04	3
control	f	5	34.604206	43.255257	5	0.05	1
control	f	5	34.604206	43.255257	6	0.06	4
control	f	5	34.604206	43.255257	7	0.07	3
control	f	5	34.604206	43.255257	8	0.08	4
control	f	5	34.604206	43.255257	9	0.09	5
control	f	5	34.604206	43.255257	10	0.1	3
control	f	5	34.604206	43.255257	11	0.11	5
control	f	5	34.604206	43.255257	12	0.12	4
control	f	5	34.604206	43.255257	13	0.13	2
control	f	5	34.604206	43.255257	14	0.14	8
control	f	5	34.604206	43.255257	15	0.15	6
control	f	5	34.604206	43.255257	16	0.16	9
control	f	5	34.604206	43.255257	17	0.17	13
control	f	5	34.604206	43.255257	18	0.18	6
control	f	5	34.604206	43.255257	19	0.19	10
control	f	5	34.604206	43.255257	20	0.2	9
control	f	5	34.604206	43.255257	21	0.21	2
control	f	5	34.604206	43.255257	22	0.22	7
control	f	5	34.604206	43.255257	23	0.23	7
control	f	5	34.604206	43.255257	24	0.24	7
control	f	5	34.604206	43.255257	25	0.25	14
control	f	5	34.604206	43.255257	26	0.26	8
control	f	5	34.604206	43.255257	27	0.27	6
control	f	5	34.604206	43.255257	28	0.28	8
control	f	5	34.604206	43.255257	29	0.29	5
control	f	5	34.604206	43.255257	30	0.3	12
control	f	5	34.604206	43.255257	31	0.31	14
control	f	5	34.604206	43.255257	32	0.32	13
control	f	5	34.604206	43.255257	33	0.33	12
control	f	5	34.604206	43.255257	34	0.34	11
control	f	5	34.604206	43.255257	35	0.35	7
control	f	5	34.604206	43.255257	36	0.36	12
control	f	5	34.604206	43.255257	37	0.37	11
control	f	5	34.604206	43.255257	38	0.38	8
control	f	5	34.604206	43.255257	39	0.39	12
control	f	5	34.604206	43.255257	40	0.4	16
control	f	5	34.604206	43.255257	41	0.41	8
control	f	5	34.604206	43.255257	42	0.42	9
control	f	5	34.604206	43.255257	43	0.43	12
control	f	5	34.604206	43.255257	44	0.44	10
control	f	5	34.604206	43.255257	45	0.45	10
control	f	5	34.604206	43.255257	46	0.46	10
control	f	5	34.604206	43.255257	47	0.47	13
control	f	5	34.604206	43.255257	48	0.48	12
control	f	5	34.604206	43.255257	49	0.49	4
control	f	5	34.604206	43.255257	50	0.5	17
control	f	5	34.604206	43.255257	51	0.51	11
control	f	5	34.604206	43.255257	52	0.52	13
control	f	5	34.604206	43.255257	53	0.53	10
control	f	5	34.604206	43.255257	54	0.54	19
control	f	5	34.604206	43.255257	55	0.55	10
control	f	5	34.604206	43.255257	56	0.56	10
control	f	5	34.604206	43.255257	57	0.57	14
control	f	5	34.604206	43.255257	58	0.58	13
control	f	5	34.604206	43.255257	59	0.59	11
control	f	5	34.604206	43.255257	60	0.6	10
control	f	5	34.604206	43.255257	61	0.61	17
control	f	5	34.604206	43.255257	62	0.62	7
control	f	5	34.604206	43.255257	63	0.63	5
control	f	5	34.604206	43.255257	64	0.64	8
control	f	5	34.604206	43.255257	65	0.65	10
control	f	5	34.604206	43.255257	66	0.66	6
control	f	5	34.604206	43.255257	67	0.67	10
control	f	5	34.604206	43.255257	68	0.68	7
control	f	5	34.604206	43.255257	69	0.69	8
control	f	5	34.604206	43.255257	70	0.7	7
control	f	5	34.604206	43.255257	71	0.71	6
control	f	5	34.604206	43.255257	72	0.72	5
control	f	5	34.604206	43.255257	73	0.73	8
control	f	5	34.604206	43.255257	74	0.74	8
control	f	5	34.604206	43.255257	75	0.75	5
control	f	5	34.604206	43.255257	76	0.76	2
control	f	5	34.604206	43.255257	77	0.77	3
control	f	5	34.604206	43.255257	78	0.78	6
control	f	5	34.604206	43.255257	79	0.79	4
control	f	5	34.604206	43.255257	80	0.8	6
control	f	5	34.604206	43.255257	81	0.81	5
control	f	5	34.604206	43.255257	82	0.82	2
control	f	5	34.604206	43.255257	83	0.83	2
control	f	5	34.604206	43.255257	85	0.85	3
control	f	5	34.604206	43.255257	86	0.86	2
control	f	5	34.604206	43.255257	87	0.87	1
control	f	5	34.604206	43.255257	89	0.89	2
control	f	5	34.604206	43.255257	90	0.9	1
control	f	5	34.604206	43.255257	91	0.91	1
control	f	5	34.604206	43.255257	92	0.92	2
control	f	5	34.604206	43.255257	93	0.93	4
control	f	5	34.604206	43.255257	94	0.94	1
control	a	1	0.0	8.651051	64	0.64	1
control	a	1	0.0	8.651051	71	0.71	1
control	a	1	0.0	8.651051	74	0.74	2
control	a	1	0.0	8.651051	76	0.76	2
control	a	1	0.0	8.651051	77	0.77	3
control	a	1	0.0	8.651051	78	0.78	2
control	a	1	0.0	8.651051	79	0.79	5
control	a	1	0.0	8.651051	80	0.8	3
control	a	1	0.0	8.651051	81	0.81	8
control	a	1	0.0	8.651051	82	0.82	8
control	a	1	0.0	8.651051	83	0.83	5
control	a	1	0.0	8.651051	84	0.84	12
control	a	1	0.0	8.651051	85	0.85	12
control	a	1	0.0	8.651051	86	0.86	15
control	a	1	0.0	8.651051	87	0.87	24
control	a	1	0.0	8.651051	88	0.88	24
control	a	1	0.0	8.651051	89	0.89	40
control	a	1	0.0	8.651051	90	0.9	38
control	a	1	0.0	8.651051	91	0.91	63
control	a	1	0.0	8.651051	92	0.92	65
control	a	1	0.0	8.651051	93	0.93	82
control	a	1	0.0	8.651051	94	0.94	102
control	a	1	0.0	8.651051	95	0.95	126
control	a	1	0.0	8.651051	96	0.96	125
control	a	1	0.0	8.651051	97	0.97	102
control	a	1	0.0	8.651051	98	0.98	125
control	a	1	0.0	8.651051	99	0.99	99
control	a	1	0.0	8.651051	100	1.0	71
control	a	1	0.0	8.651051	101	1.01	66
control	a	1	0.0	8.651051	102	1.02	43
control	a	1	0.0	8.651051	103	1.03	23
control	a	1	0.0	8.651051	104	1.04	7
control	a	1	0.0	8.651051	105	1.05	10
control	a	1	0.0	8.651051	106	1.06	5
control	a	1	0.0	8.651051	107	1.07	1
control	a	1	0.0	8.651051	108	1.08	1
control	a	1	0.0	8.651051	109	1.09	1
control	a	1	0.0	8.651051	111	1.11	1
control	a	2	8.651051	17.302103	68	0.68	2
control	a	2	8.651051	17.302103	69	0.69	1
control	a	2	8.651051	17.302103	70	0.7	2
control	a	2	8.651051	17.302103	73	0.73	2
control	a	2	8.651051	17.302103	74	0.74	2
control	a	2	8.651051	17.302103	75	0.75	3
control	a	2	8.651051	17.302103	76	0.76	3
control	a	2	8.651051	17.302103	77	0.77	9
control	a	2	8.651051	17.302103	78	0.78	5
control	a	2	8.651051	17.302103	79	0.79	8
control	a	2	8.651051	17.302103	80	0.8	9
control	a	2	8.651051	17.302103	81	0.81	12
control	a	2	8.651051	17.302103	82	0.82	24
control	a	2	8.651051	17.302103	83	0.83	24
control	a	2	8.651051	17.302103	84	0.84	32
control	a	2	8.651051	17.302103	85	0.85	37
control	a	2	8.651051	17.302103	86	0.86	60
control	a	2	8.651051	17.302103	87	0.87	73
control	a	2	8.651051	17.302103	88	0.88	73
control	a	2	8.651051	17.302103	89	0.89	116
control	a	2	8.651051	17.302103	90	0.9	129
control	a	2	8.651051	17.302103	91	0.91	170
control	a	2	8.651051	17.302103	92	0.92	234
control	a	2	8.651051	17.302103	93	0.93	238
control	a	2	8.651051	17.302103	94	0.94	323
control	a	2	8.651051	17.302103	95	0.95	352
control	a	2	8.651051	17.302103	96	0.96	412
control	a	2	8.651051	17.302103	97	0.97	389
control	a	2	8.651051	17.302103	98	0.98	319
control	a	2	8.651051	17.302103	99	0.99	318
control	a	2	8.651051	17.302103	100	1.0	219
control	a	2	8.651051	17.302103	101	1.01	145
control	a	2	8.651051	17.302103	102	1.02	111
control	a	2	8.651051	17.302103	103	1.03	59
control	a	2	8.651051	17.302103	104	1.04	31
control	a	2	8.651051	17.302103	105	1.05	22
control	a	2	8.651051	17.302103	106	1.06	13
control	a	2	8.651051	17.302103	107	1.07	8
control	a	2	8.651051	17.302103	108	1.08	3
control	a	2	8.651051	17.302103	109	1.09	1
control	a	2	8.651051	17.302103	110	1.1	2
control	a	2	8.651051	17.302103	112	1.12	1
control	a	3	17.302103	25.953154	59	0.59	1
control	a	3	17.302103	25.953154	64	0.64	1
control	a	3	17.302103	25.953154	65	0.65	1
control	a	3	17.302103	25.953154	66	0.66	1
control	a	3	17.302103	25.953154	67	0.67	3
control	a	3	17.302103	25.953154	69	0.69	3
control	a	3	17.302103	25.953154	72	0.72	2
control	a	3	17.302103	25.953154	73	0.73	1
control	a	3	17.302103	25.953154	74	0.74	2
control	a	3	17.302103	25.953154	75	0.75	9
control	a	3	17.302103	25.953154	76	0.76	7
control	a	3	17.302103	25.953154	77	0.77	5
control	a	3	17.302103	25.953154	78	0.78	7
control	a	3	17.302103	25.953154	79	0.79	8
control	a	3	17.302103	25.953154	80	0.8	21
control	a	3	17.302103	25.953154	81	0.81	31
control	a	3	17.302103	25.953154	82	0.82	23
control	a	3	17.302103	25.953154	83	0.83	27
control	a	3	17.302103	25.953154	84	0.84	46
control	a	3	17.302103	25.953154	85	0.85	60
control	a	3	17.302103	25.953154	86	0.86	84
control	a	3	17.302103	25.953154	87	0.87	102
control	a	3	17.302103	25.953154	88	0.88	136
control	a	3	17.302103	25.953154	89	0.89	201
control	a	3	17.302103	25.953154	90	0.9	228
control	a	3	17.302103	25.953154	91	0.91	286
control	a	3	17.302103	25.953154	92	0.92	369
control	a	3	17.302103	25.953154	93	0.93	427
control	a	3	17.302103	25.953154	94	0.94	514
control	a	3	17.302103	25.953154	95	0.95	600
control	a	3	17.302103	25.953154	96	0.96	620
control	a	3	17.302103	25.953154	97	0.97	636
control	a	3	17.302103	25.953154	98	0.98	593
control	a	3	17.302103	25.953154	99	0.99	501
control	a	3	17.302103	25.953154	100	1.0	367
control	a	3	17.302103	25.953154	101	1.01	244
control	a	3	17.302103	25.953154	102	1.02	167
control	a	3	17.302103	25.953154	103	1.03	99
control	a	3	17.302103	25.953154	104	1.04	54
control	a	3	17.302103	25.953154	105	1.05	45
control	a	3	17.302103	25.953154	106	1.06	19
control	a	3	17.302103	25.953154	107	1.07	17
control	a	3	17.302103	25.953154	108	1.08	3
control	a	3	17.302103	25.953154	109	1.09	3
control	a	3	17.302103	25.953154	110	1.1	2
control	a	3	17.302103	25.953154	111	1.11	1
control	a	3	17.302103	25.953154	112	1.12	1
control	a	3	17.302103	25.953154	115	1.15	1
control	a	4	25.953154	34.604206	55	0.55	1
control	a	4	25.953154	34.604206	61	0.61	1
control	a	4	25.953154	34.604206	65	0.65	2
control	a	4	25.953154	34.604206	68	0.68	1
control	a	4	25.953154	34.604206	70	0.7	1
control	a	4	25.953154	34.604206	71	0.71	1
control	a	4	25.953154	34.604206	72	0.72	1
control	a	4	25.953154	34.604206	73	0.73	3
control	a	4	25.953154	34.604206	74	0.74	6
control	a	4	25.953154	34.604206	75	0.75	7
control	a	4	25.953154	34.604206	76	0.76	9
control	a	4	25.953154	34.604206	77	0.77	12
control	a	4	25.953154	34.604206	78	0.78	7
control	a	4	25.953154	34.604206	79	0.79	9
control	a	4	25.953154	34.604206	80	0.8	16
control	a	4	25.953154	34.604206	81	0.81	21
control	a	4	25.953154	34.604206	82	0.82	24
control	a	4	25.953154	34.604206	83	0.83	34
control	a	4	25.953154	34.604206	84	0.84	51
control	a	4	25.953154	34.604206	85	0.85	49
control	a	4	25.953154	34.604206	86	0.86	64
control	a	4	25.953154	34.604206	87	0.87	85
control	a	4	25.953154	34.604206	88	0.88	130
control	a	4	25.953154	34.604206	89	0.89	152
control	a	4	25.953154	34.604206	90	0.9	216
control	a	4	25.953154	34.604206	91	0.91	329
control	a	4	25.953154	34.604206	92	0.92	366
control	a	4	25.953154	34.604206	93	0.93	450
control	a	4	25.953154	34.604206	94	0.94	624
control	a	4	25.953154	34.604206	95	0.95	619
control	a	4	25.953154	34.604206	96	0.96	741
control	a	4	25.953154	34.604206	97	0.97	774
control	a	4	25.953154	34.604206	98	0.98	692
control	a	4	25.953154	34.604206	99	0.99	595
control	a	4	25.953154	34.604206	100	1.0	456
control	a	4	25.953154	34.604206	101	1.01	311
control	a	4	25.953154	34.604206	102	1.02	205
control	a	4	25.953154	34.604206	103	1.03	108
control	a	4	25.953154	34.604206	104	1.04	53
control	a	4	25.953154	34.604206	105	1.05	25
control	a	4	25.953154	34.604206	106	1.06	26
control	a	4	25.953154	34.604206	107	1.07	11
control	a	4	25.953154	34.604206	108	1.08	2
control	a	4	25.953154	34.604206	109	1.09	4
control	a	4	25.953154	34.604206	110	1.1	6
control	a	4	25.953154	34.604206	112	1.12	1
control	a	5	34.604206	43.255257	80	0.8	1
control	a	5	34.604206	43.255257	81	0.81	1
control	a	5	34.604206	43.255257	82	0.82	4
control	a	5	34.604206	43.255257	84	0.84	3
control	a	5	34.604206	43.255257	85	0.85	5
control	a	5	34.604206	43.255257	86	0.86	4
control	a	5	34.604206	43.255257	87	0.87	8
control	a	5	34.604206	43.255257	88	0.88	12
control	a	5	34.604206	43.255257	89	0.89	7
control	a	5	34.604206	43.255257	90	0.9	24
control	a	5	34.604206	43.255257	91	0.91	27
control	a	5	34.604206	43.255257	92	0.92	40
control	a	5	34.604206	43.255257	93	0.93	43
control	a	5	34.604206	43.255257	94	0.94	63
control	a	5	34.604206	43.255257	95	0.95	67
control	a	5	34.604206	43.255257	96	0.96	79
control	a	5	34.604206	43.255257	97	0.97	88
control	a	5	34.604206	43.255257	98	0.98	103
control	a	5	34.604206	43.255257	99	0.99	69
control	a	5	34.604206	43.255257	100	1.0	59
control	a	5	34.604206	43.255257	101	1.01	42
control	a	5	34.604206	43.255257	102	1.02	19
control	a	5	34.604206	43.255257	103	1.03	16
control	a	5	34.604206	43.255257	104	1.04	4
control	a	5	34.604206	43.255257	105	1.05	8
control	a	5	34.604206	43.255257	106	1.06	4
control	a	5	34.604206	43.255257	107	1.07	2
control	a	5	34.604206	43.255257	108	1.08	1
